Date,Close,Open,High,Low,Volume,Change_Pct
2015-01-02,1869.0,1856.75,1876.25,1835.0,2920.0,0.0066
2015-01-05,1841.5,1870.25,1878.5,1840.0,3380.0,-0.0147
2015-01-06,1842.75,1840.0,1863.0,1838.0,3340.0,0.0007000000000000001
2015-01-07,1842.5,1842.75,1850.25,1824.0,3220.0,-0.0001
2015-01-08,1852.0,1842.0,1873.25,1842.0,3580.0,0.0052
2015-01-09,1860.25,1850.0,1869.0,1832.75,3740.0,0.0045000000000000005
2015-01-12,1861.5,1860.0,1867.0,1837.0,3170.0,0.0007000000000000001
2015-01-13,1813.5,1860.0,1862.75,1813.25,3940.0,-0.0258
2015-01-14,1756.0,1810.0,1817.0,1741.75,5750.0,-0.0317
2015-01-15,1768.5,1756.0,1806.5,1756.0,4770.0,0.0070999999999999995
2015-01-16,1845.25,1768.5,1848.5,1765.0,4690.0,0.0434
2015-01-19,1850.5,1841.5,1867.0,1826.5,2260.0,0.0028000000000000004
2015-01-20,1900.0,1850.5,1907.5,1843.0,2770.0,0.026699999999999998
2015-01-21,1900.0,1899.0,1917.0,1863.5,2820.0,0.0
2015-01-22,1881.0,1908.0,1908.0,1872.0,2510.0,-0.01
2015-01-23,1835.0,1881.0,1883.0,1832.5,2540.0,-0.0245
2015-01-26,1870.0,1845.5,1870.5,1815.0,1650.0,0.0191
2015-01-27,1866.5,1866.0,1875.0,1843.0,2260.0,-0.0019
2015-01-28,1876.0,1863.0,1888.5,1858.0,1850.0,0.0051
2015-01-29,1855.5,1871.0,1875.0,1840.0,2210.0,-0.0109
2015-01-30,1858.5,1860.0,1873.5,1845.0,2240.0,0.0016
2015-02-02,1845.0,1858.5,1864.0,1840.0,2020.0,-0.0073
2015-02-03,1851.0,1846.0,1870.5,1846.0,2360.0,0.0033
2015-02-04,1862.0,1849.0,1867.0,1836.0,2490.0,0.0059
2015-02-05,1848.5,1855.0,1867.0,1838.5,2580.0,-0.0073
2015-02-06,1850.5,1842.0,1863.0,1842.0,2820.0,0.0011
2015-02-09,1850.5,1842.0,1869.0,1842.0,1810.0,0.0
2015-02-10,1831.5,1850.5,1855.0,1828.5,2200.0,-0.0103
2015-02-11,1799.0,1830.5,1845.0,1795.0,2590.0,-0.0177
2015-02-12,1833.0,1798.0,1837.0,1798.0,2050.0,0.0189
2015-02-13,1841.5,1828.0,1847.5,1827.0,1510.0,0.0046
2015-02-16,1834.0,1842.0,1847.5,1832.0,1490.0,-0.0040999999999999995
2015-02-17,1796.5,1831.0,1835.0,1790.0,1880.0,-0.0204
2015-02-18,1802.5,1791.0,1812.0,1785.5,2260.0,0.0033
2015-02-19,1798.0,1801.0,1808.0,1782.0,2270.0,-0.0025
2015-02-20,1762.0,1789.0,1801.0,1760.0,1940.0,-0.02
2015-02-23,1762.5,1760.0,1778.5,1760.0,1640.0,0.0003
2015-02-24,1770.0,1760.0,1787.5,1760.0,2160.0,0.0043
2015-02-25,1750.0,1770.0,1785.0,1745.0,1810.0,-0.0113
2015-02-26,1757.5,1745.0,1777.5,1745.0,2050.0,0.0043
2015-02-27,1727.0,1757.0,1764.0,1725.0,2280.0,-0.0174
2015-03-02,1744.5,1730.5,1750.0,1730.5,1940.0,0.0101
2015-03-03,1746.0,1744.5,1756.0,1732.0,1550.0,0.0009
2015-03-04,1771.0,1739.0,1777.0,1739.0,2420.0,0.0143
2015-03-05,1802.0,1771.0,1818.0,1770.0,2560.0,0.0175
2015-03-06,1811.0,1801.0,1818.0,1785.0,2280.0,0.005
2015-03-09,1830.0,1806.0,1840.5,1804.0,2150.0,0.0105
2015-03-10,1812.0,1830.5,1832.0,1801.0,2330.0,-0.0098
2015-03-11,1800.0,1806.0,1821.0,1795.5,2140.0,-0.0066
2015-03-12,1814.0,1797.0,1823.0,1796.0,2060.0,0.0078000000000000005
2015-03-13,1768.0,1811.0,1821.0,1762.0,2040.0,-0.0254
2015-03-16,1748.0,1765.0,1779.5,1745.5,2180.0,-0.0113
2015-03-17,1724.0,1749.5,1755.0,1722.5,2540.0,-0.0137
2015-03-18,1701.5,1726.0,1734.5,1676.0,2410.0,-0.0131
2015-03-19,1708.5,1701.5,1716.5,1686.0,2500.0,0.0040999999999999995
2015-03-20,1776.0,1701.5,1780.5,1697.5,2770.0,0.0395
2015-03-23,1836.5,1766.0,1839.0,1766.0,2620.0,0.0341
2015-03-24,1843.0,1840.5,1859.0,1823.0,2750.0,0.0034999999999999996
2015-03-25,1841.0,1840.0,1847.5,1824.0,1900.0,-0.0011
2015-03-26,1840.5,1840.0,1881.5,1836.0,2610.0,-0.0003
2015-03-27,1821.0,1836.0,1841.0,1816.0,2200.0,-0.0106
2015-03-30,1821.5,1814.0,1830.5,1814.0,1990.0,0.0003
2015-03-31,1818.5,1818.0,1823.0,1792.0,2450.0,-0.0016
2015-04-01,1852.0,1810.5,1857.5,1796.0,2530.0,0.0184
2015-04-02,1874.5,1852.0,1879.5,1850.0,1810.0,0.0121
2015-04-07,1899.0,1874.5,1911.0,1868.0,1870.0,0.0131
2015-04-08,1920.5,1901.0,1928.0,1892.0,2170.0,0.0113
2015-04-09,1963.5,1920.0,1967.5,1914.5,2700.0,0.022400000000000003
2015-04-10,1990.5,1963.5,2006.0,1956.5,2780.0,0.0138
2015-04-13,1973.0,1996.5,2010.5,1967.0,2890.0,-0.0088
2015-04-14,1987.0,1968.0,1987.0,1954.0,2000.0,0.0070999999999999995
2015-04-15,2000.5,1975.5,2004.5,1967.5,1850.0,0.0068000000000000005
2015-04-16,2043.0,2000.5,2048.0,1995.0,2730.0,0.0212
2015-04-17,2033.0,2037.0,2052.5,2022.5,2630.0,-0.0049
2015-04-20,2020.0,2040.0,2053.0,2015.0,2540.0,-0.0064
2015-04-21,2037.5,2015.0,2038.5,2005.5,2250.0,0.0087
2015-04-22,2046.0,2040.0,2066.0,2035.5,2500.0,0.0042
2015-04-23,2032.0,2046.0,2046.0,2013.0,2830.0,-0.0068000000000000005
2015-04-24,2070.0,2033.0,2083.5,2032.0,2480.0,0.0187
2015-04-27,2103.0,2065.0,2106.0,2065.0,2260.0,0.0159
2015-04-28,2082.5,2102.0,2106.0,2076.0,2530.0,-0.0097
2015-04-29,2096.0,2082.5,2098.0,2071.0,2040.0,0.006500000000000001
2015-04-30,2111.5,2095.0,2117.5,2075.0,3300.0,0.0074
2015-05-01,2119.0,2100.0,2152.5,2100.0,2370.0,0.0036
2015-05-05,2154.0,2115.0,2161.5,2102.0,2580.0,0.0165
2015-05-06,2084.0,2154.0,2162.0,2075.0,3080.0,-0.0325
2015-05-07,2075.0,2084.0,2091.0,2051.5,3070.0,-0.0043
2015-05-08,2046.0,2075.0,2097.0,2037.0,2710.0,-0.013999999999999999
2015-05-11,2012.5,2046.0,2061.5,2006.5,3000.0,-0.016399999999999998
2015-05-12,2055.5,2012.0,2063.0,1996.5,3160.0,0.021400000000000002
2015-05-13,2023.0,2055.5,2079.0,2015.0,3010.0,-0.0158
2015-05-14,1966.0,2017.0,2038.5,1965.0,3060.0,-0.0282
2015-05-15,1976.5,1967.0,1987.0,1965.5,2780.0,0.0053
2015-05-18,1964.0,1973.0,2000.0,1961.0,2290.0,-0.0063
2015-05-19,1943.0,1964.0,1972.5,1936.0,2680.0,-0.010700000000000001
2015-05-20,1933.0,1938.5,1946.0,1915.0,2640.0,-0.0051
2015-05-21,1976.5,1933.0,1983.0,1930.0,3500.0,0.0225
2015-05-22,1945.0,1976.5,1996.5,1945.0,2610.0,-0.0159
2015-05-26,1935.5,1945.0,1972.0,1925.0,2580.0,-0.0049
2015-05-27,1948.0,1937.5,1957.0,1930.0,2090.0,0.006500000000000001
2015-05-28,1990.0,1940.0,1994.0,1940.0,2780.0,0.0216
2015-05-29,1948.0,1990.0,2008.5,1933.0,2410.0,-0.021099999999999997
2015-06-01,1930.0,1940.0,1964.0,1922.5,2360.0,-0.0092
2015-06-02,1926.0,1925.0,1949.0,1915.5,2780.0,-0.0021
2015-06-03,1946.0,1926.0,1951.5,1914.0,2200.0,0.0104
2015-06-04,1927.5,1946.0,1949.0,1922.5,2440.0,-0.0095
2015-06-05,1907.5,1922.0,1937.0,1901.5,2860.0,-0.0104
2015-06-08,1912.0,1908.5,1935.0,1903.0,2740.0,0.0024
2015-06-09,1928.0,1912.0,1951.0,1905.5,2330.0,0.0084
2015-06-10,1923.5,1928.0,1964.5,1920.0,2560.0,-0.0023
2015-06-11,1866.5,1923.5,1931.5,1862.5,3070.0,-0.0296
2015-06-12,1860.5,1865.0,1870.0,1836.0,2530.0,-0.0032
2015-06-15,1815.0,1855.0,1861.0,1813.5,2720.0,-0.0245
2015-06-16,1798.5,1816.0,1830.0,1797.0,2490.0,-0.0091
2015-06-17,1808.0,1798.5,1816.0,1792.5,2400.0,0.0053
2015-06-18,1806.5,1808.0,1832.5,1800.0,2400.0,-0.0008
2015-06-19,1788.0,1800.0,1816.5,1785.0,2110.0,-0.0102
2015-06-22,1765.0,1785.0,1790.0,1761.5,1790.0,-0.0129
2015-06-23,1794.5,1765.0,1804.5,1765.0,2300.0,0.0167
2015-06-24,1790.0,1786.0,1812.0,1782.5,2170.0,-0.0025
2015-06-25,1794.5,1790.0,1805.5,1781.0,2290.0,0.0025
2015-06-26,1780.5,1794.5,1804.5,1772.5,1900.0,-0.0078000000000000005
2015-06-29,1784.5,1770.0,1785.5,1758.0,1840.0,0.0022
2015-06-30,1760.5,1784.5,1784.5,1746.0,2810.0,-0.0134
2015-07-01,1785.5,1753.0,1798.5,1753.0,2320.0,0.014199999999999999
2015-07-02,1782.0,1785.5,1801.5,1780.0,1940.0,-0.002
2015-07-03,1765.0,1780.0,1787.0,1762.0,1490.0,-0.0095
2015-07-06,1763.0,1762.0,1769.0,1730.0,2850.0,-0.0011
2015-07-07,1727.0,1763.0,1773.0,1703.5,3440.0,-0.0204
2015-07-08,1776.5,1727.0,1783.5,1684.0,5320.0,0.0287
2015-07-09,1814.0,1775.0,1830.0,1771.5,3990.0,0.021099999999999997
2015-07-10,1790.0,1812.5,1822.0,1783.5,3250.0,-0.0132
2015-07-13,1840.5,1790.0,1849.5,1774.0,3160.0,0.0282
2015-07-14,1846.0,1836.0,1851.5,1808.5,3260.0,0.003
2015-07-15,1863.0,1846.0,1880.0,1837.5,3720.0,0.0092
2015-07-16,1834.5,1863.0,1875.0,1830.5,3060.0,-0.015300000000000001
2015-07-17,1832.0,1831.5,1849.5,1826.0,2580.0,-0.0014000000000000002
2015-07-20,1812.5,1834.5,1837.0,1808.0,2290.0,-0.0106
2015-07-21,1785.0,1812.5,1825.5,1783.0,2100.0,-0.0152
2015-07-22,1767.0,1782.5,1787.5,1755.5,2460.0,-0.0101
2015-07-23,1731.0,1760.0,1785.0,1730.0,2410.0,-0.0204
2015-07-24,1716.0,1730.0,1734.0,1700.0,3450.0,-0.0087
2015-07-27,1701.0,1711.0,1723.5,1693.5,3040.0,-0.0087
2015-07-28,1730.5,1701.0,1740.0,1700.0,2650.0,0.0173
2015-07-29,1719.5,1731.0,1743.5,1715.5,2690.0,-0.0064
2015-07-30,1714.5,1719.5,1726.0,1701.0,2440.0,-0.0029
2015-07-31,1697.5,1712.5,1718.5,1694.5,2420.0,-0.009899999999999999
2015-08-03,1699.5,1691.0,1706.5,1671.5,3010.0,0.0012
2015-08-04,1735.0,1699.5,1737.5,1688.5,2990.0,0.0209
2015-08-05,1714.0,1735.0,1737.5,1710.5,2810.0,-0.0121
2015-08-06,1704.0,1714.0,1723.5,1696.5,2500.0,-0.0058
2015-08-07,1718.5,1703.5,1729.5,1685.5,2730.0,0.0085
2015-08-10,1755.0,1718.0,1765.5,1714.0,2820.0,0.0212
2015-08-11,1710.0,1755.0,1761.5,1708.0,3200.0,-0.0256
2015-08-12,1740.0,1710.0,1744.5,1680.0,3400.0,0.0175
2015-08-13,1737.0,1732.5,1759.0,1723.0,2870.0,-0.0017000000000000001
2015-08-14,1750.0,1727.0,1753.0,1727.0,2210.0,0.0075
2015-08-17,1720.0,1747.0,1753.5,1720.0,2120.0,-0.0171
2015-08-18,1684.5,1715.0,1733.5,1682.5,2500.0,-0.0206
2015-08-19,1697.0,1684.5,1711.5,1680.0,2910.0,0.0074
2015-08-20,1706.0,1692.0,1726.5,1692.0,2500.0,0.0053
2015-08-21,1703.0,1706.0,1712.0,1680.0,3090.0,-0.0018
2015-08-24,1658.0,1695.5,1700.5,1619.0,4280.0,-0.0264
2015-08-25,1672.5,1652.5,1693.5,1645.0,3830.0,0.0087
2015-08-26,1642.5,1669.0,1672.5,1628.0,3210.0,-0.0179
2015-08-27,1677.0,1635.5,1690.5,1634.5,3330.0,0.021
2015-08-28,1730.0,1676.5,1735.0,1671.0,3830.0,0.0316
2015-09-01,1723.0,1721.5,1740.5,1711.0,2940.0,-0.004
2015-09-02,1715.0,1716.0,1742.0,1712.0,3190.0,-0.0046
2015-09-03,1708.0,1717.0,1738.5,1706.5,2850.0,-0.0040999999999999995
2015-09-04,1663.0,1706.0,1713.5,1660.5,2380.0,-0.0263
2015-09-07,1672.0,1663.0,1683.0,1661.0,2240.0,0.0054
2015-09-08,1689.0,1662.5,1700.5,1655.0,3120.0,0.0102
2015-09-09,1711.0,1689.0,1731.0,1683.5,3550.0,0.013000000000000001
2015-09-10,1725.0,1698.0,1737.5,1698.0,3070.0,0.008199999999999999
2015-09-11,1704.0,1720.0,1736.5,1696.5,2630.0,-0.012199999999999999
2015-09-14,1668.5,1693.0,1702.0,1662.0,2640.0,-0.0208
2015-09-15,1697.0,1667.0,1698.0,1651.0,3400.0,0.0171
2015-09-16,1729.0,1697.0,1734.0,1682.5,3470.0,0.0189
2015-09-17,1715.0,1720.0,1733.0,1700.0,2730.0,-0.008100000000000001
2015-09-18,1681.0,1710.5,1730.0,1675.5,3900.0,-0.019799999999999998
2015-09-21,1700.5,1679.0,1707.0,1665.0,3820.0,0.0116
2015-09-22,1681.5,1702.0,1707.0,1668.0,3250.0,-0.011200000000000002
2015-09-23,1688.0,1671.5,1703.5,1663.5,2790.0,0.0039000000000000003
2015-09-24,1690.5,1688.0,1706.0,1675.5,3180.0,0.0015
2015-09-25,1666.0,1690.0,1696.0,1663.5,2290.0,-0.014499999999999999
2015-09-28,1663.0,1665.0,1675.5,1635.5,2820.0,-0.0018
2015-09-29,1661.0,1663.0,1672.5,1645.5,3060.0,-0.0012
2015-09-30,1671.0,1661.0,1679.0,1652.5,3390.0,0.006
2015-10-01,1641.5,1667.5,1694.0,1635.0,3550.0,-0.0177
2015-10-02,1654.5,1645.0,1655.5,1619.0,2009.9999999999998,0.0079
2015-10-05,1622.5,1650.5,1664.5,1619.0,2730.0,-0.019299999999999998
2015-10-06,1625.0,1622.5,1638.5,1608.0,2700.0,0.0015
2015-10-07,1674.0,1618.0,1684.0,1618.0,2850.0,0.0302
2015-10-08,1671.5,1674.0,1676.0,1657.5,2710.0,-0.0015
2015-10-09,1778.5,1680.0,1821.5,1680.0,5670.0,0.064
2015-10-12,1804.0,1777.0,1815.5,1775.0,3410.0,0.0143
2015-10-13,1775.0,1804.0,1804.0,1775.0,2970.0,-0.0161
2015-10-14,1795.0,1775.0,1801.5,1766.5,2370.0,0.0113
2015-10-15,1796.0,1795.0,1831.0,1793.0,2690.0,0.0006
2015-10-16,1803.0,1796.0,1813.0,1790.0,2330.0,0.0039000000000000003
2015-10-19,1789.0,1810.0,1810.5,1787.0,1980.0,-0.0078000000000000005
2015-10-20,1780.5,1781.0,1792.0,1775.0,2090.0,-0.0048
2015-10-21,1735.0,1770.5,1782.0,1727.0,2750.0,-0.0256
2015-10-22,1758.0,1739.0,1779.5,1729.5,2450.0,0.013300000000000001
2015-10-23,1755.0,1751.0,1791.0,1735.5,3640.0,-0.0017000000000000001
2015-10-26,1752.5,1754.0,1766.5,1744.0,2340.0,-0.0014000000000000002
2015-10-27,1749.0,1750.0,1763.0,1745.0,1930.0,-0.002
2015-10-28,1740.5,1749.0,1757.0,1730.0,2040.0,-0.0049
2015-10-29,1709.5,1736.0,1739.0,1709.0,2150.0,-0.0178
2015-10-30,1699.0,1711.0,1715.0,1690.0,2540.0,-0.0060999999999999995
2015-11-02,1694.5,1695.0,1711.0,1681.0,2470.0,-0.0026
2015-11-03,1693.0,1698.0,1705.0,1681.5,2130.0,-0.0009
2015-11-04,1676.0,1688.0,1705.5,1674.0,2280.0,-0.01
2015-11-05,1652.0,1680.0,1684.5,1651.0,2620.0,-0.0143
2015-11-06,1663.5,1652.5,1670.5,1640.0,2940.0,0.006999999999999999
2015-11-09,1649.5,1663.5,1669.5,1648.0,2490.0,-0.0084
2015-11-10,1633.0,1641.0,1649.0,1625.0,2670.0,-0.01
2015-11-11,1623.5,1633.0,1633.0,1583.5,2050.0,-0.0058
2015-11-12,1613.0,1615.5,1639.0,1601.0,2610.0,-0.006500000000000001
2015-11-13,1608.0,1611.0,1621.0,1602.0,1800.0,-0.0031
2015-11-16,1595.0,1607.5,1615.0,1590.0,2890.0,-0.008100000000000001
2015-11-17,1586.5,1594.0,1609.0,1573.0,3510.0,-0.0053
2015-11-18,1585.0,1581.0,1592.5,1571.0,3030.0,-0.0009
2015-11-19,1588.5,1585.0,1592.0,1565.5,3450.0,0.0022
2015-11-20,1586.5,1585.5,1636.0,1581.0,4620.0,-0.0013
2015-11-23,1563.5,1587.0,1587.5,1551.5,3490.0,-0.014499999999999999
2015-11-24,1604.0,1568.0,1614.5,1568.0,3780.0,0.0259
2015-11-25,1612.0,1601.5,1620.0,1596.0,2350.0,0.005
2015-11-26,1638.5,1611.5,1651.0,1611.5,3440.0,0.016399999999999998
2015-11-27,1615.5,1632.0,1646.0,1601.0,2980.0,-0.013999999999999999
2015-11-30,1643.0,1612.5,1646.5,1603.0,3250.0,0.017
2015-12-01,1656.0,1642.0,1660.0,1631.0,2750.0,0.0079
2015-12-02,1647.5,1651.0,1664.5,1641.0,3080.0,-0.0051
2015-12-03,1651.0,1647.5,1656.0,1631.5,3350.0,0.0021
2015-12-04,1681.0,1645.5,1688.5,1645.5,3280.0,0.0182
2015-12-07,1680.5,1682.5,1700.5,1675.0,2450.0,-0.0003
2015-12-08,1695.0,1673.0,1699.5,1663.0,2800.0,0.0086
2015-12-09,1701.0,1695.0,1720.0,1686.0,3040.0,0.0034999999999999996
2015-12-10,1705.0,1697.0,1711.5,1683.0,2340.0,0.0024
2015-12-11,1725.0,1702.0,1730.0,1702.0,2770.0,0.011699999999999999
2015-12-14,1727.0,1723.0,1739.0,1712.0,2620.0,0.0012
2015-12-15,1706.0,1725.0,1731.0,1696.0,2740.0,-0.012199999999999999
2015-12-16,1670.0,1690.0,1704.0,1661.0,2980.0,-0.021099999999999997
2015-12-17,1617.5,1665.0,1682.0,1613.5,3510.0,-0.031400000000000004
2015-12-18,1673.5,1620.0,1680.0,1619.0,3320.0,0.0346
2015-12-21,1724.0,1679.0,1727.5,1670.5,2640.0,0.0302
2015-12-22,1698.5,1720.0,1722.0,1688.5,2870.0,-0.0148
2015-12-23,1738.0,1688.0,1743.0,1688.0,2430.0,0.0233
2015-12-24,1743.0,1740.0,1751.5,1730.0,1500.0,0.0029
2015-12-29,1765.0,1732.0,1773.5,1716.0,2700.0,0.0126
2015-12-30,1788.0,1758.0,1790.0,1755.0,2430.0,0.013000000000000001
2015-12-31,1782.0,1783.0,1800.5,1777.5,2110.0,-0.0034000000000000002
2016-01-04,1742.5,1776.0,1781.0,1737.0,3360.0,-0.0222
2016-01-05,1717.0,1733.0,1765.0,1712.0,2950.0,-0.0146
2016-01-06,1682.0,1710.0,1716.0,1678.5,2600.0,-0.0204
2016-01-07,1645.0,1676.0,1686.0,1612.0,4100.0,-0.022000000000000002
2016-01-08,1623.0,1640.0,1662.0,1622.0,3060.0,-0.0134
2016-01-11,1597.5,1622.0,1628.5,1596.5,2570.0,-0.015700000000000002
2016-01-12,1604.0,1601.5,1616.5,1588.0,2550.0,0.0040999999999999995
2016-01-13,1620.5,1603.5,1630.0,1602.5,3100.0,0.0103
2016-01-14,1625.0,1618.0,1638.5,1611.0,3020.0,0.0028000000000000004
2016-01-15,1597.0,1620.5,1628.5,1590.5,2840.0,-0.0172
2016-01-18,1606.0,1593.5,1620.5,1593.5,2710.0,0.005600000000000001
2016-01-19,1624.0,1602.0,1637.5,1602.0,2700.0,0.011200000000000002
2016-01-20,1612.0,1623.0,1625.5,1605.5,2470.0,-0.0074
2016-01-21,1643.0,1612.0,1648.5,1601.0,2560.0,0.0192
2016-01-22,1635.0,1642.0,1659.0,1631.0,2600.0,-0.0049
2016-01-25,1621.0,1635.5,1640.0,1617.0,2410.0,-0.0086
2016-01-26,1646.0,1617.0,1655.5,1612.0,2040.0,0.0154
2016-01-27,1663.5,1642.5,1672.0,1641.0,3090.0,0.0106
2016-01-28,1667.0,1664.0,1684.5,1651.5,3430.0,0.0021
2016-01-29,1714.0,1662.0,1725.0,1662.0,3780.0,0.0282
2016-02-01,1737.0,1710.0,1743.0,1691.0,2790.0,0.0134
2016-02-02,1749.0,1734.0,1768.5,1727.0,3560.0,0.0069
2016-02-03,1792.5,1743.5,1798.0,1741.5,3020.0,0.024900000000000002
2016-02-04,1802.5,1793.5,1828.5,1791.5,3040.0,0.005600000000000001
2016-02-05,1762.5,1794.0,1800.0,1756.0,3480.0,-0.0222
2016-02-08,1825.0,1766.0,1827.0,1761.5,3010.0,0.0355
2016-02-09,1812.0,1820.5,1848.0,1769.0,4160.0,-0.0070999999999999995
2016-02-10,1802.0,1810.5,1846.0,1795.0,3920.0,-0.0055000000000000005
2016-02-11,1835.0,1796.5,1840.0,1788.5,4250.0,0.0183
2016-02-12,1843.5,1831.0,1851.0,1826.0,2640.0,0.0046
2016-02-15,1825.0,1850.0,1864.0,1819.0,2750.0,-0.01
2016-02-16,1794.0,1825.5,1842.0,1791.5,3240.0,-0.017
2016-02-17,1748.0,1793.5,1798.0,1720.5,4070.0000000000005,-0.0256
2016-02-18,1734.5,1745.0,1749.0,1708.0,3450.0,-0.0077
2016-02-19,1743.0,1735.0,1773.5,1720.0,3750.0,0.0049
2016-02-22,1723.5,1740.0,1772.0,1723.0,2840.0,-0.011200000000000002
2016-02-23,1706.0,1725.0,1725.5,1702.0,2940.0,-0.0102
2016-02-24,1712.5,1705.0,1713.0,1681.5,3420.0,0.0038
2016-02-25,1684.5,1707.5,1727.5,1678.0,2680.0,-0.016399999999999998
2016-02-26,1742.5,1681.5,1756.5,1681.5,3830.0,0.0344
2016-02-29,1758.0,1740.0,1771.5,1723.5,3300.0,0.0089
2016-03-01,1783.0,1752.0,1786.5,1737.0,2580.0,0.014199999999999999
2016-03-02,1813.5,1775.5,1817.0,1775.5,2670.0,0.0171
2016-03-03,1839.0,1811.0,1840.0,1801.5,2670.0,0.0141
2016-03-04,1865.5,1833.0,1883.0,1828.0,3490.0,0.0144
2016-03-07,1860.5,1858.0,1895.0,1837.0,3910.0,-0.0027
2016-03-08,1818.5,1852.0,1865.5,1812.5,3930.0,-0.0226
2016-03-09,1838.0,1812.0,1863.5,1802.5,3250.0,0.010700000000000001
2016-03-10,1823.5,1835.5,1855.0,1816.5,2890.0,-0.0079
2016-03-11,1842.0,1822.0,1864.0,1820.5,2440.0,0.0101
2016-03-14,1833.5,1836.5,1858.0,1830.0,2490.0,-0.0046
2016-03-15,1782.5,1828.5,1836.5,1781.5,2690.0,-0.0278
2016-03-16,1792.5,1782.0,1795.5,1767.5,2430.0,0.005600000000000001
2016-03-17,1826.0,1786.5,1832.0,1786.5,2870.0,0.0187
2016-03-18,1808.0,1822.0,1840.0,1803.0,2830.0,-0.009899999999999999
2016-03-21,1831.0,1800.5,1842.0,1799.0,2240.0,0.0127
2016-03-22,1815.0,1827.0,1843.5,1803.5,2420.0,-0.0087
2016-03-23,1780.0,1810.0,1824.5,1773.0,2130.0,-0.019299999999999998
2016-03-24,1770.0,1772.0,1780.5,1748.0,2130.0,-0.005600000000000001
2016-03-29,1745.0,1775.0,1786.5,1737.5,2840.0,-0.0141
2016-03-30,1727.0,1738.5,1753.0,1726.5,2160.0,-0.0103
2016-03-31,1712.5,1726.0,1729.0,1702.0,2670.0,-0.0084
2016-04-01,1749.5,1716.0,1752.5,1709.0,2620.0,0.0216
2016-04-04,1713.5,1742.0,1750.5,1702.0,2480.0,-0.0206
2016-04-05,1711.0,1710.0,1724.0,1695.0,2610.0,-0.0015
2016-04-06,1718.5,1700.5,1723.0,1690.0,2810.0,0.0044
2016-04-07,1705.0,1712.0,1725.0,1692.0,3340.0,-0.0079
2016-04-08,1703.5,1696.5,1706.5,1690.5,2480.0,-0.0009
2016-04-11,1691.5,1698.5,1718.0,1690.5,2320.0,-0.006999999999999999
2016-04-12,1719.0,1690.5,1725.0,1680.0,2750.0,0.0163
2016-04-13,1746.0,1719.5,1762.0,1717.5,3440.0,0.015700000000000002
2016-04-14,1721.5,1736.0,1757.0,1705.5,2580.0,-0.013999999999999999
2016-04-15,1710.5,1707.0,1730.0,1705.0,2520.0,-0.0064
2016-04-18,1712.0,1701.5,1734.5,1693.5,3840.0,0.0009
2016-04-19,1750.5,1710.5,1761.5,1705.0,2410.0,0.0225
2016-04-20,1770.5,1753.5,1782.5,1747.0,3900.0,0.011399999999999999
2016-04-21,1775.5,1768.5,1814.0,1759.0,5790.0,0.0028000000000000004
2016-04-22,1792.5,1766.5,1808.5,1765.0,3500.0,0.0096
2016-04-25,1741.5,1775.5,1792.0,1740.5,4220.0,-0.0285
2016-04-26,1749.5,1740.0,1754.0,1727.0,3120.0,0.0046
2016-04-27,1733.5,1741.0,1762.5,1728.5,3260.0,-0.0091
2016-04-28,1749.0,1735.0,1762.5,1729.5,2740.0,0.0089
2016-04-29,1797.0,1744.5,1807.0,1744.5,3320.0,0.0274
2016-05-03,1752.5,1792.5,1792.5,1751.0,4040.0,-0.0248
2016-05-04,1753.5,1755.0,1774.0,1740.0,3650.0,0.0006
2016-05-05,1728.0,1751.5,1757.5,1724.0,3520.0,-0.014499999999999999
2016-05-06,1742.0,1733.5,1751.5,1725.0,3090.0,0.008100000000000001
2016-05-09,1729.5,1743.5,1743.5,1724.0,3350.0,-0.0072
2016-05-10,1752.0,1731.0,1757.5,1726.5,3420.0,0.013000000000000001
2016-05-11,1770.0,1748.5,1786.0,1748.5,3200.0,0.0103
2016-05-12,1712.0,1762.5,1775.0,1710.0,3640.0,-0.032799999999999996
2016-05-13,1710.5,1711.0,1728.5,1705.0,2920.0,-0.0009
2016-05-16,1746.0,1705.0,1748.5,1691.0,2920.0,0.0208
2016-05-17,1716.0,1740.5,1754.5,1713.0,2850.0,-0.0172
2016-05-18,1701.5,1720.5,1720.5,1697.5,2840.0,-0.0084
2016-05-19,1685.0,1695.0,1705.0,1675.0,2980.0,-0.0097
2016-05-20,1666.0,1677.0,1700.0,1665.0,2940.0,-0.0113
2016-05-23,1647.5,1667.0,1676.5,1643.0,3410.0,-0.0111
2016-05-24,1647.5,1645.0,1659.0,1637.5,3190.0,0.0
2016-05-25,1634.0,1643.5,1656.0,1626.0,3080.0,-0.008199999999999999
2016-05-26,1675.5,1638.0,1678.0,1635.5,3030.0,0.0254
2016-05-27,1695.0,1665.5,1701.5,1665.5,2660.0,0.0116
2016-05-31,1692.5,1693.0,1705.5,1672.5,2920.0,-0.0015
2016-06-01,1708.0,1690.0,1711.0,1662.0,3340.0,0.0092
2016-06-02,1704.5,1700.5,1737.5,1700.0,3670.0,-0.002
2016-06-03,1721.0,1703.5,1738.5,1701.0,2960.0,0.0097
2016-06-06,1733.0,1710.5,1750.5,1710.5,2780.0,0.006999999999999999
2016-06-07,1694.5,1723.0,1737.5,1692.5,3190.0,-0.0222
2016-06-08,1734.0,1693.5,1760.0,1693.5,3610.0,0.0233
2016-06-09,1705.5,1725.5,1768.0,1699.0,3740.0,-0.016399999999999998
2016-06-10,1698.0,1703.5,1737.5,1695.0,3320.0,-0.0044
2016-06-13,1713.5,1697.0,1722.5,1691.5,3280.0,0.0091
2016-06-14,1684.5,1708.5,1715.0,1680.0,2840.0,-0.0169
2016-06-15,1697.0,1681.0,1712.5,1681.0,2970.0,0.0074
2016-06-16,1704.5,1694.5,1706.5,1680.0,3420.0,0.0044
2016-06-17,1698.5,1704.0,1727.0,1692.0,3030.0,-0.0034999999999999996
2016-06-20,1723.0,1703.0,1727.5,1701.5,2520.0,0.0144
2016-06-21,1716.0,1715.5,1734.5,1700.5,3160.0,-0.0040999999999999995
2016-06-22,1714.0,1710.0,1728.0,1708.0,2820.0,-0.0012
2016-06-23,1728.5,1716.5,1732.0,1706.5,2870.0,0.0085
2016-06-24,1708.5,1716.5,1717.5,1683.0,3980.0,-0.0116
2016-06-27,1696.0,1700.0,1716.0,1691.0,2600.0,-0.0073
2016-06-28,1731.0,1696.0,1742.5,1694.5,3240.0,0.0206
2016-06-29,1763.5,1728.0,1769.5,1718.0,3300.0,0.018799999999999997
2016-06-30,1781.5,1761.0,1795.0,1758.0,4280.0,0.0102
2016-07-01,1851.5,1784.0,1856.5,1781.0,3900.0,0.0393
2016-07-04,1840.0,1832.5,1882.0,1828.5,4090.0,-0.0062
2016-07-05,1827.0,1835.0,1844.0,1815.0,4310.0,-0.0070999999999999995
2016-07-06,1837.5,1821.5,1839.0,1785.0,3350.0,0.005699999999999999
2016-07-07,1813.0,1824.0,1847.0,1806.0,3220.0,-0.013300000000000001
2016-07-08,1809.0,1810.0,1833.5,1800.0,3260.0,-0.0022
2016-07-11,1815.0,1803.0,1832.5,1800.5,2570.0,0.0033
2016-07-12,1875.0,1810.0,1879.0,1810.0,2730.0,0.0331
2016-07-13,1875.0,1873.0,1892.5,1855.5,3340.0,0.0
2016-07-14,1898.75,1870.0,1899.0,1856.75,,0.0127
2016-07-15,1866.25,1894.5,1915.5,1862.0,,-0.0171
2016-07-18,1859.5,1867.5,1879.5,1835.5,,-0.0036
2016-07-19,1859.25,1860.5,1873.75,1854.5,,-0.0001
2016-07-20,1854.0,1861.5,1866.0,1821.0,,-0.0028000000000000004
2016-07-21,1860.75,1854.0,1888.5,1850.75,,0.0036
2016-07-22,1841.0,1861.0,1868.25,1838.5,,-0.0106
2016-07-25,1848.5,1844.25,1864.75,1836.5,,0.0040999999999999995
2016-07-26,1837.75,1847.25,1849.75,1831.0,,-0.0058
2016-07-27,1798.75,1833.5,1846.0,1791.5,,-0.0212
2016-07-28,1806.5,1798.25,1814.5,1796.5,,0.0043
2016-07-29,1826.75,1807.5,1829.5,1788.75,,0.011200000000000002
2016-08-01,1824.0,1825.75,1849.0,1821.25,,-0.0015
2016-08-02,1821.0,1822.25,1844.0,1816.5,,-0.0016
2016-08-03,1808.25,1820.75,1823.25,1797.75,,-0.006999999999999999
2016-08-04,1795.5,1811.25,1816.25,1785.25,,-0.0070999999999999995
2016-08-05,1785.5,1792.5,1806.5,1782.0,,-0.005600000000000001
2016-08-08,1795.0,1789.5,1804.5,1787.5,,0.0053
2016-08-09,1807.5,1794.25,1810.5,1782.75,,0.006999999999999999
2016-08-10,1819.5,1806.5,1851.0,1805.5,,0.0066
2016-08-11,1833.5,1823.25,1838.5,1817.5,,0.0077
2016-08-12,1836.5,1833.0,1846.25,1811.25,,0.0016
2016-08-15,1865.75,1834.75,1869.5,1819.5,,0.0159
2016-08-16,1874.25,1864.5,1883.75,1851.5,,0.0046
2016-08-17,1884.75,1872.25,1894.0,1859.0,,0.005600000000000001
2016-08-18,1893.0,1883.25,1907.0,1882.75,,0.0044
2016-08-19,1887.75,1895.25,1897.5,1876.0,,-0.0028000000000000004
2016-08-22,1853.0,1889.25,1890.0,1850.25,,-0.0184
2016-08-23,1866.25,1853.5,1871.25,1848.0,,0.0072
2016-08-24,1858.25,1867.0,1873.5,1852.25,,-0.0043
2016-08-25,1866.75,1854.5,1866.75,1843.0,,0.0046
2016-08-26,1878.5,1865.5,1889.5,1865.5,,0.0063
2016-08-30,1881.0,1874.25,1888.5,1861.25,,0.0013
2016-08-31,1903.75,1878.75,1904.75,1873.5,,0.0121
2016-09-01,1940.5,1896.75,1947.25,1895.5,,0.019299999999999998
2016-09-02,1944.0,1935.75,1955.75,1924.25,,0.0018
2016-09-05,1973.0,1942.25,1974.75,1938.75,,0.0149
2016-09-06,1942.75,1970.25,1972.75,1931.5,,-0.015300000000000001
2016-09-07,1919.25,1939.25,1959.0,1917.5,,-0.0121
2016-09-08,1922.0,1917.75,1926.5,1893.5,,0.0014000000000000002
2016-09-09,1895.75,1918.5,1920.25,1892.5,,-0.0137
2016-09-12,1882.75,1893.25,1894.75,1865.25,,-0.0069
2016-09-13,1892.25,1885.5,1914.25,1877.5,,0.005
2016-09-14,1950.25,1893.0,1964.25,1884.75,,0.030699999999999998
2016-09-15,1943.5,1955.0,1956.25,1930.75,,-0.0034999999999999996
2016-09-16,1933.25,1945.0,1955.5,1928.5,,-0.0053
2016-09-19,1955.5,1937.0,1957.5,1925.0,,0.0115
2016-09-20,1983.5,1952.0,1987.0,1950.75,,0.0143
2016-09-21,1932.25,1983.5,1983.5,1932.25,,-0.0258
2016-09-22,1948.0,1937.75,1964.5,1937.75,,0.008199999999999999
2016-09-23,1918.0,1950.25,1950.25,1914.0,,-0.0154
2016-09-26,1946.25,1922.0,1949.0,1905.5,,0.0147
2016-09-27,1958.0,1944.25,1975.25,1930.5,,0.006
2016-09-28,2003.25,1957.5,2007.75,1951.5,,0.0231
2016-09-29,2064.0,2004.0,2071.0,2001.5,,0.030299999999999997
2016-09-30,2131.25,2067.5,2156.75,2057.75,,0.0326
2016-10-03,2094.25,2121.25,2143.75,2060.75,,-0.0174
2016-10-04,2072.25,2094.25,2102.75,2060.75,,-0.0105
2016-10-05,2047.0,2069.5,2086.5,2045.75,,-0.012199999999999999
2016-10-06,2061.25,2044.75,2077.5,2036.25,,0.006999999999999999
2016-10-07,2083.75,2061.0,2105.75,2056.0,,0.0109
2016-10-10,2102.0,2083.0,2118.5,2074.0,,0.0088
2016-10-11,2053.25,2107.0,2107.0,2048.75,,-0.0232
2016-10-12,2028.25,2054.25,2067.5,2024.75,,-0.012199999999999999
2016-10-13,2001.5,2030.25,2033.0,1993.0,,-0.0132
2016-10-14,2007.0,1999.75,2018.25,1991.5,,0.0027
2016-10-17,1997.75,2007.25,2011.5,1977.0,,-0.0046
2016-10-18,1977.5,1996.25,2015.75,1975.75,,-0.0101
2016-10-19,2007.0,1977.5,2007.75,1967.75,,0.0149
2016-10-20,2021.25,2005.0,2021.5,1994.5,,0.0070999999999999995
2016-10-21,2003.5,2020.5,2029.25,1996.0,,-0.0088
2016-10-24,2030.75,2006.5,2033.75,1997.0,,0.013600000000000001
2016-10-25,2060.0,2029.5,2078.75,2028.5,,0.0144
2016-10-26,2067.5,2059.0,2071.75,2043.5,,0.0036
2016-10-27,2051.0,2065.75,2080.5,2041.75,,-0.008
2016-10-28,2069.75,2052.0,2069.75,2052.0,,0.0091
2016-10-31,2061.75,2066.5,2117.5,2025.75,,-0.0039000000000000003
2016-11-01,2066.25,2064.0,2083.5,2053.25,,0.0022
2016-11-02,2060.75,2071.75,2071.75,2044.25,,-0.0027
2016-11-03,2090.25,2060.5,2096.75,2057.25,,0.0143
2016-11-04,2097.0,2091.25,2106.5,2076.5,,0.0032
2016-11-07,2102.25,2098.25,2123.75,2075.25,,0.0025
2016-11-08,2133.0,2102.75,2136.75,2076.75,,0.0146
2016-11-09,2150.0,2130.0,2160.75,2076.25,,0.008
2016-11-10,2138.25,2143.0,2188.5,2134.5,,-0.0055000000000000005
2016-11-11,2133.5,2144.25,2226.5,2111.5,,-0.0022
2016-11-14,2204.75,2128.75,2206.25,2127.25,,0.0334
2016-11-15,2219.75,2202.25,2237.0,2164.25,,0.0068000000000000005
2016-11-16,2167.0,2220.0,2224.0,2161.75,,-0.023799999999999998
2016-11-17,2174.0,2165.75,2186.0,2131.75,,0.0032
2016-11-18,2141.0,2169.5,2192.5,2132.25,,-0.0152
2016-11-21,2180.0,2136.5,2190.5,2136.5,,0.0182
2016-11-22,2199.0,2175.5,2217.25,2175.5,,0.0087
2016-11-23,2235.5,2200.25,2242.25,2179.0,,0.0166
2016-11-24,2241.0,2235.25,2285.0,2233.0,,0.0025
2016-11-25,2431.5,2256.25,2444.0,2221.25,,0.085
2016-11-28,2440.0,2422.5,2571.75,2396.75,,0.0034999999999999996
2016-11-29,2354.5,2446.25,2498.25,2338.5,,-0.035
2016-11-30,2342.5,2357.75,2405.75,2303.25,,-0.0051
2016-12-01,2348.25,2367.0,2403.75,2312.5,,0.0025
2016-12-02,2268.5,2347.0,2347.0,2263.0,,-0.034
2016-12-05,2338.0,2273.25,2343.0,2257.5,,0.030600000000000002
2016-12-06,2364.75,2333.5,2368.5,2293.25,,0.011399999999999999
2016-12-07,2319.75,2357.5,2398.0,2300.5,,-0.019
2016-12-08,2298.25,2309.0,2349.25,2282.25,,-0.009300000000000001
2016-12-09,2322.0,2296.5,2328.0,2293.25,,0.0103
2016-12-12,2349.25,2326.75,2349.25,2305.5,,0.011699999999999999
2016-12-13,2342.5,2348.5,2393.5,2319.5,,-0.0029
2016-12-14,2357.25,2347.0,2365.5,2317.5,,0.0063
2016-12-15,2322.5,2340.5,2382.0,2296.5,,-0.0147
2016-12-16,2241.0,2325.0,2339.0,2239.0,,-0.0351
2016-12-19,2176.5,2247.0,2248.75,2132.75,,-0.0288
2016-12-20,2192.0,2179.25,2209.0,2140.5,,0.0070999999999999995
2016-12-21,2175.0,2195.25,2208.0,2160.75,,-0.0078000000000000005
2016-12-22,2134.5,2181.0,2181.0,2100.0,,-0.018600000000000002
2016-12-23,2063.75,2136.75,2143.75,2055.5,,-0.0331
2016-12-28,2021.25,2069.0,2081.25,2017.0,,-0.0206
2016-12-29,1991.25,2019.75,2045.25,1959.0,,-0.0148
2016-12-30,2008.75,1993.5,2031.25,1984.5,,0.0088
2017-01-03,2014.0,2010.25,2031.75,1986.0,,0.0026
2017-01-04,2079.5,2012.75,2086.25,1999.5,,0.0325
2017-01-05,2042.5,2076.0,2089.75,2041.0,,-0.0178
2017-01-06,2064.0,2046.75,2069.5,2033.0,,0.0105
2017-01-09,2108.0,2056.75,2118.25,2056.75,,0.0213
2017-01-10,2175.0,2111.75,2191.25,2105.75,,0.0318
2017-01-11,2140.75,2175.0,2223.75,2127.25,,-0.015700000000000002
2017-01-12,2215.75,2142.5,2218.5,2135.25,,0.035
2017-01-13,2294.75,2207.75,2303.25,2190.0,,0.035699999999999996
2017-01-16,2273.5,2295.5,2326.25,2260.75,,-0.009300000000000001
2017-01-17,2288.75,2276.0,2303.5,2226.25,,0.0067
2017-01-18,2299.75,2287.25,2313.0,2265.5,,0.0048
2017-01-19,2278.0,2295.25,2315.25,2271.0,,-0.0095
2017-01-20,2301.5,2285.5,2312.5,2242.75,,0.0103
2017-01-23,2328.0,2305.5,2358.25,2305.5,,0.0115
2017-01-24,2384.0,2332.25,2394.0,2325.0,,0.0241
2017-01-25,2382.0,2382.25,2399.5,2348.5,,-0.0008
2017-01-26,2306.0,2394.25,2398.0,2303.5,,-0.0319
2017-01-27,2273.25,2309.0,2330.75,2271.25,,-0.014199999999999999
2017-01-30,2348.75,2273.75,2365.0,2273.75,,0.0332
2017-01-31,2363.75,2354.0,2381.25,2334.25,,0.0064
2017-02-01,2339.5,2359.25,2379.75,2327.0,,-0.0103
2017-02-02,2340.75,2337.25,2351.0,2316.5,,0.0005
2017-02-03,2319.5,2332.75,2336.25,2281.25,,-0.0091
2017-02-06,2339.5,2319.25,2354.25,2297.25,,0.0086
2017-02-07,2336.75,2333.5,2355.75,2311.0,,-0.0012
2017-02-08,2390.25,2338.0,2402.5,2336.75,,0.0229
2017-02-09,2327.25,2391.75,2402.0,2325.5,,-0.0264
2017-02-10,2405.25,2333.0,2406.75,2333.0,,0.0335
2017-02-13,2417.75,2402.75,2458.5,2402.75,,0.0052
2017-02-14,2362.75,2423.25,2443.75,2348.5,,-0.0227
2017-02-15,2323.25,2367.25,2378.25,2320.5,,-0.0167
2017-02-16,2295.5,2326.0,2347.75,2271.25,,-0.011899999999999999
2017-02-17,2254.0,2291.25,2297.25,2250.75,,-0.0181
2017-02-20,2314.75,2261.25,2322.75,2257.5,,0.027000000000000003
2017-02-21,2266.75,2315.75,2324.0,2264.5,,-0.0207
2017-02-22,2278.75,2272.25,2298.0,2250.25,,0.0053
2017-02-23,2236.0,2279.5,2284.5,2225.5,,-0.018799999999999997
2017-02-24,2258.25,2233.75,2265.75,2233.75,,0.01
2017-02-27,2255.5,2266.75,2274.75,2236.75,,-0.0012
2017-02-28,2250.75,2257.75,2279.25,2242.25,,-0.0021
2017-03-01,2301.25,2253.75,2306.25,2246.0,,0.022400000000000003
2017-03-02,2258.25,2299.0,2310.25,2236.0,,-0.0187
2017-03-03,2248.0,2255.0,2268.5,2239.0,,-0.0045000000000000005
2017-03-06,2244.75,2244.5,2254.0,2199.75,,-0.0014000000000000002
2017-03-07,2234.5,2245.5,2249.25,2208.75,,-0.0046
2017-03-08,2243.75,2232.75,2252.75,2221.0,,0.0040999999999999995
2017-03-09,2252.0,2244.0,2255.75,2203.5,,0.0037
2017-03-10,2261.25,2248.75,2283.75,2231.0,,0.0040999999999999995
2017-03-13,2271.25,2269.5,2295.5,2268.5,,0.0044
2017-03-14,2230.5,2273.75,2284.0,2190.5,,-0.0179
2017-03-15,2260.25,2222.5,2265.5,2216.5,,0.013300000000000001
2017-03-16,2244.75,2259.5,2286.25,2237.0,,-0.0069
2017-03-17,2294.0,2243.75,2294.75,2241.75,,0.0219
2017-03-20,2267.75,2290.5,2312.5,2261.5,,-0.011399999999999999
2017-03-21,2269.75,2271.75,2299.75,2254.25,,0.0009
2017-03-22,2366.0,2268.5,2372.75,2252.25,,0.0424
2017-03-23,2365.5,2367.75,2391.75,2336.5,,-0.0002
2017-03-24,2353.0,2364.0,2373.0,2337.0,,-0.0053
2017-03-27,2296.0,2346.0,2348.5,2280.5,,-0.0242
2017-03-28,2326.5,2298.0,2339.5,2276.0,,0.013300000000000001
2017-03-29,2343.75,2327.25,2351.25,2306.5,,0.0074
2017-03-30,2328.0,2343.25,2356.5,2317.75,,-0.0067
2017-03-31,2331.5,2324.75,2347.0,2302.5,,0.0015
2017-04-03,2270.25,2336.0,2339.5,2269.0,,-0.0263
2017-04-04,2314.25,2283.25,2317.5,2272.5,,0.0194
2017-04-05,2314.0,2309.0,2340.25,2301.25,,-0.0001
2017-04-06,2301.75,2309.0,2339.25,2285.25,,-0.0053
2017-04-07,2256.0,2300.5,2318.5,2220.75,,-0.0199
2017-04-10,2252.75,2254.75,2272.0,2234.5,,-0.0014000000000000002
2017-04-11,2255.0,2253.75,2275.25,2217.75,,0.001
2017-04-12,2243.25,2252.25,2258.5,2228.25,,-0.0052
2017-04-13,2240.25,2243.25,2269.75,2235.25,,-0.0013
2017-04-18,2117.75,2247.5,2247.75,2098.5,,-0.0547
2017-04-19,2160.0,2118.5,2161.25,2114.75,,0.02
2017-04-20,2157.5,2157.0,2186.5,2129.25,,-0.0012
2017-04-21,2142.75,2157.25,2183.75,2115.5,,-0.0068000000000000005
2017-04-24,2158.0,2150.0,2168.5,2133.0,,0.0070999999999999995
2017-04-25,2168.5,2152.75,2187.25,2143.5,,0.0049
2017-04-26,2193.75,2167.5,2198.75,2156.25,,0.0116
2017-04-27,2211.5,2189.25,2217.0,2182.0,,0.008100000000000001
2017-04-28,2251.25,2209.0,2259.5,2205.75,,0.018000000000000002
2017-05-02,2242.75,2258.5,2276.0,2231.0,,-0.0038
2017-05-03,2192.25,2250.0,2250.0,2187.5,,-0.0225
2017-05-04,2194.5,2191.25,2201.0,2162.75,,0.001
2017-05-05,2179.25,2195.0,2195.5,2160.75,,-0.0069
2017-05-08,2166.75,2185.75,2185.75,2151.0,,-0.005699999999999999
2017-05-09,2169.25,2167.25,2190.75,2156.75,,0.0012
2017-05-10,2191.25,2171.75,2197.25,2153.5,,0.0101
2017-05-11,2177.25,2191.25,2218.75,2161.0,,-0.0064
2017-05-12,2124.5,2177.75,2183.25,2116.0,,-0.0242
2017-05-15,2131.75,2129.0,2146.0,2124.75,,0.0034000000000000002
2017-05-16,2091.0,2129.0,2131.75,2081.5,,-0.0191
2017-05-17,2115.5,2088.0,2123.25,2086.75,,0.011699999999999999
2017-05-18,2070.25,2113.0,2115.25,2043.5,,-0.021400000000000002
2017-05-19,2115.0,2073.0,2135.25,2067.75,,0.0216
2017-05-22,2100.25,2117.0,2129.0,2093.75,,-0.006999999999999999
2017-05-23,2096.25,2100.75,2127.75,2074.5,,-0.0019
2017-05-24,2083.75,2091.0,2098.75,2072.0,,-0.006
2017-05-25,2093.5,2079.0,2104.0,2070.25,,0.004699999999999999
2017-05-26,2122.25,2096.25,2130.5,2088.75,,0.0137
2017-05-30,2100.75,2127.25,2127.25,2089.25,,-0.0101
2017-05-31,2115.75,2102.0,2122.75,2073.0,,0.0070999999999999995
2017-06-01,2104.5,2122.25,2128.75,2096.75,,-0.0053
2017-06-02,2111.25,2103.25,2118.5,2079.5,,0.0032
2017-06-05,2106.0,2108.0,2121.25,2087.5,,-0.0025
2017-06-06,2070.5,2103.25,2114.5,2066.25,,-0.0169
2017-06-07,2063.25,2070.75,2090.25,2059.0,,-0.0034999999999999996
2017-06-08,2092.0,2062.75,2111.25,2060.25,,0.0139
2017-06-09,2104.75,2093.75,2133.25,2085.75,,0.0060999999999999995
2017-06-12,2056.25,2099.75,2108.5,2052.75,,-0.023
2017-06-13,2060.0,2057.5,2084.0,2055.5,,0.0018
2017-06-14,2073.5,2058.5,2085.5,2053.25,,0.0066
2017-06-15,2103.75,2075.0,2114.5,2071.5,,0.0146
2017-06-16,2113.75,2099.75,2123.25,2097.25,,0.0048
2017-06-19,2136.25,2110.5,2149.5,2109.75,,0.0106
2017-06-20,2127.5,2132.25,2147.0,2113.0,,-0.0040999999999999995
2017-06-21,2183.0,2127.0,2187.5,2117.75,,0.026099999999999998
2017-06-22,2204.5,2180.5,2209.0,2175.5,,0.0098
2017-06-23,2229.5,2202.75,2229.75,2186.25,,0.0113
2017-06-26,2249.0,2224.5,2257.25,2216.25,,0.0087
2017-06-27,2284.75,2251.75,2293.5,2240.5,,0.0159
2017-06-28,2301.5,2284.5,2303.5,2271.25,,0.0073
2017-06-29,2306.75,2301.75,2322.75,2296.25,,0.0023
2017-06-30,2294.0,2306.25,2315.25,2277.0,,-0.0055000000000000005
2017-07-03,2332.5,2289.0,2336.5,2285.75,,0.0168
2017-07-04,2286.75,2334.75,2335.25,2285.75,,-0.0196
2017-07-05,2276.5,2285.5,2302.0,2242.5,,-0.0045000000000000005
2017-07-06,2285.25,2273.5,2296.5,2256.5,,0.0038
2017-07-07,2299.5,2285.0,2307.25,2273.0,,0.0062
2017-07-10,2315.5,2294.25,2319.5,2272.25,,0.006999999999999999
2017-07-11,2308.25,2315.75,2341.0,2303.75,,-0.0031
2017-07-12,2316.25,2309.0,2345.75,2307.0,,0.0034999999999999996
2017-07-13,2290.5,2316.5,2330.5,2285.25,,-0.0111
2017-07-14,2317.0,2295.5,2319.0,2266.5,,0.0116
2017-07-17,2297.25,2316.75,2332.75,2289.75,,-0.0085
2017-07-18,2271.25,2301.25,2308.25,2264.5,,-0.0113
2017-07-19,2211.5,2273.75,2276.0,2209.5,,-0.0263
2017-07-20,2216.5,2211.25,2234.25,2203.5,,0.0023
2017-07-21,2244.75,2215.5,2254.25,2214.75,,0.0127
2017-07-24,2257.75,2242.25,2265.25,2238.25,,0.0058
2017-07-25,2322.75,2252.75,2323.75,2252.75,,0.0288
2017-07-26,2308.75,2316.5,2347.5,2304.25,,-0.006
2017-07-27,2303.25,2311.75,2334.0,2298.0,,-0.0024
2017-07-28,2327.25,2307.0,2327.75,2289.25,,0.0104
2017-07-31,2330.5,2321.0,2346.0,2320.0,,0.0014000000000000002
2017-08-01,2337.25,2327.0,2339.75,2301.5,,0.0029
2017-08-02,2361.25,2334.0,2364.0,2321.5,,0.0103
2017-08-03,2364.25,2353.5,2386.5,2344.25,,0.0013
2017-08-04,2358.0,2361.75,2374.75,2348.75,,-0.0026
2017-08-07,2368.25,2364.25,2389.75,2345.0,,0.0043
2017-08-08,2389.5,2369.25,2395.0,2342.5,,0.009000000000000001
2017-08-09,2358.75,2386.5,2421.5,2348.0,,-0.0129
2017-08-10,2362.75,2358.25,2394.5,2353.75,,0.0017000000000000001
2017-08-11,2334.0,2363.25,2368.5,2327.0,,-0.012199999999999999
2017-08-14,2343.25,2338.25,2349.0,2329.25,,0.004
2017-08-15,2377.25,2344.5,2388.75,2342.5,,0.014499999999999999
2017-08-16,2512.25,2381.5,2517.5,2374.0,,0.056799999999999996
2017-08-17,2406.0,2515.5,2535.5,2400.5,,-0.042300000000000004
2017-08-18,2358.75,2397.75,2453.0,2356.5,,-0.0196
2017-08-21,2345.0,2360.0,2397.5,2344.0,,-0.0058
2017-08-22,2422.25,2355.0,2422.75,2321.0,,0.0329
2017-08-23,2386.25,2415.75,2421.25,2377.25,,-0.0149
2017-08-24,2360.0,2384.75,2407.0,2346.5,,-0.011000000000000001
2017-08-25,2326.0,2368.0,2377.75,2320.25,,-0.0144
2017-08-29,2386.75,2345.25,2408.25,2338.5,,0.026099999999999998
2017-08-30,2379.0,2385.25,2408.5,2364.75,,-0.0032
2017-08-31,2400.5,2380.75,2402.25,2371.25,,0.009000000000000001
2017-09-01,2401.75,2398.5,2414.0,2381.25,,0.0005
2017-09-04,2392.25,2408.0,2419.0,2384.25,,-0.004
2017-09-05,2331.0,2393.25,2407.0,2323.75,,-0.0256
2017-09-06,2351.25,2337.25,2365.75,2315.25,,0.0087
2017-09-07,2346.5,2351.0,2364.75,2317.25,,-0.002
2017-09-08,2265.25,2344.0,2358.5,2258.25,,-0.0346
2017-09-11,2279.0,2272.0,2297.5,2257.5,,0.0060999999999999995
2017-09-12,2310.75,2279.5,2320.0,2257.0,,0.0139
2017-09-13,2297.25,2308.5,2325.25,2275.0,,-0.0058
2017-09-14,2324.0,2294.5,2326.25,2271.5,,0.0116
2017-09-15,2365.75,2324.75,2367.75,2310.25,,0.018000000000000002
2017-09-18,2396.25,2364.25,2408.0,2364.25,,0.0129
2017-09-19,2424.5,2391.5,2452.25,2379.0,,0.0118
2017-09-20,2464.25,2422.25,2472.75,2422.25,,0.016399999999999998
2017-09-21,2463.0,2442.25,2510.25,2423.75,,-0.0005
2017-09-22,2488.75,2458.5,2489.75,2374.0,,0.0105
2017-09-25,2485.5,2473.0,2511.0,2465.5,,-0.0013
2017-09-26,2485.0,2487.75,2512.0,2460.5,,-0.0002
2017-09-27,2465.75,2474.5,2487.5,2447.75,,-0.0077
2017-09-28,2484.75,2463.25,2489.5,2446.0,,0.0077
2017-09-29,2489.25,2485.75,2514.25,2467.5,,0.0018
2017-10-02,2526.0,2488.75,2547.75,2485.5,,0.0148
2017-10-03,2598.0,2532.75,2598.75,2487.0,,0.0285
2017-10-04,2548.25,2597.25,2623.75,2544.0,,-0.0191
2017-10-05,2591.0,2537.0,2594.0,2531.0,,0.0168
2017-10-06,2535.5,2587.75,2589.25,2507.0,,-0.021400000000000002
2017-10-09,2517.5,2540.0,2540.0,2487.25,,-0.0070999999999999995
2017-10-10,2558.5,2516.5,2559.25,2482.75,,0.0163
2017-10-11,2559.0,2559.25,2563.5,2506.5,,0.0002
2017-10-12,2566.0,2560.75,2584.75,2538.75,,0.0027
2017-10-13,2536.0,2558.5,2564.75,2528.25,,-0.011699999999999999
2017-10-16,2546.0,2542.5,2583.5,2529.25,,0.0039000000000000003
2017-10-17,2496.75,2543.0,2549.25,2490.75,,-0.019299999999999998
2017-10-18,2513.0,2499.25,2529.0,2465.5,,0.006500000000000001
2017-10-19,2477.5,2515.5,2516.5,2469.25,,-0.0141
2017-10-20,2468.25,2484.0,2533.5,2459.5,,-0.0037
2017-10-23,2503.5,2464.5,2504.75,2463.0,,0.0143
2017-10-24,2475.75,2496.25,2517.25,2463.5,,-0.0111
2017-10-25,2486.5,2473.0,2495.75,2454.5,,0.0043
2017-10-26,2480.25,2487.25,2505.75,2466.75,,-0.0025
2017-10-27,2428.5,2484.5,2486.75,2421.75,,-0.0209
2017-10-30,2412.0,2432.25,2447.0,2396.75,,-0.0068000000000000005
2017-10-31,2422.0,2415.0,2438.5,2402.25,,0.0040999999999999995
2017-11-01,2479.5,2428.5,2483.5,2428.5,,0.023700000000000002
2017-11-02,2446.75,2482.0,2488.25,2442.25,,-0.0132
2017-11-03,2468.5,2454.25,2483.5,2444.25,,0.0089
2017-11-06,2506.5,2471.5,2514.25,2464.0,,0.0154
2017-11-07,2495.0,2505.0,2507.25,2478.75,,-0.0046
2017-11-08,2511.0,2494.75,2528.75,2478.25,,0.0064
2017-11-09,2518.0,2511.5,2520.75,2486.5,,0.0028000000000000004
2017-11-10,2516.5,2513.0,2558.5,2513.0,,-0.0006
2017-11-13,2522.0,2516.0,2534.5,2479.75,,0.0022
2017-11-14,2474.25,2518.0,2519.25,2462.25,,-0.0189
2017-11-15,2426.75,2469.25,2470.0,2417.25,,-0.0192
2017-11-16,2403.75,2430.5,2439.5,2401.75,,-0.0095
2017-11-17,2444.25,2402.0,2446.5,2400.5,,0.0168
2017-11-20,2458.0,2445.75,2465.25,2426.25,,0.005600000000000001
2017-11-21,2477.5,2455.75,2482.25,2448.0,,0.0079
2017-11-22,2463.25,2476.25,2486.25,2444.5,,-0.0058
2017-11-23,2458.25,2454.5,2467.25,2425.25,,-0.002
2017-11-24,2486.75,2459.5,2497.5,2452.75,,0.0116
2017-11-27,2464.25,2487.0,2489.0,2445.75,,-0.009000000000000001
2017-11-28,2428.75,2465.25,2465.25,2425.5,,-0.0144
2017-11-29,2438.75,2428.0,2447.25,2420.75,,0.0040999999999999995
2017-11-30,2472.25,2439.0,2488.75,2428.25,,0.0137
2017-12-01,2541.75,2472.25,2549.25,2458.25,,0.0281
2017-12-04,2499.5,2542.0,2559.75,2498.75,,-0.0166
2017-12-05,2495.0,2512.0,2525.25,2456.5,,-0.0018
2017-12-06,2512.5,2493.75,2516.25,2458.75,,0.006999999999999999
2017-12-07,2441.5,2504.0,2517.75,2435.5,,-0.028300000000000002
2017-12-08,2453.75,2439.75,2467.25,2413.5,,0.005
2017-12-11,2493.5,2449.0,2499.0,2443.5,,0.016200000000000003
2017-12-12,2517.25,2495.75,2520.5,2486.0,,0.0095
2017-12-13,2522.5,2514.5,2524.25,2503.75,,0.0021
2017-12-14,2488.5,2521.25,2524.25,2479.0,,-0.013500000000000002
2017-12-15,2522.5,2488.75,2534.5,2485.25,,0.0137
2017-12-18,2556.5,2521.75,2566.75,2517.5,,0.013500000000000002
2017-12-19,2557.0,2555.5,2560.25,2537.5,,0.0002
2017-12-20,2524.25,2552.75,2571.0,2512.5,,-0.0128
2017-12-21,2502.0,2523.25,2523.25,2479.5,,-0.0088
2017-12-22,2483.0,2504.0,2512.0,2476.75,,-0.0076
2017-12-27,2526.0,2487.5,2543.0,2484.5,,0.0173
2017-12-28,2530.5,2524.0,2554.75,2507.75,,0.0018
2017-12-29,2496.0,2529.25,2538.75,2486.75,,-0.013600000000000001
2018-01-02,2558.25,2507.5,2565.5,2489.0,,0.024900000000000002
2018-01-03,2576.25,2555.75,2578.5,2546.5,,0.006999999999999999
2018-01-04,2572.25,2573.5,2593.25,2547.75,,-0.0016
2018-01-05,2553.25,2572.5,2588.5,2538.5,,-0.0074
2018-01-08,2603.5,2551.5,2605.25,2550.25,,0.0197
2018-01-09,2550.0,2600.25,2607.25,2544.0,,-0.020499999999999997
2018-01-10,2552.0,2551.25,2579.75,2541.75,,0.0008
2018-01-11,2550.25,2552.5,2574.5,2541.75,,-0.0007000000000000001
2018-01-12,2540.0,2551.75,2563.25,2516.75,,-0.004
2018-01-15,2581.5,2536.5,2586.5,2536.5,,0.0163
2018-01-16,2561.75,2579.0,2579.25,2530.75,,-0.0077
2018-01-17,2559.75,2561.75,2569.0,2531.75,,-0.0008
2018-01-18,2604.0,2554.75,2613.5,2550.5,,0.0173
2018-01-19,2586.75,2605.75,2630.75,2571.25,,-0.0066
2018-01-22,2613.5,2586.5,2623.5,2577.25,,0.0103
2018-01-23,2603.25,2611.0,2632.75,2596.0,,-0.0039000000000000003
2018-01-24,2634.75,2609.25,2648.5,2594.25,,0.0121
2018-01-25,2584.0,2635.0,2654.0,2581.25,,-0.019299999999999998
2018-01-26,2605.5,2588.25,2623.25,2588.25,,0.0083
2018-01-29,2597.0,2610.0,2649.5,2585.5,,-0.0033
2018-01-30,2601.0,2598.25,2624.25,2582.25,,0.0015
2018-01-31,2616.0,2598.5,2635.75,2590.0,,0.0058
2018-02-01,2663.25,2617.75,2668.25,2617.5,,0.0181
2018-02-02,2669.0,2666.75,2684.75,2626.5,,0.0022
2018-02-05,2637.25,2668.0,2673.5,2635.75,,-0.011899999999999999
2018-02-06,2602.75,2623.0,2636.0,2589.0,,-0.0131
2018-02-07,2522.75,2606.25,2611.25,2501.75,,-0.030699999999999998
2018-02-08,2528.5,2521.5,2536.75,2480.5,,0.0023
2018-02-09,2537.25,2516.0,2539.75,2488.75,,0.0034999999999999996
2018-02-12,2516.75,2538.0,2547.5,2498.25,,-0.008100000000000001
2018-02-13,2549.5,2519.5,2564.5,2503.25,,0.013000000000000001
2018-02-14,2583.5,2557.0,2592.5,2536.75,,0.013300000000000001
2018-02-15,2612.75,2587.25,2620.75,2569.0,,0.0113
2018-02-16,2605.25,2614.0,2638.5,2602.0,,-0.0029
2018-02-19,2586.25,2606.0,2615.75,2571.5,,-0.0073
2018-02-20,2588.5,2581.25,2603.25,2556.0,,0.0009
2018-02-21,2563.0,2586.0,2592.25,2546.75,,-0.009899999999999999
2018-02-22,2552.5,2561.75,2562.75,2515.5,,-0.0040999999999999995
2018-02-23,2537.5,2547.5,2558.5,2515.75,,-0.0059
2018-02-26,2578.0,2543.5,2595.75,2542.25,,0.016
2018-02-27,2571.0,2581.75,2586.75,2557.5,,-0.0027
2018-02-28,2502.25,2567.25,2567.25,2501.25,,-0.026699999999999998
2018-03-01,2447.5,2501.5,2506.5,2443.5,,-0.0219
2018-03-02,2454.25,2457.0,2468.0,2423.0,,0.0028000000000000004
2018-03-05,2432.5,2457.0,2463.5,2410.5,,-0.0089
2018-03-06,2432.0,2427.0,2444.25,2409.75,,-0.0002
2018-03-07,2374.5,2427.75,2442.25,2366.0,,-0.0236
2018-03-08,2347.75,2379.25,2398.75,2335.0,,-0.0113
2018-03-09,2386.5,2354.25,2389.25,2329.0,,0.0165
2018-03-12,2333.5,2384.5,2387.75,2311.75,,-0.0222
2018-03-13,2397.0,2338.25,2399.75,2334.5,,0.027200000000000002
2018-03-14,2391.25,2393.5,2447.75,2385.5,,-0.0024
2018-03-15,2401.25,2391.0,2415.25,2374.5,,0.0042
2018-03-16,2380.5,2398.0,2431.0,2371.5,,-0.0086
2018-03-19,2363.0,2371.75,2393.5,2356.75,,-0.0074
2018-03-20,2351.5,2367.5,2370.0,2320.75,,-0.0049
2018-03-21,2402.75,2350.5,2414.0,2349.5,,0.0218
2018-03-22,2360.5,2405.5,2419.75,2353.5,,-0.0176
2018-03-23,2351.0,2354.75,2358.75,2331.75,,-0.004
2018-03-26,2384.75,2354.5,2391.25,2334.5,,0.0144
2018-03-27,2405.0,2382.25,2408.75,2378.25,,0.0085
2018-03-28,2416.5,2404.0,2424.5,2372.5,,0.0048
2018-03-29,2396.75,2417.5,2424.0,2375.5,,-0.008199999999999999
2018-04-03,2397.75,2397.5,2419.75,2379.0,,0.0004
2018-04-04,2369.25,2399.0,2404.5,2356.0,,-0.011899999999999999
2018-04-05,2384.5,2372.0,2397.25,2360.25,,0.0064
2018-04-06,2385.0,2392.25,2397.75,2349.5,,0.0002
2018-04-09,2383.0,2383.5,2396.25,2371.25,,-0.0008
2018-04-10,2389.0,2385.0,2402.75,2373.75,,0.0025
2018-04-11,2393.75,2389.0,2407.75,2370.75,,0.002
2018-04-12,2335.75,2387.0,2397.0,2316.75,,-0.0242
2018-04-13,2302.75,2330.75,2365.75,2290.75,,-0.0141
2018-04-16,2354.0,2301.25,2380.75,2289.25,,0.0223
2018-04-17,2357.25,2359.75,2364.75,2326.75,,0.0014000000000000002
2018-04-18,2368.5,2347.0,2413.0,2329.0,,0.0048
2018-04-19,2346.0,2359.0,2398.25,2327.75,,-0.0095
2018-04-20,2336.0,2341.0,2384.5,2324.0,,-0.0043
2018-04-23,2318.25,2350.5,2357.75,2317.75,,-0.0076
2018-04-24,2307.5,2333.0,2359.25,2305.25,,-0.0046
2018-04-25,2308.25,2313.75,2339.5,2276.0,,0.0003
2018-04-26,2340.25,2306.0,2344.25,2294.5,,0.0139
2018-04-27,2347.0,2333.0,2349.5,2320.5,,0.0029
2018-04-30,2312.75,2345.5,2364.25,2312.5,,-0.0146
2018-05-01,2304.0,2318.0,2333.75,2289.0,,-0.0038
2018-05-02,2277.5,2298.5,2338.75,2245.0,,-0.0115
2018-05-03,2272.25,2272.0,2291.75,2252.5,,-0.0023
2018-05-04,2314.5,2276.0,2323.5,2260.0,,0.018600000000000002
2018-05-08,2294.0,2320.5,2335.5,2287.0,,-0.0089
2018-05-09,2294.0,2296.0,2316.25,2282.0,,0.0
2018-05-10,2301.25,2292.5,2334.25,2287.5,,0.0032
2018-05-11,2348.5,2307.5,2358.25,2302.0,,0.020499999999999997
2018-05-14,2386.75,2347.0,2401.25,2347.0,,0.0163
2018-05-15,2356.25,2385.5,2392.75,2346.25,,-0.0128
2018-05-16,2347.0,2347.25,2372.75,2328.0,,-0.0039000000000000003
2018-05-17,2365.25,2339.5,2372.75,2327.5,,0.0078000000000000005
2018-05-18,2335.75,2365.75,2373.25,2332.5,,-0.0125
2018-05-21,2417.0,2336.25,2417.75,2333.5,,0.0348
2018-05-22,2466.75,2402.75,2477.75,2402.75,,0.0206
2018-05-23,2470.0,2462.5,2476.0,2446.0,,0.0013
2018-05-24,2491.75,2463.75,2514.5,2463.75,,0.0088
2018-05-25,2435.5,2494.5,2507.0,2426.5,,-0.0226
2018-05-29,2431.5,2444.0,2466.75,2424.5,,-0.0016
2018-05-30,2448.25,2434.0,2449.25,2416.5,,0.0069
2018-05-31,2460.5,2442.75,2465.75,2440.5,,0.005
2018-06-01,2464.25,2455.5,2464.75,2428.75,,0.0015
2018-06-04,2500.75,2457.5,2509.25,2431.5,,0.0148
2018-06-05,2505.0,2500.25,2533.5,2485.75,,0.0017000000000000001
2018-06-06,2531.0,2508.25,2533.5,2499.25,,0.0104
2018-06-07,2494.0,2530.5,2554.75,2493.25,,-0.0146
2018-06-08,2471.75,2512.5,2512.5,2464.75,,-0.0089
2018-06-11,2484.0,2475.75,2504.75,2473.25,,0.005
2018-06-12,2467.75,2478.0,2501.75,2466.5,,-0.006500000000000001
2018-06-13,2483.75,2473.75,2508.5,2464.25,,0.006500000000000001
2018-06-14,2459.5,2488.25,2489.5,2449.25,,-0.0098
2018-06-15,2404.0,2463.5,2463.5,2401.5,,-0.0226
2018-06-18,2439.0,2402.5,2444.0,2392.75,,0.0146
2018-06-19,2416.75,2438.0,2447.75,2401.25,,-0.0091
2018-06-20,2411.25,2413.5,2428.0,2397.75,,-0.0023
2018-06-21,2393.25,2411.0,2422.25,2366.5,,-0.0075
2018-06-22,2415.75,2387.0,2423.25,2368.25,,0.009399999999999999
2018-06-25,2409.5,2415.5,2427.0,2394.5,,-0.0026
2018-06-26,2415.25,2410.0,2434.0,2398.25,,0.0024
2018-06-27,2432.25,2406.25,2449.0,2406.25,,0.006999999999999999
2018-06-28,2402.5,2430.0,2436.0,2391.5,,-0.012199999999999999
2018-06-29,2410.5,2402.0,2443.5,2398.5,,0.0033
2018-07-02,2388.25,2411.5,2421.0,2380.75,,-0.0092
2018-07-03,2388.0,2389.0,2409.25,2382.5,,-0.0001
2018-07-04,2333.75,2387.5,2393.0,2307.75,,-0.0227
2018-07-05,2365.25,2327.5,2375.25,2316.75,,0.013500000000000002
2018-07-06,2348.0,2365.0,2367.5,2314.5,,-0.0073
2018-07-09,2331.75,2334.5,2370.75,2329.5,,-0.0069
2018-07-10,2319.25,2335.0,2349.5,2273.0,,-0.0054
2018-07-11,2204.5,2314.75,2315.0,2187.0,,-0.0495
2018-07-12,2211.75,2192.0,2225.75,2139.75,,0.0033
2018-07-13,2212.25,2210.0,2217.75,2176.25,,0.0002
2018-07-16,2168.0,2202.0,2213.75,2165.5,,-0.02
2018-07-17,2177.25,2169.0,2195.5,2163.5,,0.0043
2018-07-18,2171.75,2175.5,2183.75,2132.25,,-0.0025
2018-07-19,2133.25,2170.25,2183.75,2095.5,,-0.0177
2018-07-20,2138.0,2121.5,2149.75,2115.5,,0.0022
2018-07-23,2130.25,2132.0,2173.5,2123.0,,-0.0036
2018-07-24,2151.5,2130.5,2181.5,2124.0,,0.01
2018-07-25,2154.75,2154.0,2177.5,2126.5,,0.0015
2018-07-26,2163.5,2157.0,2184.75,2146.0,,0.0040999999999999995
2018-07-27,2134.5,2159.0,2170.75,2132.25,,-0.0134
2018-07-30,2157.0,2145.0,2162.5,2114.75,,0.0105
2018-07-31,2162.0,2143.0,2196.75,2143.0,,0.0023
2018-08-01,2126.5,2161.5,2161.5,2112.0,,-0.016399999999999998
2018-08-02,2129.0,2127.5,2157.75,2113.25,,0.0012
2018-08-03,2112.25,2123.5,2147.0,2096.25,,-0.0079
2018-08-06,2117.0,2119.5,2126.25,2074.25,,0.0022
2018-08-07,2142.0,2132.5,2151.75,2118.25,,0.0118
2018-08-08,2138.0,2134.0,2156.75,2127.0,,-0.0019
2018-08-09,2107.25,2134.5,2167.5,2102.0,,-0.0144
2018-08-10,2099.0,2108.75,2122.75,2089.0,,-0.0039000000000000003
2018-08-13,2104.0,2095.25,2120.75,2077.25,,0.0024
2018-08-14,2073.0,2104.0,2124.75,2069.5,,-0.0147
2018-08-15,1951.0,2072.5,2082.0,1921.5,,-0.058899999999999994
2018-08-16,2007.0,1942.5,2059.0,1942.5,,0.0287
2018-08-17,2001.5,2007.5,2021.25,1986.5,,-0.0027
2018-08-20,1979.75,2019.5,2027.75,1975.5,,-0.0109
2018-08-21,2014.25,1982.5,2021.5,1978.0,,0.0174
2018-08-22,2015.0,2009.5,2023.25,1990.5,,0.0004
2018-08-23,2059.75,2008.0,2071.25,2004.5,,0.0222
2018-08-24,2078.75,2057.75,2104.0,2057.5,,0.0092
2018-08-28,2076.75,2085.0,2103.0,2072.75,,-0.001
2018-08-29,2084.0,2077.25,2094.0,2066.0,,0.0034999999999999996
2018-08-30,2072.75,2080.5,2108.25,2051.75,,-0.0054
2018-08-31,2088.25,2068.5,2107.25,2057.25,,0.0075
2018-09-03,2128.0,2083.0,2130.75,2074.5,,0.019
2018-09-04,2068.5,2117.25,2130.5,2066.25,,-0.027999999999999997
2018-09-05,2048.0,2070.25,2096.5,2043.75,,-0.009899999999999999
2018-09-06,2043.5,2050.25,2078.25,2025.75,,-0.0022
2018-09-07,2059.75,2045.5,2083.5,2029.0,,0.008
2018-09-10,2021.0,2052.5,2092.75,2016.25,,-0.018799999999999997
2018-09-11,1973.5,2017.5,2033.5,1957.75,,-0.0235
2018-09-12,2037.25,1972.0,2039.25,1971.5,,0.0323
2018-09-13,2039.5,2042.25,2075.0,2029.0,,0.0011
2018-09-14,2036.75,2040.5,2069.5,2023.75,,-0.0013
2018-09-17,2067.0,2026.0,2069.75,2014.5,,0.0149
2018-09-18,2065.0,2053.0,2073.0,2037.25,,-0.001
2018-09-19,2023.75,2068.0,2077.5,2011.25,,-0.02
2018-09-20,2010.75,2021.25,2051.75,1994.75,,-0.0064
2018-09-21,2041.0,2013.5,2054.25,2000.5,,0.015
2018-09-24,2027.0,2046.5,2069.25,2024.5,,-0.0069
2018-09-25,2013.0,2028.5,2041.25,2006.25,,-0.0069
2018-09-26,1994.25,2005.5,2028.5,1981.0,,-0.009300000000000001
2018-09-27,2002.75,1993.75,2007.0,1973.0,,0.0043
2018-09-28,2032.0,2001.0,2062.0,2001.0,,0.0146
2018-10-01,2024.75,2040.75,2060.5,2015.5,,-0.0036
2018-10-02,2046.0,2026.75,2067.75,2001.5,,0.0105
2018-10-03,2035.0,2050.25,2067.5,2010.5,,-0.0054
2018-10-04,1997.0,2035.75,2056.0,1987.25,,-0.0187
2018-10-05,1989.0,1997.5,2004.5,1977.75,,-0.004
2018-10-08,1972.25,1978.25,1999.5,1970.5,,-0.0084
2018-10-09,1939.0,1976.75,2013.75,1928.5,,-0.0169
2018-10-10,1911.5,1935.75,1948.75,1904.0,,-0.014199999999999999
2018-10-11,1997.25,1917.5,2005.25,1876.5,,0.0449
2018-10-12,2048.0,1990.5,2075.5,1979.5,,0.0254
2018-10-15,2079.75,2046.0,2115.75,2032.5,,0.0155
2018-10-16,2064.25,2080.0,2106.5,2052.75,,-0.0075
2018-10-17,2036.75,2060.25,2070.75,2016.25,,-0.013300000000000001
2018-10-18,1996.0,2037.5,2042.0,1992.5,,-0.02
2018-10-19,1996.25,2001.0,2003.5,1970.5,,0.0001
2018-10-22,1999.75,1995.5,2027.75,1985.5,,0.0018
2018-10-23,2004.5,2000.0,2016.25,1993.25,,0.0024
2018-10-24,2008.75,2010.25,2026.5,1994.75,,0.0021
2018-10-25,2000.25,2008.25,2022.5,1995.5,,-0.0042
2018-10-26,1995.75,2002.75,2008.0,1983.5,,-0.0022
2018-10-29,1961.75,1993.0,1997.5,1957.0,,-0.017
2018-10-30,1945.75,1959.0,1969.5,1918.5,,-0.008199999999999999
2018-10-31,1915.75,1936.0,1940.5,1891.25,,-0.0154
2018-11-01,1959.0,1915.5,1962.75,1914.25,,0.0226
2018-11-02,2005.25,1961.5,2025.5,1950.75,,0.0236
2018-11-05,1938.75,2005.25,2005.25,1929.75,,-0.0332
2018-11-06,1912.75,1939.25,1950.0,1906.75,,-0.0134
2018-11-07,1932.0,1912.0,1945.0,1908.5,,0.0101
2018-11-08,1998.5,1932.5,2008.25,1922.5,,0.0344
2018-11-09,1965.75,1998.0,1998.0,1958.25,,-0.016399999999999998
2018-11-12,1921.5,1967.0,1974.5,1921.0,,-0.0225
2018-11-13,1943.25,1924.25,1955.75,1910.75,,0.0113
2018-11-14,1948.75,1949.5,1958.25,1928.5,,0.0028000000000000004
2018-11-15,1945.75,1954.0,1973.5,1926.0,,-0.0015
2018-11-16,2002.0,1936.0,2014.5,1936.0,,0.028900000000000002
2018-11-19,1988.25,2002.0,2021.5,1980.75,,-0.0069
2018-11-20,1960.0,1991.5,2008.25,1958.75,,-0.014199999999999999
2018-11-21,2007.0,1961.0,2013.25,1958.0,,0.024
2018-11-22,1992.5,2007.5,2008.0,1981.5,,-0.0072
2018-11-23,1962.25,1995.25,2001.25,1946.75,,-0.0152
2018-11-26,1947.75,1956.5,1967.75,1925.5,,-0.0074
2018-11-27,1899.75,1952.75,1952.75,1897.75,,-0.0246
2018-11-28,1937.75,1904.0,1943.25,1903.75,,0.02
2018-11-29,1933.25,1934.5,1968.75,1923.25,,-0.0023
2018-11-30,1954.5,1935.0,1981.5,1927.25,,0.011000000000000001
2018-12-03,1962.25,1982.0,2008.75,1954.75,,0.004
2018-12-04,1996.0,1961.5,2007.5,1961.5,,0.0172
2018-12-05,1989.75,1997.75,2006.75,1984.0,,-0.0031
2018-12-06,1993.0,1990.0,1994.75,1959.0,,0.0016
2018-12-07,1994.25,1990.25,1997.5,1976.0,,0.0006
2018-12-10,1954.5,1995.0,1997.0,1950.5,,-0.0199
2018-12-11,1977.75,1952.0,1987.25,1952.0,,0.011899999999999999
2018-12-12,1967.5,1979.5,1989.75,1961.25,,-0.0052
2018-12-13,1948.25,1970.0,1985.0,1947.5,,-0.0098
2018-12-14,1954.75,1949.5,1955.25,1928.75,,0.0033
2018-12-17,1929.5,1951.25,1959.5,1923.0,,-0.0129
2018-12-18,1957.0,1933.75,1973.0,1922.0,,0.0143
2018-12-19,1957.25,1959.0,1972.75,1938.0,,0.0001
2018-12-20,1974.25,1946.0,1982.25,1942.75,,0.0087
2018-12-21,1962.5,1969.5,1977.5,1937.25,,-0.006
2018-12-24,1990.75,1967.25,1992.5,1958.25,,0.0144
2018-12-27,2037.0,1982.25,2044.75,1975.25,,0.0232
2018-12-28,2044.75,2035.25,2059.0,2016.5,,0.0038
2018-12-31,2032.5,2054.5,2057.0,2028.25,,-0.006
2019-01-02,1959.0,2020.0,2038.75,1942.75,,-0.0362
2019-01-03,1941.25,1958.75,1973.0,1932.75,,-0.0091
2019-01-04,1957.5,1940.25,1969.5,1933.5,,0.0084
2019-01-07,1949.25,1959.25,1964.25,1942.25,,-0.0042
2019-01-08,1966.25,1951.5,1967.75,1941.5,,0.0087
2019-01-09,1964.5,1966.5,2001.5,1956.5,,-0.0009
2019-01-10,1976.5,1961.0,1983.5,1954.5,,0.0060999999999999995
2019-01-11,1994.75,1977.25,2001.5,1967.75,,0.0092
2019-01-14,1979.0,1997.75,1997.75,1965.0,,-0.0079
2019-01-15,1966.25,1979.5,1993.25,1959.75,,-0.0064
2019-01-16,1969.75,1972.0,1988.75,1965.25,,0.0018
2019-01-17,1971.25,1972.0,1975.75,1955.0,,0.0008
2019-01-18,1996.0,1971.0,2007.5,1966.75,,0.0126
2019-01-21,2006.25,2005.5,2017.25,1993.0,,0.0051
2019-01-22,2009.0,2009.5,2024.25,1997.75,,0.0014000000000000002
2019-01-23,2031.0,2008.5,2038.25,2008.25,,0.011000000000000001
2019-01-24,2072.75,2028.5,2074.25,2017.0,,0.0206
2019-01-25,2105.75,2072.5,2108.75,2058.0,,0.0159
2019-01-28,2079.0,2106.5,2128.5,2075.25,,-0.0127
2019-01-29,2077.0,2080.5,2095.25,2072.0,,-0.001
2019-01-30,2085.25,2081.75,2094.75,2075.25,,0.004
2019-01-31,2110.25,2087.0,2116.5,2084.75,,0.012
2019-02-01,2123.0,2109.75,2127.5,2100.75,,0.006
2019-02-04,2128.75,2124.0,2134.5,2110.75,,0.0027
2019-02-05,2101.0,2116.75,2136.25,2098.5,,-0.013000000000000001
2019-02-06,2082.0,2102.5,2111.0,2078.0,,-0.009000000000000001
2019-02-07,2078.75,2080.25,2090.5,2075.75,,-0.0016
2019-02-08,2087.5,2078.0,2094.75,2072.5,,0.0042
2019-02-11,2048.0,2085.5,2085.75,2045.25,,-0.0189
2019-02-12,2047.25,2048.0,2058.25,2028.5,,-0.0004
2019-02-13,2025.0,2045.75,2048.5,2011.0,,-0.0109
2019-02-14,2037.5,2020.75,2043.0,2014.25,,0.0062
2019-02-15,2076.75,2037.5,2084.25,2027.0,,0.019299999999999998
2019-02-18,2031.25,2078.25,2080.0,2025.75,,-0.0219
2019-02-19,2020.5,2035.0,2041.75,2016.5,,-0.0053
2019-02-20,2047.5,2023.0,2049.75,2013.75,,0.0134
2019-02-21,2069.75,2041.5,2069.75,2030.5,,0.0109
2019-02-22,2063.5,2062.75,2080.5,2057.0,,-0.003
2019-02-25,2080.0,2067.0,2088.75,2067.0,,0.008
2019-02-26,2092.5,2077.75,2095.25,2067.5,,0.006
2019-02-27,2130.75,2090.0,2142.5,2082.25,,0.0183
2019-02-28,2139.75,2132.5,2178.75,2123.5,,0.0042
2019-03-01,2137.5,2139.5,2169.5,2135.5,,-0.0011
2019-03-04,2106.5,2139.25,2152.75,2105.75,,-0.014499999999999999
2019-03-05,2104.0,2103.0,2119.5,2084.5,,-0.0012
2019-03-06,2104.75,2103.0,2107.5,2087.5,,0.0004
2019-03-07,2103.5,2099.0,2115.75,2094.0,,-0.0006
2019-03-08,2089.75,2106.0,2106.0,2082.75,,-0.006500000000000001
2019-03-11,2082.0,2087.0,2123.25,2061.25,,-0.0037
2019-03-12,2088.25,2080.5,2101.0,2078.5,,0.003
2019-03-13,2125.25,2088.5,2130.5,2087.0,,0.0177
2019-03-14,2108.0,2125.0,2125.75,2103.75,,-0.008100000000000001
2019-03-15,2064.25,2112.0,2129.5,2062.75,,-0.0208
2019-03-18,2033.5,2066.25,2070.75,2024.75,,-0.0149
2019-03-19,2035.0,2031.0,2048.0,2027.5,,0.0007000000000000001
2019-03-20,2048.0,2034.5,2051.0,2027.75,,0.0064
2019-03-21,2048.75,2042.0,2073.5,2038.5,,0.0004
2019-03-22,2037.5,2050.0,2057.5,2026.5,,-0.0055000000000000005
2019-03-25,2013.75,2031.5,2034.25,2011.25,,-0.011699999999999999
2019-03-26,1996.75,2019.0,2022.75,1987.5,,-0.0084
2019-03-27,2020.25,2002.25,2020.75,1986.0,,0.0118
2019-03-28,2014.0,2015.25,2025.5,2011.5,,-0.0031
2019-03-29,2015.75,2016.5,2042.0,2013.5,,0.0009
2019-04-01,2012.25,2020.5,2038.0,2012.0,,-0.0017000000000000001
2019-04-02,1990.25,2019.5,2019.75,1983.75,,-0.0109
2019-04-03,2012.25,1987.0,2017.25,1987.0,,0.0111
2019-04-04,1999.5,2014.75,2019.5,1990.0,,-0.0063
2019-04-05,1986.25,1998.25,2004.5,1983.0,,-0.0066
2019-04-08,1990.75,1984.0,2003.0,1982.5,,0.0023
2019-04-09,1983.0,1995.0,2014.75,1978.25,,-0.0039000000000000003
2019-04-10,1951.5,1981.0,1984.75,1950.25,,-0.0159
2019-04-11,1922.25,1952.75,1957.75,1918.25,,-0.015
2019-04-12,1931.5,1926.5,1937.25,1908.5,,0.0048
2019-04-15,1948.5,1932.5,1957.25,1926.0,,0.0088
2019-04-16,1925.5,1953.25,1962.75,1917.25,,-0.0118
2019-04-17,1938.25,1924.5,1957.75,1924.5,,0.0066
2019-04-18,1942.25,1936.5,1947.0,1925.25,,0.0021
2019-04-23,1926.0,1938.5,1951.0,1916.75,,-0.0084
2019-04-24,1924.0,1924.0,1938.5,1921.25,,-0.001
2019-04-25,1930.25,1922.5,1937.25,1908.5,,0.0032
2019-04-26,1950.5,1929.75,1957.0,1929.0,,0.0105
2019-04-29,1965.75,1946.25,1967.0,1944.0,,0.0078000000000000005
2019-04-30,1927.25,1966.0,1967.25,1922.0,,-0.0196
2019-05-01,1859.0,1925.75,1930.75,1847.25,,-0.0354
2019-05-02,1879.25,1855.25,1882.75,1852.5,,0.0109
2019-05-03,1888.0,1881.0,1903.25,1876.0,,0.004699999999999999
2019-05-07,1869.0,1890.5,1895.0,1856.0,,-0.0101
2019-05-08,1881.5,1873.0,1886.25,1864.75,,0.0067
2019-05-09,1844.0,1877.5,1880.5,1830.5,,-0.0199
2019-05-10,1819.0,1848.25,1855.25,1818.5,,-0.013600000000000001
2019-05-13,1789.0,1831.0,1831.0,1773.5,,-0.0165
2019-05-14,1812.5,1790.75,1815.25,1775.5,,0.0131
2019-05-15,1816.75,1865.0,1865.0,1796.0,,0.0023
2019-05-16,1832.0,1816.25,1849.0,1812.25,,0.0084
2019-05-17,1821.5,1835.5,1835.5,1815.0,,-0.005699999999999999
2019-05-20,1801.5,1827.5,1829.5,1799.5,,-0.011000000000000001
2019-05-21,1808.75,1806.5,1823.25,1800.25,,0.004
2019-05-22,1807.5,1803.75,1811.25,1798.5,,-0.0007000000000000001
2019-05-23,1814.0,1804.5,1817.25,1783.75,,0.0036
2019-05-24,1828.0,1815.25,1837.25,1811.0,,0.0077
2019-05-28,1813.0,1826.5,1827.25,1806.0,,-0.008199999999999999
2019-05-29,1824.75,1815.0,1829.0,1796.75,,0.006500000000000001
2019-05-30,1799.25,1824.0,1826.25,1797.0,,-0.013999999999999999
2019-05-31,1804.0,1798.5,1811.75,1792.25,,0.0026
2019-06-03,1812.5,1807.5,1816.75,1794.0,,0.004699999999999999
2019-06-04,1844.5,1812.5,1853.25,1803.0,,0.0177
2019-06-05,1855.5,1849.25,1882.0,1840.75,,0.006
2019-06-06,1885.5,1859.75,1918.0,1856.5,,0.016200000000000003
2019-06-07,1839.5,1882.25,1895.25,1821.5,,-0.024399999999999998
2019-06-10,1881.5,1841.5,1888.5,1835.75,,0.022799999999999997
2019-06-11,1909.25,1883.0,1917.5,1880.25,,0.0147
2019-06-12,1891.25,1905.75,1911.75,1882.25,,-0.009399999999999999
2019-06-13,1892.5,1890.25,1905.75,1874.25,,0.0007000000000000001
2019-06-14,1873.25,1892.25,1896.25,1863.75,,-0.0102
2019-06-17,1883.5,1869.75,1889.5,1867.25,,0.0055000000000000005
2019-06-18,1916.75,1887.0,1922.5,1877.0,,0.0177
2019-06-19,1901.0,1916.5,1932.5,1880.25,,-0.008199999999999999
2019-06-20,1904.75,1898.5,1921.75,1893.75,,0.002
2019-06-21,1907.25,1907.0,1911.5,1884.75,,0.0013
2019-06-24,1913.0,1902.0,1914.25,1888.75,,0.003
2019-06-25,1934.0,1911.0,1941.75,1901.5,,0.011000000000000001
2019-06-26,1923.25,1935.0,1940.25,1918.75,,-0.005600000000000001
2019-06-27,1939.0,1926.0,1941.25,1921.5,,0.008199999999999999
2019-06-28,1933.25,1940.5,1944.0,1925.5,,-0.003
2019-07-01,1915.25,1936.0,1940.75,1892.75,,-0.009300000000000001
2019-07-02,1887.25,1915.25,1919.75,1883.5,,-0.0146
2019-07-03,1879.25,1889.5,1900.0,1876.0,,-0.0042
2019-07-04,1879.5,1881.5,1894.75,1871.5,,0.0001
2019-07-05,1878.25,1883.25,1885.75,1861.75,,-0.0007000000000000001
2019-07-08,1892.25,1881.75,1903.25,1874.5,,0.0075
2019-07-09,1937.75,1890.0,1937.75,1882.0,,0.024
2019-07-10,1959.0,1926.25,1964.5,1924.25,,0.011000000000000001
2019-07-11,1965.5,1955.0,1986.25,1941.5,,0.0033
2019-07-12,1978.75,1965.5,1982.0,1958.5,,0.0067
2019-07-15,1980.75,1978.0,1981.5,1972.5,,0.001
2019-07-16,1980.0,1975.5,1994.75,1974.5,,-0.0004
2019-07-17,2006.25,1982.0,2009.25,1979.5,,0.013300000000000001
2019-07-18,2038.25,2005.5,2048.25,2004.5,,0.016
2019-07-19,2044.5,2042.0,2088.0,2033.5,,0.0031
2019-07-22,2007.0,2043.0,2043.5,1999.0,,-0.0183
2019-07-23,2036.5,2007.5,2045.75,1999.75,,0.0147
2019-07-24,2075.25,2032.75,2084.25,2031.75,,0.019
2019-07-25,2097.75,2076.5,2115.5,2072.5,,0.0108
2019-07-26,2072.25,2100.25,2111.75,2062.25,,-0.012199999999999999
2019-07-29,2054.5,2068.25,2072.0,2026.75,,-0.0086
2019-07-30,1999.75,2056.0,2065.0,1993.75,,-0.026600000000000002
2019-07-31,2015.0,2000.0,2017.5,1981.75,,0.0076
2019-08-01,1981.75,2013.75,2013.75,1978.25,,-0.0165
2019-08-02,1952.25,1985.0,1985.0,1943.75,,-0.0149
2019-08-05,1960.5,1955.25,1962.5,1932.5,,0.0042
2019-08-06,1992.0,1956.25,2018.0,1956.25,,0.0161
2019-08-07,2018.75,1997.5,2019.75,1975.75,,0.0134
2019-08-08,2074.75,2016.75,2074.75,2016.75,,0.0277
2019-08-09,2062.5,2065.75,2081.5,2054.25,,-0.0059
2019-08-12,2054.75,2073.5,2099.75,2052.0,,-0.0038
2019-08-13,2069.25,2055.0,2082.5,2027.0,,0.0070999999999999995
2019-08-14,2050.0,2076.5,2076.5,2029.25,,-0.009300000000000001
2019-08-15,2058.5,2047.5,2066.0,2037.5,,0.0040999999999999995
2019-08-16,2035.0,2061.5,2062.25,2032.75,,-0.011399999999999999
2019-08-19,2056.0,2038.0,2059.25,2023.0,,0.0103
2019-08-20,2061.0,2056.5,2065.0,2045.25,,0.0024
2019-08-21,2077.5,2059.75,2093.75,2048.5,,0.008
2019-08-22,2065.25,2080.0,2084.5,2058.75,,-0.0059
2019-08-23,2063.5,2064.0,2089.75,2059.25,,-0.0008
2019-08-27,2094.5,2066.25,2101.0,2061.25,,0.015
2019-08-28,2065.0,2094.5,2097.0,2062.75,,-0.0141
2019-08-29,2053.5,2064.0,2075.0,2038.5,,-0.005600000000000001
2019-08-30,2028.25,2055.75,2059.25,2020.5,,-0.0123
2019-09-02,2024.75,2027.75,2033.5,2008.75,,-0.0017000000000000001
2019-09-03,1996.75,2026.0,2037.75,1986.25,,-0.0138
2019-09-04,2049.75,1994.5,2056.25,1993.25,,0.0265
2019-09-05,2053.5,2054.25,2078.25,2049.25,,0.0018
2019-09-06,2080.0,2059.25,2082.5,2025.25,,0.0129
2019-09-09,2097.25,2078.0,2097.25,2067.75,,0.0083
2019-09-10,2091.0,2095.0,2109.75,2081.25,,-0.003
2019-09-11,2085.0,2094.0,2109.5,2076.0,,-0.0029
2019-09-12,2086.75,2081.75,2097.5,2073.5,,0.0008
2019-09-13,2109.75,2085.0,2117.75,2084.75,,0.011000000000000001
2019-09-16,2096.0,2111.5,2120.75,2092.5,,-0.006500000000000001
2019-09-17,2057.25,2098.5,2103.25,2055.5,,-0.018500000000000003
2019-09-18,2081.75,2056.5,2082.0,2052.25,,0.011899999999999999
2019-09-19,2092.5,2077.75,2098.5,2068.75,,0.0052
2019-09-20,2114.5,2093.25,2124.5,2086.25,,0.0105
2019-09-23,2086.0,2100.0,2101.0,2085.0,64790.00000000001,-0.013500000000000002
2019-09-24,2057.0,2070.0,2070.0,2057.0,76740.0,-0.0139
2019-09-25,2107.0,2073.0,2108.0,2073.0,56770.0,0.024300000000000002
2019-09-26,2093.0,2121.0,2121.0,2093.0,52890.0,-0.0066
2019-09-27,2069.0,2088.0,2088.0,2069.0,42790.0,-0.0115
2019-09-30,2135.0,2098.0,2135.0,2095.0,67380.0,0.0319
2019-10-01,2096.0,2130.0,2130.0,2096.0,98220.0,-0.0183
2019-10-02,2100.0,2095.0,2110.0,2090.0,66660.0,0.0019
2019-10-03,2129.0,2108.0,2130.0,2106.0,46370.0,0.0138
2019-10-04,2160.0,2149.0,2160.0,2143.0,54880.0,0.0146
2019-10-07,2189.0,2181.0,2189.0,2181.0,98470.0,0.0134
2019-10-08,2145.0,2185.0,2185.0,2135.0,107660.0,-0.020099999999999996
2019-10-09,2130.0,2132.0,2132.0,2126.0,87380.0,-0.006999999999999999
2019-10-10,2159.0,2167.0,2167.0,2159.0,118340.0,0.013600000000000001
2019-10-11,2182.0,2187.0,2194.0,2180.0,97970.0,0.010700000000000001
2019-10-14,2131.0,2140.0,2140.0,2131.0,53400.0,-0.023399999999999997
2019-10-15,2148.5,2150.0,2150.0,2130.0,58860.0,0.008199999999999999
2019-10-16,2160.0,2159.0,2169.0,2159.0,68330.0,0.0054
2019-10-17,2189.0,2180.0,2189.0,2176.0,57750.0,0.0134
2019-10-18,2181.0,2200.0,2203.0,2181.0,44550.0,-0.0037
2019-10-21,2211.0,2185.0,2211.0,2185.0,39950.0,0.0138
2019-10-22,2218.0,2225.0,2225.0,2212.0,51160.0,0.0032
2019-10-23,2224.0,2218.0,2224.0,2210.0,39140.0,0.0027
2019-10-24,2226.0,2229.0,2229.0,2223.5,50520.0,0.0009
2019-10-25,2224.0,2234.0,2238.0,2223.0,53050.0,-0.0009
2019-10-28,2236.0,2215.0,2236.0,2207.5,44370.0,0.0054
2019-10-29,2265.0,2245.0,2265.0,2241.0,45140.0,0.013000000000000001
2019-10-30,2208.0,2235.0,2235.0,2208.0,53750.0,-0.0252
2019-10-31,2158.0,2192.0,2192.0,2158.0,52630.0,-0.0226
2019-11-01,2163.0,2165.0,2165.0,2163.0,41210.0,0.0023
2019-11-04,2162.0,2168.0,2168.0,2162.0,51880.0,-0.0005
2019-11-05,2151.0,2168.0,2168.0,2151.0,47220.0,-0.0051
2019-11-06,2118.0,2132.0,2132.0,2115.0,64800.0,-0.015300000000000001
2019-11-07,2113.0,2106.0,2113.0,2099.0,64379.99999999999,-0.0024
2019-11-08,2107.0,2092.0,2107.0,2090.0,52770.0,-0.0028000000000000004
2019-11-11,2090.0,2109.0,2110.0,2090.0,53160.0,-0.008100000000000001
2019-11-12,2059.0,2084.0,2087.0,2058.0,59920.0,-0.0148
2019-11-13,2035.0,2040.0,2040.0,2033.2,60200.0,-0.011699999999999999
2019-11-14,2017.0,2024.5,2027.0,2017.0,51990.0,-0.0088
2019-11-15,1997.0,2010.0,2010.0,1997.0,63740.0,-0.009899999999999999
2019-11-18,1953.5,1992.0,1992.0,1953.0,67660.0,-0.0218
2019-11-19,1993.0,1978.0,1993.0,1978.0,66520.0,0.0202
2019-11-20,1987.0,2003.0,2003.0,1980.0,40710.0,-0.003
2019-11-21,1958.0,1983.0,1983.0,1958.0,37080.0,-0.0146
2019-11-22,1966.0,1966.0,1967.0,1966.0,35230.0,0.0040999999999999995
2019-11-25,1935.0,1956.5,1957.0,1934.5,40300.0,-0.0158
2019-11-26,1943.0,1920.5,1943.0,1920.5,47990.0,0.0040999999999999995
2019-11-27,1943.0,1960.0,1960.0,1943.0,27150.0,0.0
2019-11-28,1944.5,1935.0,1944.5,1935.0,25830.0,0.0008
2019-11-29,1936.5,1959.0,1959.0,1936.5,37560.0,-0.0040999999999999995
2019-12-02,1906.0,1926.0,1926.0,1901.0,56580.0,-0.0158
2019-12-03,1900.0,1900.0,1910.0,1898.0,50430.0,-0.0031
2019-12-04,1922.0,1919.0,1922.0,1917.0,53240.0,0.0116
2019-12-05,1905.0,1907.0,1912.0,1902.0,37670.0,-0.0088
2019-12-06,1892.0,1903.0,1903.0,1891.0,62040.0,-0.0068000000000000005
2019-12-09,1893.0,1880.0,1893.0,1880.0,59020.0,0.0005
2019-12-10,1907.0,1910.0,1910.0,1900.0,58890.0,0.0074
2019-12-11,1937.0,1920.0,1937.0,1917.0,44730.0,0.015700000000000002
2019-12-12,1938.0,1933.8,1938.0,1932.0,54180.0,0.0005
2019-12-13,1910.0,1955.0,1955.0,1910.0,48530.0,-0.0144
2019-12-16,1887.5,1899.0,1899.0,1887.5,47550.0,-0.0118
2019-12-17,1888.0,1893.0,1899.0,1888.0,41730.0,0.0003
2019-12-18,1926.0,1892.0,1926.0,1892.0,40240.0,0.020099999999999996
2019-12-19,1919.0,1924.0,1924.0,1914.0,36920.0,-0.0036
2019-12-20,1938.5,1930.0,1938.5,1928.0,28620.0,0.0102
2019-12-23,1916.0,1920.0,1920.0,1916.0,24600.0,-0.0116
2019-12-24,1947.0,1930.0,1947.0,1923.0,25620.0,0.016200000000000003
2019-12-27,1939.0,1930.0,1939.0,1925.0,29050.0,-0.0040999999999999995
2019-12-30,1942.0,1942.0,1943.0,1942.0,32920.0,0.0015
2019-12-31,1927.0,1937.0,1937.0,1918.0,32220.0,-0.0077
2020-01-02,1919.0,1916.0,1919.0,1903.0,44520.0,-0.0042
2020-01-03,1919.0,1904.0,1920.0,1903.0,42880.0,0.0
2020-01-06,1920.0,1915.0,1921.0,1910.0,43080.0,0.0005
2020-01-07,1906.0,1926.0,1926.0,1906.0,49490.0,-0.0073
2020-01-08,1901.0,1930.0,1930.0,1901.0,69580.0,-0.0026
2020-01-09,1929.0,1912.0,1933.0,1912.0,62170.0,0.0147
2020-01-10,1932.0,1942.0,1945.0,1932.0,58170.0,0.0016
2020-01-13,1916.0,1915.0,1916.0,1907.0,80760.0,-0.0083
2020-01-14,1948.0,1914.5,1948.0,1914.0,70280.0,0.0167
2020-01-15,1999.0,1967.0,1999.0,1964.0,73200.0,0.0262
2020-01-16,2002.0,2030.0,2030.0,2002.0,63080.0,0.0015
2020-01-17,1976.0,1980.0,1980.0,1976.0,40730.0,-0.013000000000000001
2020-01-20,1961.0,1995.0,1995.0,1961.0,33310.0,-0.0076
2020-01-21,1961.0,1967.0,1967.0,1959.0,41560.0,0.0
2020-01-22,1986.0,1970.0,1986.0,1967.0,52100.0,0.0127
2020-01-23,1967.0,1988.0,1988.0,1967.0,35240.0,-0.0096
2020-01-24,1940.0,1950.0,1950.0,1938.0,35070.0,-0.0137
2020-01-27,1892.0,1885.0,1892.0,1880.0,48320.0,-0.024700000000000003
2020-01-28,1890.0,1905.0,1911.0,1890.0,43450.0,-0.0011
2020-01-29,1834.0,1884.0,1884.0,1834.0,53420.0,-0.0296
2020-01-30,1825.0,1827.0,1827.0,1817.0,42320.0,-0.0049
2020-01-31,1879.0,1850.0,1879.0,1841.0,45350.0,0.0296
2020-02-03,1825.0,1862.0,1862.0,1825.0,51890.0,-0.0287
2020-02-04,1825.0,1855.0,1855.0,1825.0,44400.0,0.0
2020-02-05,1820.0,1840.0,1840.0,1820.0,39500.0,-0.0027
2020-02-06,1844.0,1830.0,1852.0,1830.0,43030.0,0.0132
2020-02-07,1817.0,1826.0,1826.0,1816.0,58750.0,-0.0146
2020-02-10,1796.0,1808.0,1808.0,1795.5,52400.0,-0.0116
2020-02-11,1850.0,1813.0,1850.0,1808.0,81080.0,0.0301
2020-02-12,1854.0,1855.0,1855.0,1844.0,57200.0,0.0022
2020-02-13,1892.0,1869.0,1892.0,1864.0,49800.0,0.020499999999999997
2020-02-14,1873.0,1865.0,1873.0,1853.0,38070.0,-0.01
2020-02-17,1873.0,1888.0,1888.0,1869.0,50690.0,0.0
2020-02-18,1898.0,1855.0,1898.0,1847.0,60290.0,0.013300000000000001
2020-02-19,1883.0,1885.0,1885.0,1857.0,53520.0,-0.0079
2020-02-20,1867.5,1865.0,1885.0,1863.0,52210.0,-0.008199999999999999
2020-02-21,1831.0,1840.0,1840.0,1830.0,62810.0,-0.0195
2020-02-24,1820.0,1822.0,1822.0,1819.0,41420.0,-0.006
2020-02-25,1858.0,1846.0,1858.0,1846.0,44240.0,0.0209
2020-02-26,1817.0,1840.0,1841.0,1813.0,45560.0,-0.022099999999999998
2020-02-27,1808.5,1828.0,1828.0,1806.0,39960.0,-0.004699999999999999
2020-02-28,1848.0,1818.0,1848.0,1800.0,59810.0,0.0218
2020-03-02,1847.0,1870.0,1870.0,1845.0,55310.0,-0.0005
2020-03-03,1841.5,1853.2,1853.2,1838.0,44230.0,-0.003
2020-03-04,1820.0,1840.0,1840.0,1816.0,44000.0,-0.011699999999999999
2020-03-05,1835.0,1825.0,1835.0,1821.0,42010.0,0.008199999999999999
2020-03-06,1853.0,1840.0,1853.0,1831.0,51620.0,0.0098
2020-03-09,1799.0,1818.0,1818.0,1799.0,47320.0,-0.0291
2020-03-10,1795.0,1838.0,1838.0,1795.0,67480.0,-0.0022
2020-03-11,1765.0,1799.0,1799.0,1765.0,76770.0,-0.0167
2020-03-12,1773.0,1752.0,1774.0,1745.0,65800.0,0.0045000000000000005
2020-03-13,1744.0,1790.0,1790.0,1744.0,61680.0,-0.016399999999999998
2020-03-16,1727.0,1717.0,1727.0,1697.0,70380.0,-0.0097
2020-03-17,1619.0,1710.0,1710.0,1619.0,78760.0,-0.0625
2020-03-18,1679.5,1633.0,1680.0,1630.0,76180.0,0.0374
2020-03-19,1625.5,1680.0,1680.0,1625.5,56640.0,-0.0322
2020-03-20,1659.0,1687.0,1687.0,1648.0,50300.0,0.0206
2020-03-23,1613.5,1632.0,1648.75,1580.75,45090.0,-0.0274
2020-03-24,1585.5,1624.25,1648.0,1582.25,32210.0,-0.0174
2020-03-25,1644.5,1611.0,1648.5,1583.5,42600.0,0.037200000000000004
2020-03-26,1685.0,1646.75,1697.75,1635.75,39500.0,0.0246
2020-03-27,1704.5,1686.25,1734.5,1686.25,40550.0,0.0116
2020-03-30,1704.0,1686.0,1714.75,1665.0,36420.0,-0.0003
2020-03-31,1741.5,1706.75,1753.0,1704.5,38670.0,0.022000000000000002
2020-04-01,1719.5,1742.5,1743.0,1689.75,36620.0,-0.0126
2020-04-02,1698.5,1704.5,1723.5,1686.0,33400.0,-0.012199999999999999
2020-04-03,1656.5,1697.25,1706.75,1648.5,29430.0,-0.024700000000000003
2020-04-06,1674.0,1664.5,1683.25,1639.0,29950.0,0.0106
2020-04-07,1736.5,1680.0,1739.75,1678.0,39170.0,0.0373
2020-04-08,1718.5,1722.75,1732.75,1711.25,44140.0,-0.0104
2020-04-09,1722.5,1711.75,1727.0,1700.25,55920.0,0.0023
2020-04-14,1695.5,1727.75,1749.5,1691.0,70420.0,-0.015700000000000002
2020-04-15,1701.0,1701.5,1708.5,1679.5,47540.0,0.0032
2020-04-16,1694.0,1697.75,1703.5,1687.5,36940.0,-0.0040999999999999995
2020-04-17,1674.5,1697.0,1707.5,1663.5,31690.0,-0.0115
2020-04-20,1689.0,1677.75,1696.5,1664.5,34700.0,0.0087
2020-04-21,1665.5,1678.0,1681.0,1645.5,43450.0,-0.0139
2020-04-22,1667.5,1660.25,1674.75,1650.25,30700.0,0.0012
2020-04-23,1647.0,1666.5,1678.25,1645.25,46280.0,-0.0123
2020-04-24,1616.5,1647.5,1657.5,1611.5,51070.0,-0.018500000000000003
2020-04-27,1635.5,1627.75,1655.25,1624.75,29360.0,0.0118
2020-04-28,1643.0,1636.5,1662.75,1636.5,32640.0,0.0046
2020-04-29,1651.5,1644.5,1656.75,1638.75,25150.0,0.0052
2020-04-30,1635.5,1646.75,1652.75,1593.25,47680.0,-0.0097
2020-05-01,1629.0,1632.25,1633.25,1603.25,29070.0,-0.004
2020-05-04,1630.0,1624.0,1642.25,1610.25,34980.0,0.0006
2020-05-05,1632.0,1635.5,1651.5,1621.5,36070.0,0.0012
2020-05-06,1630.0,1640.0,1650.75,1627.5,35170.0,-0.0012
2020-05-07,1644.0,1634.75,1665.75,1633.0,42010.0,0.0086
2020-05-11,1671.5,1647.5,1678.5,1642.25,58130.0,0.0167
2020-05-12,1638.0,1671.5,1683.0,1631.25,50400.0,-0.02
2020-05-13,1599.5,1627.25,1632.0,1596.0,55170.0,-0.0235
2020-05-14,1619.0,1604.25,1623.75,1592.5,33240.0,0.012199999999999999
2020-05-15,1600.0,1624.5,1631.25,1593.25,40640.0,-0.011699999999999999
2020-05-18,1664.5,1602.0,1672.5,1601.0,56540.0,0.0403
2020-05-19,1682.5,1663.0,1686.25,1649.0,43330.0,0.0108
2020-05-20,1697.0,1680.25,1702.75,1665.0,56090.0,0.0086
2020-05-21,1656.0,1697.5,1699.75,1642.75,41480.0,-0.0242
2020-05-22,1645.5,1642.0,1654.5,1612.5,43610.0,-0.0063
2020-05-26,1686.5,1647.75,1687.5,1644.5,30910.0,0.024900000000000002
2020-05-27,1638.0,1678.75,1678.75,1626.0,40780.0,-0.0288
2020-05-28,1631.0,1643.0,1650.25,1625.25,44460.0,-0.0043
2020-05-29,1673.5,1629.0,1677.25,1622.75,44380.0,0.026099999999999998
2020-06-01,1679.5,1664.5,1684.25,1647.0,44560.0,0.0036
2020-06-02,1719.5,1677.25,1724.5,1667.25,40740.0,0.023799999999999998
2020-06-03,1722.0,1712.75,1729.5,1704.0,47060.0,0.0015
2020-06-04,1741.0,1714.5,1743.75,1688.25,43770.0,0.011000000000000001
2020-06-05,1775.5,1739.5,1779.0,1733.5,56950.0,0.019799999999999998
2020-06-08,1759.5,1777.0,1777.0,1733.5,45440.0,-0.009000000000000001
2020-06-09,1764.5,1764.25,1768.75,1741.75,51010.0,0.0028000000000000004
2020-06-10,1751.5,1759.75,1764.5,1736.5,50670.0,-0.0074
2020-06-11,1740.5,1745.0,1749.5,1711.75,52130.0,-0.0063
2020-06-12,1757.5,1734.75,1769.75,1723.5,45800.0,0.0098
2020-06-15,1738.0,1753.5,1753.5,1721.5,43660.0,-0.0111
2020-06-16,1761.5,1747.5,1788.5,1745.75,56350.0,0.013500000000000002
2020-06-17,1794.0,1768.75,1795.5,1767.75,58740.0,0.018500000000000003
2020-06-18,1810.0,1789.75,1814.5,1785.5,42360.0,0.0089
2020-06-19,1778.5,1795.25,1800.75,1777.5,35510.0,-0.0174
2020-06-22,1777.5,1781.0,1788.75,1763.5,33530.0,-0.0006
2020-06-23,1747.0,1774.5,1777.5,1745.25,35670.0,-0.0172
2020-06-24,1762.0,1747.0,1774.75,1747.0,27780.0,0.0086
2020-06-25,1786.0,1765.5,1789.5,1759.25,29860.0,0.013600000000000001
2020-06-26,1786.0,1781.5,1789.5,1765.75,24370.0,0.0
2020-06-29,1801.5,1782.25,1802.5,1778.5,26860.0,0.0087
2020-06-30,1774.0,1798.0,1806.75,1771.75,39260.0,-0.015300000000000001
2020-07-01,1772.0,1778.5,1793.5,1759.25,51880.0,-0.0011
2020-07-02,1782.0,1779.0,1790.75,1761.25,31510.0,0.005600000000000001
2020-07-03,1780.0,1777.0,1787.75,1763.75,5510.0,-0.0011
2020-07-06,1797.0,1784.75,1800.75,1782.5,8119.999999999999,0.0096
2020-07-07,1828.5,1797.25,1832.25,1781.25,9960.0,0.0175
2020-07-08,1813.0,1814.75,1847.75,1809.0,13560.0,-0.0085
2020-07-09,1838.5,1816.5,1842.75,1816.25,11820.0,0.0141
2020-07-10,1854.5,1834.25,1867.75,1825.75,12980.0,0.0087
2020-07-13,1881.5,1856.25,1885.75,1855.25,14920.0,0.0146
2020-07-14,1849.0,1879.0,1879.0,1842.75,11100.0,-0.0173
2020-07-15,1844.5,1855.0,1872.75,1834.5,8020.0,-0.0024
2020-07-16,1848.5,1854.25,1858.25,1823.75,7480.0,0.0022
2020-07-17,1815.0,1838.5,1846.75,1810.25,8200.0,-0.0181
2020-07-20,1840.5,1812.25,1841.5,1804.5,7180.0,0.013999999999999999
2020-07-21,1848.0,1827.25,1851.25,1827.25,18790.0,0.0040999999999999995
2020-07-22,1805.5,1843.0,1849.75,1794.25,13530.0,-0.023
2020-07-23,1826.0,1818.25,1841.75,1808.5,7990.0,0.011399999999999999
2020-07-24,1818.0,1830.5,1840.75,1808.25,11480.0,-0.0044
2020-07-27,1850.5,1811.5,1859.25,1811.5,11830.0,0.0179
2020-07-28,1868.0,1856.5,1869.5,1846.75,11870.0,0.0095
2020-07-29,1873.0,1861.25,1877.75,1853.75,9840.0,0.0027
2020-07-30,1873.0,1875.25,1882.75,1852.25,9820.0,0.0
2020-07-31,1879.5,1872.5,1881.5,1856.5,9860.0,0.0034999999999999996
2020-08-03,1869.0,1872.75,1888.75,1856.75,13370.0,-0.005600000000000001
2020-08-04,1881.5,1865.5,1888.0,1836.0,14690.0,0.0067
2020-08-05,1933.0,1884.5,1936.0,1880.75,12750.0,0.0274
2020-08-06,1966.0,1914.5,1971.75,1913.0,13090.0,0.0171
2020-08-07,1915.5,1955.25,1964.25,1910.25,12170.0,-0.025699999999999997
2020-08-10,1899.0,1912.75,1921.0,1895.5,9360.0,-0.0086
2020-08-11,1960.5,1902.25,1964.75,1893.75,13840.0,0.032400000000000005
2020-08-12,1957.5,1951.75,1963.75,1932.0,9580.0,-0.0015
2020-08-13,1943.5,1953.5,1960.25,1933.5,6750.0,-0.0072
2020-08-14,1950.5,1951.0,1962.0,1937.5,6490.0,0.0036
2020-08-17,1971.0,1949.0,1977.75,1948.5,8790.0,0.0105
2020-08-18,1988.0,1971.5,1994.75,1961.0,16780.0,0.0086
2020-08-19,2012.0,1991.5,2025.25,1988.75,12530.0,0.0121
2020-08-20,1995.0,1998.0,1999.0,1962.75,7970.0,-0.0084
2020-08-21,1972.5,1985.5,2008.75,1956.5,9240.0,-0.0113
2020-08-24,1979.5,1964.0,1990.25,1964.0,5610.0,0.0034999999999999996
2020-08-25,1993.5,1982.75,2012.75,1978.75,7060.0,0.0070999999999999995
2020-08-26,1977.5,1991.0,2004.75,1968.5,6870.0,-0.008
2020-08-27,1982.0,1984.5,1989.5,1961.75,7110.0,0.0023
2020-08-28,1972.5,1982.0,2011.75,1967.5,8180.0,-0.0048
2020-09-01,1972.0,1982.75,2013.75,1968.5,16379.999999999998,-0.0003
2020-09-02,1938.0,1978.5,1986.5,1932.0,13480.0,-0.0172
2020-09-03,1944.0,1937.5,1960.25,1911.5,14190.0,0.0031
2020-09-04,1972.0,1940.0,1977.75,1936.25,10520.0,0.0144
2020-09-07,1971.0,1976.25,1989.75,1967.0,5790.0,-0.0005
2020-09-08,1903.5,1969.0,1972.25,1902.25,18160.0,-0.0342
2020-09-09,1894.5,1914.0,1918.25,1890.25,11240.0,-0.004699999999999999
2020-09-10,1882.5,1896.25,1900.75,1866.5,11280.0,-0.0063
2020-09-11,1889.5,1874.0,1902.75,1870.5,9470.0,0.0037
2020-09-14,1927.0,1891.5,1929.75,1884.0,9980.0,0.019799999999999998
2020-09-15,1908.0,1929.0,1946.25,1904.75,12400.0,-0.009899999999999999
2020-09-16,1894.0,1912.25,1921.25,1886.5,12210.0,-0.0073
2020-09-17,1910.0,1898.0,1911.5,1875.5,8080.0,0.0084
2020-09-18,1913.0,1902.0,1921.5,1902.0,5840.0,0.0016
2020-09-21,1888.5,1911.5,1917.25,1866.75,10090.0,-0.0128
2020-09-22,1884.0,1895.0,1905.75,1881.25,6510.0,-0.0024
2020-09-23,1877.0,1887.5,1888.25,1862.5,8460.0,-0.0037
2020-09-24,1856.0,1875.5,1879.75,1850.5,7330.0,-0.011200000000000002
2020-09-25,1834.5,1864.0,1867.75,1827.25,11480.0,-0.0116
2020-09-28,1834.0,1837.0,1849.75,1818.75,10230.0,-0.0003
2020-09-29,1844.5,1848.75,1854.5,1828.75,9070.0,0.005699999999999999
2020-09-30,1824.5,1841.75,1850.0,1815.25,9370.0,-0.0108
2020-10-01,1807.5,1822.0,1842.25,1768.5,13580.0,-0.009300000000000001
2020-10-02,1771.5,1796.5,1803.0,1766.25,13220.0,-0.0199
2020-10-05,1756.5,1777.75,1781.0,1755.25,12980.0,-0.0085
2020-10-06,1780.5,1759.5,1786.0,1759.25,10210.0,0.0137
2020-10-07,1802.5,1779.5,1808.75,1771.25,8590.0,0.0124
2020-10-08,1792.0,1803.75,1804.0,1783.75,6110.0,-0.0058
2020-10-09,1808.5,1801.25,1818.5,1782.5,12250.0,0.0092
2020-10-12,1845.5,1814.0,1850.75,1805.5,9430.0,0.020499999999999997
2020-10-13,1801.5,1838.25,1846.0,1796.5,9640.0,-0.023799999999999998
2020-10-14,1795.5,1798.0,1805.5,1782.25,7400.0,-0.0033
2020-10-15,1772.5,1785.5,1790.0,1763.5,7380.0,-0.0128
2020-10-16,1752.0,1786.5,1786.75,1750.25,10930.0,-0.0116
2020-10-19,1759.0,1751.5,1771.5,1751.5,8500.0,0.004
2020-10-20,1765.5,1756.0,1781.25,1750.25,13450.0,0.0037
2020-10-21,1810.5,1776.25,1826.5,1766.75,11490.0,0.0255
2020-10-22,1811.0,1801.0,1815.75,1791.0,7400.0,0.0003
2020-10-23,1786.0,1796.25,1811.0,1768.75,8600.0,-0.0138
2020-10-26,1780.5,1778.5,1785.25,1756.25,7000.0,-0.0031
2020-10-27,1777.0,1781.25,1803.5,1772.75,7250.0,-0.002
2020-10-28,1793.5,1778.0,1813.5,1774.25,12200.0,0.009300000000000001
2020-10-29,1840.5,1807.25,1844.75,1799.0,13920.0,0.0262
2020-10-30,1820.0,1832.5,1837.5,1798.25,12590.0,-0.0111
2020-11-02,1798.0,1810.75,1813.5,1786.25,8320.0,-0.0121
2020-11-03,1810.0,1796.0,1827.25,1792.5,8770.0,0.0067
2020-11-04,1842.0,1824.0,1847.5,1776.75,9860.0,0.0177
2020-11-05,1847.5,1836.0,1863.75,1825.5,9410.0,0.003
2020-11-06,1842.5,1840.5,1862.75,1825.75,8240.0,-0.0027
2020-11-09,1833.0,1841.0,1864.0,1826.5,10250.0,-0.0052
2020-11-10,1850.0,1829.75,1866.75,1826.75,8800.0,0.009300000000000001
2020-11-11,1874.5,1862.75,1876.5,1851.25,11670.0,0.0132
2020-11-12,1899.0,1869.5,1903.5,1864.25,10660.0,0.0131
2020-11-13,1893.0,1887.25,1915.25,1885.25,12660.0,-0.0032
2020-11-16,1911.5,1904.75,1916.5,1888.0,9130.0,0.0098
2020-11-17,1940.5,1915.25,1947.0,1905.25,21450.0,0.0152
2020-11-18,1948.5,1943.0,1961.5,1933.0,9380.0,0.0040999999999999995
2020-11-19,1978.5,1955.0,1989.75,1942.0,11160.0,0.0154
2020-11-20,2014.5,1971.5,2038.0,1967.5,17880.0,0.0182
2020-11-23,2010.5,2029.25,2031.25,1998.5,10750.0,-0.002
2020-11-24,2022.5,2003.0,2042.25,1997.75,9980.0,0.006
2020-11-25,2030.5,2022.0,2048.5,2015.75,9780.0,0.004
2020-11-26,2034.0,2025.5,2052.25,2023.5,6690.0,0.0017000000000000001
2020-11-27,2099.0,2041.75,2113.0,2039.25,11050.0,0.032
2020-11-30,2070.0,2104.5,2137.0,2062.25,14300.0,-0.0138
2020-12-01,2087.0,2070.5,2104.25,2062.0,8740.0,0.008199999999999999
2020-12-02,2058.0,2069.5,2074.0,2027.75,11260.0,-0.0139
2020-12-03,2032.5,2050.75,2064.75,2031.0,7810.0,-0.0124
2020-12-04,2027.5,2038.0,2056.25,2024.75,7270.0,-0.0025
2020-12-07,2076.0,2034.0,2099.0,2024.75,8000.0,0.0239
2020-12-08,2099.5,2087.0,2101.0,2063.25,6790.0,0.0113
2020-12-09,2109.0,2092.75,2114.5,2089.75,5970.0,0.0045000000000000005
2020-12-10,2088.5,2096.0,2112.25,2077.75,7680.0,-0.0097
2020-12-11,2062.5,2084.25,2101.25,2047.5,7420.0,-0.0124
2020-12-14,2029.0,2056.25,2079.5,2025.25,9750.0,-0.016200000000000003
2020-12-15,2052.0,2032.0,2055.5,2009.5,9250.0,0.0113
2020-12-16,2049.0,2051.0,2061.75,2041.0,6430.0,-0.0015
2020-12-17,2040.5,2045.5,2060.0,2035.25,12260.0,-0.0040999999999999995
2020-12-18,2039.5,2042.0,2059.25,2031.0,7500.0,-0.0005
2020-12-21,1959.5,2034.0,2034.0,1946.25,12330.0,-0.0392
2020-12-22,1964.5,1951.0,1969.0,1929.5,10330.0,0.0026
2020-12-23,1972.5,1959.75,1988.5,1952.25,7390.0,0.0040999999999999995
2020-12-24,1970.5,1970.5,1989.5,1958.5,4490.0,-0.001
2020-12-29,1984.5,1996.5,2008.5,1955.25,7570.0,0.0070999999999999995
2020-12-30,1996.0,1972.0,1998.25,1968.75,4560.0,0.0058
2020-12-31,1994.0,1993.5,2003.25,1968.75,4350.0,-0.001
2021-01-04,2051.5,1992.0,2065.25,1991.75,10870.0,0.0288
2021-01-05,2081.0,2060.75,2082.75,2045.5,9010.0,0.0144
2021-01-06,2062.5,2078.5,2084.5,2041.25,9440.0,-0.0089
2021-01-07,2035.0,2046.5,2069.25,2029.5,9290.0,-0.013300000000000001
2021-01-08,2001.5,2032.5,2043.5,1978.25,9110.0,-0.0165
2021-01-11,1966.5,1998.25,2001.5,1959.75,7790.0,-0.0175
2021-01-12,2021.0,1974.0,2029.5,1968.0,11030.0,0.0277
2021-01-13,2051.0,2026.25,2053.0,2023.5,10390.0,0.0148
2021-01-14,2030.0,2053.5,2062.25,2020.5,7940.0,-0.0102
2021-01-15,1997.5,2024.5,2029.75,1990.75,10460.0,-0.016
2021-01-18,1996.5,1992.25,2016.5,1987.0,3850.0,-0.0005
2021-01-19,2015.0,2002.5,2023.25,1986.25,5510.0,0.009300000000000001
2021-01-20,2044.0,2010.0,2047.75,2007.25,8400.0,0.0144
2021-01-21,2040.5,2040.5,2058.5,2031.25,8950.0,-0.0017000000000000001
2021-01-22,2046.5,2035.5,2054.25,2011.25,9110.0,0.0029
2021-01-25,2047.0,2050.5,2073.75,2044.5,8500.0,0.0002
2021-01-26,2078.0,2046.5,2080.5,2040.75,9150.0,0.0151
2021-01-27,2045.0,2079.75,2079.75,2026.75,10540.0,-0.0159
2021-01-28,2032.5,2030.5,2046.5,2007.5,9550.0,-0.0060999999999999995
2021-01-29,2024.0,2027.5,2051.0,2005.5,11510.0,-0.0042
2021-02-01,2036.5,2029.5,2039.5,2015.25,7720.0,0.0062
2021-02-02,2015.5,2030.25,2033.5,2007.5,6680.0,-0.0103
2021-02-03,2035.0,2017.25,2037.0,2001.5,6320.0,0.0097
2021-02-04,2044.0,2022.5,2046.0,2013.5,7330.0,0.0044
2021-02-05,2052.5,2034.0,2063.0,2031.75,7700.0,0.0042
2021-02-08,2073.5,2062.5,2077.75,2049.0,7540.0,0.0102
2021-02-09,2078.5,2074.0,2098.75,2064.5,10410.0,0.0024
2021-02-10,2095.5,2077.25,2109.0,2065.75,7800.0,0.008199999999999999
2021-02-11,2102.5,2077.5,2121.5,2072.75,8930.0,0.0033
2021-02-12,2118.5,2116.5,2129.25,2108.75,7090.0,0.0076
2021-02-15,2123.5,2127.75,2145.25,2113.25,5660.0,0.0024
2021-02-16,2106.5,2117.5,2122.75,2103.0,5580.0,-0.008
2021-02-17,2110.5,2106.5,2116.0,2096.0,5030.0,0.0019
2021-02-18,2117.0,2106.0,2148.25,2101.5,8580.0,0.0031
2021-02-19,2164.5,2126.5,2168.0,2100.75,12700.0,0.022400000000000003
2021-02-22,2152.0,2156.5,2184.0,2147.25,9360.0,-0.0058
2021-02-23,2121.5,2164.5,2171.75,2117.5,9550.0,-0.014199999999999999
2021-02-24,2124.0,2128.25,2144.5,2097.75,10180.0,0.0012
2021-02-25,2158.5,2138.75,2168.75,2131.5,7460.0,0.016200000000000003
2021-02-26,2052.5,2145.0,2145.0,2044.75,13960.0,-0.049100000000000005
2021-03-01,2072.0,2070.5,2088.5,2053.0,11280.0,0.0095
2021-03-02,2080.0,2076.5,2089.25,2056.0,8370.0,0.0039000000000000003
2021-03-03,2051.0,2074.5,2078.0,2043.75,10380.0,-0.0139
2021-03-04,2015.0,2044.75,2050.5,1998.5,13680.0,-0.0176
2021-03-05,2002.0,2007.0,2042.75,2000.75,8700.0,-0.006500000000000001
2021-03-08,1978.5,2012.0,2018.0,1975.5,8119.999999999999,-0.011699999999999999
2021-03-09,1965.5,1990.5,1998.75,1956.5,9760.0,-0.0066
2021-03-10,1946.5,1964.0,1972.25,1943.25,10400.0,-0.0097
2021-03-11,1942.5,1946.75,1979.75,1941.0,12470.0,-0.0021
2021-03-12,1962.5,1963.5,1974.75,1950.0,8300.0,0.0103
2021-03-15,1963.5,1972.0,1977.75,1957.75,9560.0,0.0005
2021-03-16,1934.5,1968.0,1971.25,1931.5,14650.0,-0.0148
2021-03-17,1920.5,1934.0,1957.25,1916.5,11070.0,-0.0072
2021-03-18,1923.0,1924.0,1932.5,1908.25,7930.0,0.0013
2021-03-19,1958.5,1924.75,1977.75,1916.25,8200.0,0.018500000000000003
2021-03-22,1972.5,1970.0,1989.25,1959.25,6770.0,0.0070999999999999995
2021-03-23,1949.0,1975.25,1983.5,1946.25,7710.0,-0.011899999999999999
2021-03-24,1939.5,1953.25,1973.25,1931.5,7960.0,-0.0049
2021-03-25,1920.5,1940.0,1946.75,1918.0,7140.0,-0.0098
2021-03-26,1952.5,1936.0,1963.25,1929.0,7270.0,0.0167
2021-03-29,1956.5,1952.0,1970.25,1944.75,6300.0,0.002
2021-03-30,1971.0,1963.25,1979.25,1954.25,5500.0,0.0074
2021-03-31,1974.5,1965.75,1983.25,1959.75,5480.0,0.0018
2021-04-01,1963.5,1976.75,1985.75,1954.25,5550.0,-0.005600000000000001
2021-04-06,1967.0,1963.75,1976.75,1937.75,10750.0,0.0018
2021-04-07,1993.5,1966.5,1995.5,1959.5,7700.0,0.013500000000000002
2021-04-08,1983.0,1983.5,1996.5,1973.0,5540.0,-0.0053
2021-04-09,1978.5,1989.5,1989.5,1970.5,4790.0,-0.0023
2021-04-12,1976.0,1975.25,1983.5,1959.75,7020.0,-0.0013
2021-04-13,1986.5,1977.75,1989.75,1968.75,5940.0,0.0053
2021-04-14,1996.0,1982.5,2006.25,1978.25,7540.0,0.0048
2021-04-15,2016.0,1997.25,2029.25,1995.75,9320.0,0.01
2021-04-16,2046.0,2027.25,2062.25,2016.75,10650.0,0.0149
2021-04-19,2056.5,2027.75,2061.5,2023.25,5590.0,0.0051
2021-04-20,2030.0,2056.25,2066.25,2022.25,8180.0,-0.0129
2021-04-21,2023.5,2030.5,2037.5,1998.5,18420.0,-0.0032
2021-04-22,2049.0,2031.75,2049.25,2019.5,5520.0,0.0126
2021-04-23,2058.0,2035.25,2061.75,2021.5,6370.0,0.0044
2021-04-26,2078.5,2057.5,2093.75,2045.5,10050.0,0.01
2021-04-27,2090.0,2077.0,2096.25,2062.25,8330.0,0.0055000000000000005
2021-04-28,2102.5,2091.25,2103.75,2071.25,10780.0,0.006
2021-04-29,2116.5,2095.25,2121.25,2084.5,13690.0,0.0067
2021-04-30,2152.0,2115.0,2154.75,2100.25,16000.0,0.0168
2021-05-04,2198.5,2143.25,2200.25,2143.25,14310.0,0.0216
2021-05-05,2175.0,2187.25,2203.5,2167.75,11140.0,-0.010700000000000001
2021-05-06,2218.0,2169.0,2223.75,2149.75,17420.0,0.019799999999999998
2021-05-07,2236.5,2219.0,2243.75,2207.25,11470.0,0.0083
2021-05-10,2212.5,2234.5,2258.75,2206.5,10450.0,-0.010700000000000001
2021-05-11,2222.0,2215.25,2244.5,2210.0,8950.0,0.0043
2021-05-12,2187.0,2218.25,2234.75,2177.25,12940.0,-0.0158
2021-05-13,2148.5,2182.25,2187.0,2122.75,11820.0,-0.0176
2021-05-14,2155.0,2150.0,2167.75,2129.25,7120.0,0.003
2021-05-17,2207.5,2158.5,2214.5,2151.5,11510.0,0.024399999999999998
2021-05-18,2228.5,2208.25,2235.5,2205.5,16239.999999999998,0.0095
2021-05-19,2174.5,2226.0,2235.25,2167.25,9620.0,-0.0242
2021-05-20,2217.0,2198.75,2222.75,2182.0,8080.0,0.0195
2021-05-21,2188.0,2204.0,2230.75,2182.0,10390.0,-0.0131
2021-05-24,2141.5,2194.25,2196.75,2133.5,11940.0,-0.0213
2021-05-25,2158.5,2138.0,2164.25,2115.75,12190.0,0.0079
2021-05-26,2177.0,2157.75,2191.5,2154.25,7570.0,0.0086
2021-05-27,2202.5,2188.0,2208.25,2166.75,7170.0,0.011699999999999999
2021-05-28,2193.5,2206.25,2213.25,2191.0,6940.0,-0.0040999999999999995
2021-06-01,2219.5,2203.0,2223.5,2180.75,11640.0,0.011899999999999999
2021-06-02,2219.5,2209.5,2224.0,2193.0,10250.0,0.0
2021-06-03,2173.0,2209.75,2214.5,2158.25,10000.0,-0.021
2021-06-04,2136.0,2162.25,2173.0,2131.5,10350.0,-0.017
2021-06-07,2153.0,2139.75,2165.25,2116.5,8510.0,0.008
2021-06-08,2183.5,2160.75,2191.25,2146.0,9000.0,0.014199999999999999
2021-06-09,2199.0,2183.75,2200.5,2181.25,7440.0,0.0070999999999999995
2021-06-10,2174.5,2195.25,2197.75,2171.25,7790.0,-0.0111
2021-06-11,2205.0,2183.0,2217.75,2180.0,6910.0,0.013999999999999999
2021-06-14,2211.0,2206.0,2214.75,2184.75,6780.0,0.0027
2021-06-15,2175.5,2200.75,2205.75,2169.75,10590.0,-0.0161
2021-06-16,2202.5,2173.75,2205.75,2172.25,5940.0,0.0124
2021-06-17,2130.0,2179.25,2191.0,2123.5,12920.0,-0.0329
2021-06-18,2157.5,2131.5,2164.75,2121.5,13990.0,0.0129
2021-06-21,2156.5,2154.25,2174.25,2137.5,8460.0,-0.0005
2021-06-22,2174.5,2167.5,2178.0,2158.5,8240.0,0.0083
2021-06-23,2192.0,2170.5,2194.5,2165.0,7680.0,0.008
2021-06-24,2220.5,2190.0,2227.75,2180.75,12120.0,0.013000000000000001
2021-06-25,2220.0,2221.25,2233.5,2210.25,10050.0,-0.0002
2021-06-28,2233.0,2229.5,2246.25,2192.75,17520.0,0.0059
2021-06-29,2305.0,2237.75,2322.0,2235.5,21400.0,0.0322
2021-06-30,2274.0,2290.5,2343.5,2266.0,19780.0,-0.0134
2021-07-01,2269.0,2269.75,2274.75,2230.75,16700.0,-0.0022
2021-07-02,2300.0,2268.5,2307.5,2242.75,16430.0,0.0137
2021-07-05,2286.5,2302.25,2328.0,2281.25,8610.0,-0.0059
2021-07-06,2293.5,2283.25,2319.25,2281.25,11800.0,0.0031
2021-07-07,2290.0,2291.5,2315.0,2284.75,11810.0,-0.0015
2021-07-08,2297.0,2286.5,2309.5,2265.0,14510.0,0.0031
2021-07-09,2330.5,2299.5,2339.75,2284.0,14620.0,0.0146
2021-07-12,2332.5,2334.5,2339.75,2308.5,12890.0,0.0009
2021-07-13,2311.0,2329.5,2330.75,2294.25,13640.0,-0.0092
2021-07-14,2299.0,2310.0,2312.75,2288.25,9600.0,-0.0052
2021-07-15,2329.5,2295.5,2329.75,2293.25,11010.0,0.013300000000000001
2021-07-16,2320.0,2321.0,2333.25,2313.5,8590.0,-0.0040999999999999995
2021-07-19,2285.0,2315.0,2324.0,2273.25,13870.0,-0.0151
2021-07-20,2328.0,2289.0,2332.25,2280.5,17420.0,0.018799999999999997
2021-07-21,2336.5,2328.5,2349.75,2305.5,16820.0,0.0037
2021-07-22,2399.5,2338.5,2403.25,2338.5,15880.0,0.027000000000000003
2021-07-23,2375.0,2387.25,2398.5,2364.5,11460.0,-0.0102
2021-07-26,2372.5,2372.5,2388.0,2347.5,12840.0,-0.0011
2021-07-27,2338.5,2366.5,2370.25,2330.25,13630.0,-0.0143
2021-07-28,2343.5,2336.5,2358.25,2325.75,9820.0,0.0021
2021-07-29,2365.5,2351.0,2378.5,2339.0,9460.0,0.009399999999999999
2021-07-30,2382.0,2373.75,2394.5,2351.0,13850.0,0.006999999999999999
2021-08-02,2402.0,2383.25,2412.25,2378.5,15360.0,0.0084
2021-08-03,2398.0,2398.25,2403.5,2366.0,14340.0,-0.0017000000000000001
2021-08-04,2380.0,2391.5,2402.0,2370.75,10400.0,-0.0075
2021-08-05,2362.0,2374.75,2389.25,2343.5,9580.0,-0.0076
2021-08-06,2274.5,2346.25,2359.75,2270.0,19620.0,-0.037000000000000005
2021-08-09,2258.5,2277.25,2292.5,2251.25,14600.0,-0.006999999999999999
2021-08-10,2288.5,2264.75,2302.5,2263.75,10140.0,0.013300000000000001
2021-08-11,2318.5,2298.5,2323.0,2283.75,7310.0,0.0131
2021-08-12,2307.0,2314.75,2341.75,2300.5,8280.0,-0.005
2021-08-13,2334.0,2310.0,2339.5,2304.5,7820.0,0.011699999999999999
2021-08-16,2311.5,2327.25,2329.25,2298.75,8360.0,-0.0096
2021-08-17,2323.0,2315.75,2328.5,2292.0,19540.0,0.005
2021-08-18,2289.5,2288.5,2310.75,2281.5,9070.0,-0.0144
2021-08-19,2260.0,2296.0,2311.75,2241.75,16890.0,-0.0129
2021-08-20,2251.0,2254.25,2280.25,2250.25,7930.0,-0.004
2021-08-23,2285.0,2256.75,2297.75,2256.75,9210.0,0.0151
2021-08-24,2293.5,2287.0,2299.25,2270.25,7400.0,0.0037
2021-08-25,2318.0,2290.0,2329.25,2284.0,10710.0,0.010700000000000001
2021-08-26,2292.5,2313.5,2324.25,2268.25,10040.0,-0.011000000000000001
2021-08-27,2295.5,2290.75,2310.75,2283.75,7060.0,0.0013
2021-08-31,2256.0,2291.0,2295.25,2249.5,14850.0,-0.0172
2021-09-01,2273.5,2259.25,2285.25,2256.5,12420.0,0.0078000000000000005
2021-09-02,2312.5,2275.0,2314.5,2271.5,13920.0,0.0172
2021-09-03,2310.5,2314.5,2314.75,2286.25,7860.0,-0.0009
2021-09-06,2275.0,2270.0,2275.0,2270.0,7760.0,-0.0154
2021-09-07,2274.0,2285.0,2285.0,2273.5,9640.0,-0.0004
2021-09-08,2278.5,2286.0,2286.0,2278.5,10670.0,0.002
2021-09-09,2298.5,2280.0,2298.5,2278.0,12260.0,0.0088
2021-09-10,2318.0,2325.0,2325.0,2318.0,11800.0,0.0085
2021-09-13,2293.0,2285.0,2293.0,2280.0,9410.0,-0.0108
2021-09-14,2272.5,2267.0,2272.5,2265.0,8260.0,-0.0089
2021-09-15,2235.0,2225.0,2235.0,2225.0,22920.0,-0.0165
2021-09-16,2208.5,2248.0,2248.0,2208.5,10770.0,-0.011899999999999999
2021-09-17,2181.0,2217.0,2217.0,2181.0,12610.0,-0.0125
2021-09-20,2156.0,2167.0,2167.0,2156.0,12800.0,-0.0115
2021-09-21,2134.0,2170.0,2170.0,2134.0,11050.0,-0.0102
2021-09-22,2113.5,2123.0,2123.0,2113.5,14460.0,-0.0096
2021-09-23,2120.5,2129.0,2129.0,2120.5,26920.0,0.0033
2021-09-24,2153.5,2142.0,2153.5,2140.0,12110.0,0.015600000000000001
2021-09-27,2162.5,2162.0,2164.0,2162.0,9560.0,0.0042
2021-09-28,2169.0,2184.0,2184.0,2169.0,11200.0,0.003
2021-09-29,2140.0,2158.0,2160.0,2140.0,7540.0,-0.0134
2021-09-30,2092.5,2087.0,2092.5,2078.0,16970.0,-0.0222
2021-10-01,2140.5,2127.0,2140.5,2126.0,9940.0,0.0229
2021-10-04,2148.0,2157.0,2157.0,2148.0,8160.0,0.0034999999999999996
2021-10-05,2152.0,2155.0,2155.0,2152.0,4750.0,0.0019
2021-10-06,2151.0,2154.0,2154.0,2146.0,5940.0,-0.0005
2021-10-07,2173.5,2160.0,2173.5,2153.0,7590.0,0.0105
2021-10-08,2221.0,2205.0,2221.0,2196.0,10050.0,0.0219
2021-10-11,2227.5,2237.0,2237.0,2227.5,10210.0,0.0029
2021-10-12,2211.5,2237.0,2237.0,2211.5,12260.0,-0.0072
2021-10-13,2245.5,2245.0,2245.5,2244.0,13100.0,0.0154
2021-10-14,2300.0,2265.0,2300.0,2260.0,14740.0,0.024300000000000002
2021-10-15,2337.5,2342.0,2342.0,2337.5,18150.0,0.0163
2021-10-18,2378.0,2373.0,2378.0,2371.0,18170.0,0.0173
2021-10-19,2376.0,2390.0,2390.0,2376.0,22290.0,-0.0008
2021-10-20,2417.5,2360.0,2417.5,2358.0,13070.0,0.0175
2021-10-21,2400.0,2382.0,2400.0,2378.0,15010.0,-0.0072
2021-10-22,2423.0,2403.0,2423.0,2395.0,12170.0,0.0096
2021-10-25,2438.5,2440.0,2440.0,2434.0,11610.0,0.0064
2021-10-26,2422.5,2430.0,2430.0,2421.0,10080.0,-0.0066
2021-10-27,2384.5,2390.0,2390.0,2380.5,16560.0,-0.015700000000000002
2021-10-28,2422.0,2404.0,2422.0,2402.0,9510.0,0.015700000000000002
2021-10-29,2384.0,2407.0,2407.0,2384.0,14100.0,-0.015700000000000002
2021-11-01,2379.0,2390.0,2390.0,2379.0,8680.0,-0.0021
2021-11-02,2363.0,2385.0,2385.0,2363.0,9060.0,-0.0067
2021-11-03,2374.5,2390.0,2390.0,2374.5,8180.0,0.0049
2021-11-04,2348.0,2380.0,2380.0,2348.0,9860.0,-0.011200000000000002
2021-11-05,2351.5,2361.0,2361.0,2351.5,4640.0,0.0015
2021-11-08,2365.0,2360.0,2365.0,2355.0,6920.0,0.005699999999999999
2021-11-09,2339.5,2372.0,2372.0,2339.5,6700.0,-0.0108
2021-11-10,2338.5,2325.0,2338.5,2323.0,7440.0,-0.0004
2021-11-11,2366.0,2365.0,2366.0,2354.5,9760.0,0.0118
2021-11-12,2360.5,2355.0,2360.5,2353.0,7470.0,-0.0023
2021-11-15,2326.5,2356.0,2356.0,2326.5,6300.0,-0.0144
2021-11-16,2307.0,2325.0,2325.0,2307.0,12420.0,-0.0084
2021-11-17,2254.0,2282.0,2282.0,2254.0,11860.0,-0.023
2021-11-18,2215.0,2239.0,2239.0,2215.0,11970.0,-0.0173
2021-11-19,2215.5,2225.0,2225.0,2215.5,12030.0,0.0002
2021-11-22,2259.5,2229.0,2259.5,2228.0,13950.0,0.0199
2021-11-23,2253.0,2255.5,2255.5,2253.0,7000.0,-0.0029
2021-11-24,2263.5,2269.0,2269.0,2263.5,8940.0,0.004699999999999999
2021-11-25,2270.5,2280.0,2280.0,2270.5,5000.0,0.0031
2021-11-26,2269.0,2255.0,2269.0,2255.0,10400.0,-0.0007000000000000001
2021-11-29,2270.5,2315.0,2315.0,2270.5,13880.0,0.0007000000000000001
2021-11-30,2275.5,2304.0,2304.0,2275.5,11570.0,0.0022
2021-12-01,2301.5,2295.0,2301.5,2287.0,7920.0,0.011399999999999999
2021-12-02,2256.5,2295.0,2295.0,2256.5,9230.0,-0.0196
2021-12-03,2210.5,2235.0,2235.0,2210.5,15300.0,-0.0204
2021-12-06,2196.0,2225.0,2225.0,2196.0,8140.000000000001,-0.0066
2021-12-07,2186.0,2220.0,2220.0,2186.0,11330.0,-0.0046
2021-12-08,2284.0,2230.0,2284.0,2225.0,20330.0,0.044800000000000006
2021-12-09,2284.5,2285.0,2285.0,2282.0,12250.0,0.0002
2021-12-10,2284.0,2265.0,2284.0,2265.0,10810.0,-0.0002
2021-12-13,2298.0,2310.0,2310.0,2298.0,7000.0,0.0060999999999999995
2021-12-14,2284.5,2307.0,2307.0,2284.5,8340.0,-0.0059
2021-12-15,2284.0,2279.0,2284.0,2277.0,7260.0,-0.0002
2021-12-16,2308.0,2322.0,2322.0,2308.0,17240.0,0.0105
2021-12-17,2307.5,2315.0,2315.0,2307.5,10470.0,-0.0002
2021-12-20,2293.5,2310.0,2310.0,2293.5,8140.000000000001,-0.0060999999999999995
2021-12-21,2295.5,2306.0,2306.0,2295.0,6850.0,0.0009
2021-12-22,2319.5,2309.0,2319.5,2305.0,7070.0,0.0105
2021-12-23,2272.5,2300.0,2300.0,2272.5,8800.0,-0.0203
2021-12-24,2278.0,2278.0,2278.0,2271.0,1970.0,0.0024
2021-12-29,2286.5,2270.0,2286.5,2265.5,6750.0,0.0037
2021-12-30,2297.0,2285.0,2297.0,2283.0,4610.0,0.0046
2021-12-31,2304.0,2289.0,2304.0,2287.0,4610.0,0.003
2022-01-04,2298.0,2295.0,2298.0,2294.5,8950.0,-0.0026
2022-01-05,2287.5,2315.0,2315.0,2287.5,10600.0,-0.0046
2022-01-06,2307.0,2290.0,2307.0,2280.0,10490.0,0.0085
2022-01-07,2278.0,2320.0,2320.0,2278.0,12300.0,-0.0126
2022-01-10,2277.5,2289.0,2289.0,2277.5,330.0,-0.0002
2022-01-11,2300.0,2290.0,2300.0,2290.0,7640.0,0.009899999999999999
2022-01-12,2346.0,2330.0,2346.0,2326.0,15490.0,0.02
2022-01-13,2358.0,2350.0,2358.0,2348.0,13060.0,0.0051
2022-01-14,2355.5,2373.0,2373.0,2355.5,10450.0,-0.0011
2022-01-17,2356.5,2360.0,2360.0,2353.0,5400.0,0.0004
2022-01-18,2323.0,2358.0,2358.0,2323.0,10190.0,-0.014199999999999999
2022-01-19,2363.0,2350.0,2363.0,2345.0,8160.0,0.0172
2022-01-20,2349.5,2365.0,2365.0,2349.5,11780.0,-0.005699999999999999
2022-01-21,2371.0,2383.0,2383.0,2371.0,7700.0,0.0092
2022-01-24,2358.0,2360.0,2360.0,2358.0,7740.0,-0.0055000000000000005
2022-01-25,2334.5,2350.0,2350.0,2334.5,8720.0,-0.01
2022-01-26,2322.0,2347.0,2347.0,2322.0,7860.0,-0.0054
2022-01-27,2312.5,2328.0,2328.0,2312.5,9780.0,-0.0040999999999999995
2022-01-28,2265.0,2290.0,2290.0,2265.0,12560.0,-0.020499999999999997
2022-01-31,2244.5,2275.0,2275.0,2244.5,15510.0,-0.0091
2022-02-01,2234.5,2245.0,2245.0,2234.5,8420.0,-0.0045000000000000005
2022-02-02,2241.0,2241.0,2241.0,2240.0,13760.0,0.0029
2022-02-03,2191.5,2218.0,2218.0,2191.5,14900.0,-0.022099999999999998
2022-02-04,2187.5,2220.0,2220.0,2187.5,14480.0,-0.0018
2022-02-07,2195.5,2195.0,2195.5,2193.0,14610.0,0.0037
2022-02-08,2205.0,2192.0,2205.0,2190.0,12320.0,0.0043
2022-02-09,2243.5,2223.0,2243.5,2222.0,11250.0,0.0175
2022-02-10,2279.0,2285.0,2285.0,2279.0,14290.0,0.0158
2022-02-11,2279.0,2280.0,2280.0,2278.0,10190.0,0.0
2022-02-14,2287.5,2282.0,2287.5,2281.0,10560.0,0.0037
2022-02-15,2308.5,2298.0,2308.5,2296.0,16470.0,0.0092
2022-02-16,2338.0,2329.0,2338.0,2327.0,12580.0,0.0128
2022-02-17,2346.0,2341.0,2346.0,2339.0,13170.0,0.0034000000000000002
2022-02-18,2348.5,2350.0,2350.0,2344.0,12880.0,0.0011
2022-02-21,2334.0,2340.0,2340.0,2334.0,10230.0,-0.0062
2022-02-22,2341.5,2326.0,2341.5,2324.5,7870.0,0.0032
2022-02-23,2335.5,2345.0,2345.0,2335.5,7110.0,-0.0026
2022-02-24,2343.5,2370.0,2370.0,2343.5,14860.0,0.0034000000000000002
2022-02-25,2368.5,2363.0,2368.5,2357.0,12470.0,0.010700000000000001
2022-02-28,2387.0,2395.0,2395.0,2387.0,15280.0,0.0078000000000000005
2022-03-01,2409.0,2408.0,2409.0,2406.0,13110.0,0.0092
2022-03-02,2400.5,2434.0,2434.0,2400.5,16070.0,-0.0034999999999999996
2022-03-03,2408.0,2424.0,2424.0,2408.0,12620.0,0.0031
2022-03-04,2459.0,2442.0,2459.0,2441.5,16490.0,0.0212
2022-03-07,2448.5,2515.0,2515.0,2448.5,19540.0,-0.0043
2022-03-08,2497.0,2535.0,2535.0,2497.0,22140.0,0.019799999999999998
2022-03-09,2405.5,2444.0,2444.0,2405.5,13650.0,-0.0366
2022-03-10,2356.0,2412.0,2412.0,2356.0,11260.0,-0.0206
2022-03-11,2325.5,2373.0,2373.0,2325.5,7900.0,-0.0129
2022-03-14,2268.0,2290.0,2290.0,2268.0,12840.0,-0.024700000000000003
2022-03-15,2242.0,2250.0,2250.0,2242.0,14700.0,-0.0115
2022-03-16,2251.5,2260.0,2264.5,2251.5,11870.0,0.0042
2022-03-17,2251.0,2240.0,2252.0,2240.0,9250.0,-0.0002
2022-03-18,2252.5,2269.0,2269.0,2252.5,9310.0,0.0007000000000000001
2022-03-21,2258.0,2261.0,2261.0,2258.0,8590.0,0.0024
2022-03-22,2275.5,2280.0,2280.0,2275.5,8980.0,0.0078000000000000005
2022-03-23,2370.0,2335.0,2370.0,2324.0,11260.0,0.0415
2022-03-24,2308.5,2350.0,2350.0,2308.5,12000.0,-0.0259
2022-03-25,2350.5,2340.0,2350.5,2340.0,5400.0,0.0182
2022-03-28,2369.0,2355.0,2369.0,2354.0,8350.0,0.0079
2022-03-29,2379.5,2385.0,2385.0,2379.5,6540.0,0.0044
2022-03-30,2417.5,2398.0,2417.5,2392.0,6860.0,0.016
2022-03-31,2416.0,2432.0,2432.0,2416.0,9300.0,-0.0006
2022-04-01,2449.5,2440.0,2449.5,2435.0,9610.0,0.0139
2022-04-04,2413.0,2426.0,2426.0,2413.0,7340.0,-0.0149
2022-04-05,2428.0,2415.0,2428.0,2406.0,5900.0,0.0062
2022-04-06,2413.5,2402.0,2413.5,2400.0,6100.0,-0.006
2022-04-07,2384.5,2415.0,2415.0,2384.5,6860.0,-0.012
2022-04-08,2394.5,2425.0,2425.0,2394.5,5680.0,0.0042
2022-04-11,2382.0,2412.0,2412.0,2382.0,7100.0,-0.0052
2022-04-12,2394.5,2405.0,2405.0,2394.5,7570.0,0.0052
2022-04-13,2432.5,2430.0,2432.5,2428.0,10400.0,0.0159
2022-04-14,2435.0,2445.0,2445.0,2435.0,9150.0,0.001
2022-04-19,2447.5,2440.0,2447.5,2425.0,10430.0,0.0051
2022-04-20,2424.0,2420.0,2424.0,2419.5,10560.0,-0.0096
2022-04-21,2401.5,2414.0,2414.0,2401.5,5100.0,-0.009300000000000001
2022-04-22,2388.5,2400.0,2400.0,2388.5,4130.0,-0.0054
2022-04-25,2327.0,2365.0,2365.0,2327.0,8810.0,-0.025699999999999997
2022-04-26,2320.0,2360.0,2360.0,2320.0,9660.0,-0.003
2022-04-27,2281.5,2320.0,2320.0,2281.5,13610.0,-0.0166
2022-04-28,2255.0,2280.0,2280.0,2255.0,11600.0,-0.0116
2022-04-29,2260.5,2280.0,2280.0,2260.5,10010.0,0.0024
2022-05-03,2251.0,2262.0,2262.0,2251.0,11100.0,-0.0042
2022-05-04,2281.5,2272.0,2281.5,2270.0,9070.0,0.013500000000000002
2022-05-05,2277.0,2307.0,2307.0,2277.0,8960.0,-0.002
2022-05-06,2231.0,2241.0,2241.0,2231.0,11820.0,-0.0202
2022-05-09,2153.5,2140.0,2153.5,2137.5,16890.0,-0.0347
2022-05-10,2114.0,2123.0,2126.0,2114.0,14510.0,-0.0183
2022-05-11,2118.0,2117.0,2118.0,2115.0,9840.0,0.0019
2022-05-12,2092.0,2085.0,2092.0,2078.0,11900.0,-0.0123
2022-05-13,2059.0,2074.0,2074.0,2059.0,8890.0,-0.0158
2022-05-16,2095.0,2106.0,2106.0,2095.0,8250.0,0.0175
2022-05-17,2101.5,2120.0,2120.0,2101.5,13400.0,0.0031
2022-05-18,2054.0,2090.0,2090.0,2054.0,10900.0,-0.0226
2022-05-19,2063.0,2050.0,2063.0,2043.0,9970.0,0.0044
2022-05-20,2160.0,2145.0,2160.0,2142.0,14400.0,0.047
2022-05-23,2192.0,2165.0,2192.0,2163.0,9360.0,0.0148
2022-05-24,2168.5,2180.0,2180.0,2168.5,6330.0,-0.010700000000000001
2022-05-25,2103.5,2140.0,2140.0,2103.5,9970.0,-0.03
2022-05-26,2127.5,2110.0,2127.5,2109.0,10020.0,0.011399999999999999
2022-05-27,2159.0,2110.0,2159.0,2103.0,7990.0,0.0148
2022-05-30,2175.0,2185.0,2185.0,2175.0,4760.0,0.0074
2022-05-31,2182.0,2180.0,2182.0,2177.0,7460.0,0.0032
2022-06-01,2169.0,2160.0,2169.0,2149.0,8180.0,-0.006
2022-06-06,2214.5,2195.0,2214.5,2185.0,11750.0,0.021
2022-06-07,2223.5,2185.0,2223.5,2172.0,10200.0,0.0040999999999999995
2022-06-08,2232.5,2240.0,2240.0,2232.5,11600.0,0.004
2022-06-09,2196.0,2205.0,2205.0,2195.0,8810.0,-0.0163
2022-06-10,2148.0,2164.0,2164.0,2148.0,6550.0,-0.0219
2022-06-13,2098.0,2110.0,2110.0,2098.0,8650.0,-0.0233
2022-06-14,2075.5,2094.0,2094.0,2075.5,9700.0,-0.010700000000000001
2022-06-15,2077.0,2095.0,2095.0,2077.0,8380.0,0.0007000000000000001
2022-06-16,2101.0,2082.0,2101.0,2080.0,8850.0,0.0116
2022-06-17,2061.5,2085.0,2085.0,2061.5,10150.0,-0.018799999999999997
2022-06-20,2068.5,2058.0,2068.5,2057.0,9510.0,0.0034000000000000002
2022-06-21,2065.5,2080.0,2080.0,2065.5,16520.0,-0.0015
2022-06-22,2020.5,2038.0,2038.0,2020.5,11310.0,-0.0218
2022-06-23,1947.5,1992.0,1992.0,1947.5,14730.0,-0.0361
2022-06-24,1915.0,1915.0,1915.0,1900.0,13120.0,-0.0167
2022-06-27,2003.5,1988.0,2003.5,1981.0,13510.0,0.0462
2022-06-28,1971.0,1995.0,1995.0,1971.0,8620.0,-0.016200000000000003
2022-06-29,1932.5,1963.0,1963.0,1932.5,14070.0,-0.0195
2022-06-30,1907.5,1920.0,1920.0,1907.5,15400.0,-0.0129
2022-07-01,1934.5,1910.5,1934.5,1910.0,13190.0,0.014199999999999999
2022-07-04,1957.5,1940.0,1957.5,1940.0,7800.0,0.011899999999999999
2022-07-05,1939.0,1940.0,1940.0,1929.0,10720.0,-0.0095
2022-07-06,1969.0,1976.0,1976.0,1969.0,13640.0,0.0155
2022-07-07,1971.0,2000.0,2000.0,1971.0,13400.0,0.001
2022-07-08,1917.5,1955.0,1955.0,1917.5,11390.0,-0.0271
2022-07-11,1942.0,1925.0,1942.0,1924.0,7910.0,0.0128
2022-07-12,1938.5,1930.0,1938.5,1925.0,9580.0,-0.0018
2022-07-13,1954.0,1950.0,1954.0,1950.0,9670.0,0.008
2022-07-14,1833.5,1875.0,1875.0,1833.5,21960.0,-0.0617
2022-07-15,1944.0,1900.0,1944.0,1895.0,15930.0,0.0603
2022-07-18,1998.5,1971.0,1998.5,1968.0,9840.0,0.027999999999999997
2022-07-19,1986.5,1970.0,1986.5,1960.0,13440.0,-0.006
2022-07-20,2032.5,2012.0,2032.5,2010.0,11130.0,0.0232
2022-07-21,2012.0,1994.0,2012.0,1992.0,8770.0,-0.0101
2022-07-22,2017.5,2001.0,2017.5,1999.0,6420.0,0.0027
2022-07-25,2004.0,2020.0,2020.0,2004.0,4940.0,-0.0067
2022-07-26,2023.0,2012.0,2023.0,2009.0,8260.0,0.0095
2022-07-27,2013.0,2013.0,2014.0,2013.0,6860.0,-0.0049
2022-07-28,1997.0,2014.0,2014.0,1997.0,11300.0,-0.0079
2022-07-29,2034.5,2022.0,2034.5,2022.0,10770.0,0.018799999999999997
2022-08-01,2054.0,2055.0,2059.5,2054.0,9940.0,0.0096
2022-08-02,2050.0,2050.0,2050.0,2043.0,7680.0,-0.0019
2022-08-03,2025.0,2025.0,2025.0,2024.0,7560.0,-0.012199999999999999
2022-08-04,2045.5,2019.5,2045.5,2018.5,7150.0,0.0101
2022-08-05,2070.0,2074.5,2075.0,2070.0,10820.0,0.012
2022-08-08,2163.0,2122.0,2163.0,2120.0,21420.0,0.0449
2022-08-09,2165.5,2165.0,2165.5,2161.0,14390.0,0.0012
2022-08-10,2173.5,2160.0,2173.5,2158.5,9200.0,0.0037
2022-08-11,2199.0,2185.0,2199.0,2178.0,11430.0,0.011699999999999999
2022-08-12,2184.0,2169.0,2184.0,2167.0,8680.0,-0.0068000000000000005
2022-08-15,2178.0,2164.0,2178.0,2162.0,10710.0,-0.0027
2022-08-16,2163.5,2194.0,2194.0,2163.5,15860.0,-0.0067
2022-08-17,2117.5,2154.0,2154.0,2117.5,7620.0,-0.0213
2022-08-18,2072.5,2140.0,2140.0,2072.5,9490.0,-0.0213
2022-08-19,2042.0,2069.0,2069.0,2042.0,9860.0,-0.0147
2022-08-22,2013.5,2038.0,2038.0,2013.5,10250.0,-0.013999999999999999
2022-08-23,1976.0,2005.0,2005.0,1976.0,14190.0,-0.018600000000000002
2022-08-24,1973.0,1965.0,1973.0,1959.0,14270.0,-0.0015
2022-08-25,1976.0,1999.0,1999.0,1976.0,10070.0,0.0015
2022-08-26,1985.5,1997.0,1997.0,1985.5,12620.0,0.0048
2022-08-30,1987.5,1985.0,1987.5,1980.0,9000.0,0.001
2022-08-31,1950.0,1953.0,1953.0,1948.0,13580.0,-0.0189
2022-09-01,1901.0,1922.0,1922.0,1901.0,12300.0,-0.025099999999999997
2022-09-02,1888.5,1890.0,1890.0,1885.0,11700.0,-0.0066
2022-09-05,1875.5,1886.0,1886.0,1875.5,6050.0,-0.0069
2022-09-06,1893.0,1897.0,1897.0,1893.0,9730.0,0.009300000000000001
2022-09-07,1902.0,1892.0,1902.0,1890.0,7880.0,0.0048
2022-09-09,1917.0,1925.0,1925.0,1917.0,8990.0,0.0079
2022-09-12,1949.0,1940.0,1949.0,1933.0,7470.0,0.0167
2022-09-13,1952.5,1965.0,1965.0,1952.5,10470.0,0.0018
2022-09-14,1962.5,1940.0,1962.5,1935.0,7920.0,0.0051
2022-09-15,1916.5,1945.0,1945.0,1916.5,6210.0,-0.023399999999999997
2022-09-16,1889.0,1900.0,1900.0,1889.0,6630.0,-0.0143
2022-09-19,1884.5,1897.0,1897.0,1884.5,6630.0,-0.0024
2022-09-20,1880.5,1900.0,1900.0,1880.5,8480.0,-0.0021
2022-09-21,1837.0,1870.0,1870.0,1837.0,14320.0,-0.0231
2022-09-22,1851.5,1890.0,1890.0,1851.5,11590.0,0.0079
2022-09-23,1804.0,1825.0,1825.0,1804.0,12310.0,-0.025699999999999997
2022-09-26,1754.5,1790.0,1790.0,1754.5,17500.0,-0.0274
2022-09-27,1748.5,1770.0,1770.0,1748.5,12940.0,-0.0034000000000000002
2022-09-28,1836.5,1780.0,1836.5,1775.0,22600.0,0.050300000000000004
2022-09-29,1876.0,1867.0,1876.0,1865.0,16940.0,0.0215
2022-09-30,1908.0,1890.0,1908.0,1886.0,11920.0,0.0171
2022-10-03,1861.5,1870.0,1870.0,1861.5,13050.0,-0.024399999999999998
2022-10-04,1936.5,1878.0,1936.5,1876.0,15240.0,0.0403
2022-10-05,2036.5,1955.0,2036.5,1945.0,24790.0,0.0516
2022-10-06,2058.5,2035.0,2058.5,2021.0,23180.0,0.0108
2022-10-07,2070.5,2055.0,2070.5,2048.0,14580.0,0.0058
2022-10-10,1989.5,2055.0,2055.0,1989.5,23440.0,-0.0391
2022-10-11,2015.5,1990.0,2015.5,1990.0,13430.0,0.0131
2022-10-12,2030.5,2025.0,2030.5,2024.0,12080.0,0.0074
2022-10-13,2043.5,2027.0,2043.5,2023.0,11420.0,0.0064
2022-10-14,2040.5,2025.0,2040.5,2020.0,8360.0,-0.0015
2022-10-17,2026.0,2040.0,2040.0,2026.0,14270.0,-0.0070999999999999995
2022-10-18,2013.5,2018.0,2018.0,2011.0,18320.0,-0.0062
2022-10-19,1984.5,1975.0,1984.5,1971.0,11500.0,-0.0144
2022-10-20,1977.5,1956.0,1977.5,1954.0,12330.0,-0.0034999999999999996
2022-10-21,1893.5,1910.0,1910.0,1893.5,16070.0,-0.0425
2022-10-24,1888.0,1915.0,1915.0,1888.0,10450.0,-0.0029
2022-10-25,1870.0,1880.0,1880.0,1870.0,9470.0,-0.0095
2022-10-26,1889.5,1890.0,1890.0,1888.0,11350.0,0.0104
2022-10-27,1865.0,1880.0,1880.0,1865.0,9070.0,-0.013000000000000001
2022-10-28,1986.5,1930.0,1986.5,1929.0,26550.0,0.06509999999999999
2022-10-31,1973.0,1959.0,1973.0,1957.0,21390.0,-0.0068000000000000005
2022-11-01,1980.5,1995.0,1995.0,1980.5,11960.0,0.0038
2022-11-02,1988.5,1965.0,1988.5,1963.0,9980.0,0.004
2022-11-03,1995.5,1980.0,1995.5,1978.0,9540.0,0.0034999999999999996
2022-11-04,1996.5,2020.0,2020.0,1996.5,13730.0,0.0005
2022-11-07,2036.5,2010.0,2036.5,2008.0,15070.0,0.02
2022-11-08,2054.0,2040.0,2054.0,2034.0,10610.0,0.0086
2022-11-09,2077.0,2052.0,2077.0,2052.0,21820.0,0.011200000000000002
2022-11-10,2098.0,2058.0,2098.0,2057.0,13040.0,0.0101
2022-11-11,2161.5,2175.0,2175.0,2156.0,25250.0,0.030299999999999997
2022-11-14,2190.0,2170.0,2190.0,2168.0,17620.0,0.0132
2022-11-15,2218.0,2220.0,2220.0,2218.0,18330.0,0.0128
2022-11-16,2170.5,2205.0,2205.0,2170.5,18690.0,-0.021400000000000002
2022-11-17,2150.5,2160.0,2160.0,2150.5,12660.0,-0.0092
2022-11-18,2154.0,2184.0,2184.0,2154.0,12790.0,0.0016
2022-11-21,2101.0,2130.0,2130.0,2101.0,7730.0,-0.0246
2022-11-22,2093.5,2111.0,2113.0,2093.5,8910.0,-0.0036
2022-11-23,2107.5,2100.0,2107.5,2096.0,6440.0,0.0067
2022-11-24,2130.0,2140.0,2140.0,2130.0,5400.0,0.010700000000000001
2022-11-25,2117.0,2140.0,2140.0,2117.0,6690.0,-0.0060999999999999995
2022-11-28,2113.5,2115.0,2115.0,2113.5,6760.0,-0.0017000000000000001
2022-11-29,2134.5,2142.0,2142.0,2134.5,6830.0,0.009899999999999999
2022-11-30,2193.0,2170.0,2193.0,2169.0,13480.0,0.0274
2022-12-01,2173.5,2172.0,2173.5,2169.0,9910.0,-0.0089
2022-12-02,2202.5,2187.0,2202.5,2183.0,9820.0,0.013300000000000001
2022-12-05,2238.5,2214.0,2238.5,2212.0,8340.0,0.0163
2022-12-06,2220.5,2228.0,2228.0,2220.5,10820.0,-0.008
2022-12-07,2212.0,2225.0,2225.0,2212.0,8630.0,-0.0038
2022-12-08,2212.0,2220.0,2220.0,2212.0,6660.0,0.0
2022-12-09,2199.5,2222.0,2222.0,2199.5,7860.0,-0.005699999999999999
2022-12-12,2180.5,2195.0,2195.0,2180.5,10580.0,-0.0086
2022-12-13,2205.5,2210.0,2210.0,2205.5,11170.0,0.0115
2022-12-14,2181.0,2157.0,2181.0,2152.0,8890.0,-0.0111
2022-12-15,2153.0,2144.0,2153.0,2142.0,20980.0,-0.0128
2022-12-16,2151.5,2162.0,2162.0,2151.5,7720.0,-0.0007000000000000001
2022-12-19,2160.0,2170.0,2170.0,2160.0,11820.0,0.004
2022-12-20,2180.0,2170.0,2180.0,2165.0,8920.0,0.009300000000000001
2022-12-21,2212.5,2190.0,2212.5,2186.5,13070.0,0.0149
2022-12-22,2216.5,2236.0,2236.0,2216.5,15380.0,0.0018
2022-12-23,2273.5,2248.0,2273.5,2236.0,12530.0,0.025699999999999997
2022-12-28,2218.0,2270.0,2270.0,2218.0,22020.0,-0.024399999999999998
2022-12-29,2272.5,2270.0,2272.5,2269.0,13710.0,0.0246
2022-12-30,2293.0,2285.0,2293.0,2281.0,13250.0,0.009000000000000001
2023-01-03,2280.0,2268.0,2280.0,2266.0,17270.0,-0.005699999999999999
2023-01-04,2268.0,2270.0,2270.0,2265.0,15760.0,-0.0053
2023-01-05,2217.5,2250.0,2250.0,2217.5,19530.0,-0.0223
2023-01-06,2200.5,2196.0,2200.5,2195.0,16370.000000000002,-0.0077
2023-01-09,2251.5,2290.0,2290.0,2251.5,33100.0,0.0232
2023-01-10,2200.0,2195.0,2200.0,2193.0,29590.0,-0.0229
2023-01-11,2192.0,2185.0,2192.0,2182.0,21380.0,-0.0036
2023-01-12,2198.0,2142.0,2198.0,2141.0,26490.0,0.0027
2023-01-13,2251.0,2195.0,2251.0,2193.0,24060.0,0.0241
2023-01-16,2218.0,2250.0,2250.0,2218.0,12780.0,-0.0147
2023-01-17,2224.5,2230.0,2230.0,2222.0,10970.0,0.0029
2023-01-18,2183.0,2210.0,2210.0,2183.0,15950.0,-0.0187
2023-01-19,2142.5,2159.0,2159.0,2142.5,23320.0,-0.018600000000000002
2023-01-20,2089.0,2144.0,2144.0,2089.0,19580.0,-0.025
2023-01-23,2055.0,2105.0,2105.0,2055.0,14270.0,-0.0163
2023-01-24,2126.0,2075.0,2126.0,2068.0,13940.0,0.0345
2023-01-25,2160.5,2145.0,2160.5,2145.0,21280.0,0.016200000000000003
2023-01-26,2204.5,2195.0,2204.5,2188.0,13970.0,0.0204
2023-01-27,2183.0,2200.0,2200.0,2183.0,10310.0,-0.0098
2023-01-30,2159.5,2170.0,2170.0,2159.5,9850.0,-0.0108
2023-01-31,2136.5,2150.0,2150.0,2136.5,10810.0,-0.010700000000000001
2023-02-01,2138.5,2160.0,2160.0,2138.5,12140.0,0.0009
2023-02-02,2133.0,2140.0,2140.0,2133.0,11570.0,-0.0026
2023-02-03,2099.5,2130.0,2130.0,2099.5,11600.0,-0.015700000000000002
2023-02-06,2100.0,2120.0,2120.0,2100.0,10520.0,0.0002
2023-02-07,2098.0,2090.0,2098.0,2081.0,11190.0,-0.001
2023-02-08,2120.5,2120.0,2120.5,2118.0,12600.0,0.010700000000000001
2023-02-09,2126.0,2125.0,2126.0,2125.0,12820.0,0.0026
2023-02-10,2078.5,2100.0,2100.0,2078.5,15210.0,-0.0223
2023-02-13,2097.0,2100.0,2100.0,2092.0,10340.0,0.0089
2023-02-14,2095.0,2111.0,2111.0,2095.0,9140.0,-0.001
2023-02-15,2052.5,2072.0,2072.0,2052.5,19200.0,-0.0203
2023-02-16,2029.5,2050.0,2050.0,2029.5,19200.0,-0.011200000000000002
2023-02-17,2065.0,2060.0,2065.0,2044.0,17930.0,0.0175
2023-02-20,2154.5,2100.0,2154.5,2095.0,14130.0,0.0433
2023-02-21,2141.5,2165.0,2165.0,2141.5,15370.0,-0.006
2023-02-22,2103.5,2147.0,2147.0,2103.5,13560.0,-0.0177
2023-02-23,2056.0,2095.0,2095.0,2056.0,15370.0,-0.0226
2023-02-24,2071.0,2068.0,2071.0,2068.0,11520.0,0.0073
2023-02-27,2111.5,2102.0,2111.5,2101.0,11320.0,0.0196
2023-02-28,2104.0,2084.0,2104.0,2081.0,9670.0,-0.0036
2023-03-01,2141.5,2135.0,2141.5,2133.0,13950.0,0.0178
2023-03-02,2125.5,2115.0,2125.5,2110.0,11550.0,-0.0075
2023-03-03,2119.5,2140.0,2140.0,2119.5,11970.0,-0.0028000000000000004
2023-03-06,2122.5,2130.0,2130.0,2122.0,10590.0,0.0014000000000000002
2023-03-07,2087.5,2095.0,2095.0,2087.5,13420.0,-0.0165
2023-03-08,2092.0,2093.0,2093.0,2090.0,7020.0,0.0022
2023-03-09,2084.0,2082.0,2084.0,2080.5,5500.0,-0.0038
2023-03-10,2077.0,2075.0,2077.0,2074.0,10580.0,-0.0034000000000000002
2023-03-13,2082.0,2069.0,2082.0,2068.0,15320.0,0.0024
2023-03-14,2085.5,2100.0,2100.0,2085.5,10560.0,0.0017000000000000001
2023-03-15,2069.0,2090.0,2090.0,2069.0,15860.0,-0.0079
2023-03-16,2066.5,2070.0,2070.0,2062.0,12960.0,-0.0012
2023-03-17,2089.5,2070.0,2089.5,2068.0,15660.0,0.0111
2023-03-20,2118.0,2096.0,2118.0,2096.0,13050.0,0.013600000000000001
2023-03-21,2094.5,2110.0,2110.0,2094.5,20740.0,-0.0111
2023-03-22,2116.0,2125.0,2125.0,2116.0,10370.0,0.0103
2023-03-23,2126.0,2134.0,2134.0,2126.0,12490.0,0.004699999999999999
2023-03-24,2125.5,2117.0,2125.5,2115.0,8050.000000000001,-0.0002
2023-03-27,2133.0,2113.0,2133.0,2111.0,7220.0,0.0034999999999999996
2023-03-28,2135.0,2140.0,2140.0,2135.0,12920.0,0.0009
2023-03-29,2138.5,2152.0,2152.0,2138.5,17180.0,0.0016
2023-03-30,2138.5,2150.0,2150.0,2138.5,14100.0,0.0
2023-03-31,2107.0,2128.0,2128.0,2107.0,14040.0,-0.0147
2023-04-03,2115.5,2130.0,2130.0,2115.5,12480.0,0.004
2023-04-04,2117.0,2119.0,2119.0,2117.0,9750.0,0.0007000000000000001
2023-04-05,2110.5,2120.0,2120.0,2110.5,9640.0,-0.0031
2023-04-06,2095.5,2120.0,2120.0,2095.5,12320.0,-0.0070999999999999995
2023-04-11,2087.0,2100.0,2100.0,2087.0,13420.0,-0.0040999999999999995
2023-04-12,2129.0,2110.0,2129.0,2106.5,15300.0,0.020099999999999996
2023-04-13,2146.5,2140.0,2146.5,2131.0,19540.0,0.008199999999999999
2023-04-14,2170.0,2165.0,2170.0,2163.0,20610.0,0.0109
2023-04-17,2113.0,2110.0,2113.0,2107.0,22150.0,-0.0263
2023-04-18,2145.0,2135.0,2145.0,2133.0,12160.0,0.0151
2023-04-19,2156.0,2138.0,2156.0,2133.0,19850.0,0.0051
2023-04-20,2153.0,2165.0,2165.0,2153.0,14230.0,-0.0014000000000000002
2023-04-21,2161.0,2165.0,2165.0,2161.0,13690.0,0.0037
2023-04-24,2143.0,2133.0,2143.0,2132.0,10630.0,-0.0083
2023-04-25,2106.5,2135.0,2135.0,2106.5,11710.0,-0.017
2023-04-26,2105.0,2110.0,2110.0,2105.0,13720.0,-0.0007000000000000001
2023-04-27,2099.5,2110.0,2110.0,2099.5,9350.0,-0.0026
2023-04-28,2148.0,2135.0,2148.0,2131.0,13470.0,0.0231
2023-05-02,2172.5,2160.0,2172.5,2157.0,16450.0,0.011399999999999999
2023-05-03,2131.0,2150.0,2150.0,2131.0,13310.0,-0.0191
2023-05-04,2101.5,2130.0,2130.0,2101.5,15570.0,-0.0138
2023-05-05,2117.5,2120.0,2120.0,2117.5,11410.0,0.0076
2023-05-09,2137.0,2134.0,2137.0,2121.0,13440.0,0.0092
2023-05-10,2136.5,2135.0,2137.0,2135.0,14890.0,-0.0002
2023-05-11,2107.5,2126.0,2126.0,2107.5,16040.0,-0.013600000000000001
2023-05-12,2076.0,2100.0,2100.0,2076.0,26240.0,-0.0149
2023-05-15,2072.5,2090.0,2090.0,2072.5,14740.0,-0.0017000000000000001
2023-05-16,2045.5,2075.0,2075.0,2045.5,19850.0,-0.013000000000000001
2023-05-17,2055.5,2060.0,2060.0,2055.5,17210.0,0.0049
2023-05-18,2055.5,2060.0,2060.0,2054.0,11660.0,0.0
2023-05-19,2093.5,2090.0,2093.5,2086.0,16360.0,0.018500000000000003
2023-05-22,2087.5,2085.0,2087.5,2084.0,9690.0,-0.0029
2023-05-23,2073.0,2075.0,2075.0,2070.0,13170.0,-0.0069
2023-05-24,2049.0,2062.0,2062.0,2049.0,13560.0,-0.0116
2023-05-25,2074.0,2035.0,2074.0,2031.0,22610.0,0.012199999999999999
2023-05-26,2078.5,2066.0,2078.5,2062.0,11030.0,0.0022
2023-05-30,2064.0,2073.0,2073.0,2064.0,8500.0,-0.006999999999999999
2023-05-31,2012.5,2032.0,2032.0,2012.5,19530.0,-0.025
2023-06-01,1999.0,1992.0,1999.0,1990.0,26550.0,-0.0067
2023-06-02,2031.5,2012.0,2031.5,2005.0,16620.0,0.0163
2023-06-05,2028.0,2040.0,2040.0,2028.0,10080.0,-0.0017000000000000001
2023-06-06,2026.0,2032.0,2032.0,2026.0,10650.0,-0.001
2023-06-07,2044.5,2042.0,2044.5,2038.0,10690.0,0.0091
2023-06-08,2037.5,2020.5,2037.5,2019.5,9460.0,-0.0034000000000000002
2023-06-09,2056.0,2050.0,2056.0,2047.0,13080.0,0.0091
2023-06-12,2073.0,2075.0,2075.0,2072.5,16210.0,0.0083
2023-06-13,2080.5,2080.0,2080.5,2076.0,13060.0,0.0036
2023-06-14,2117.5,2115.0,2117.5,2106.0,26050.0,0.0178
2023-06-15,2130.5,2135.0,2135.0,2130.5,27130.0,0.0060999999999999995
2023-06-16,2141.0,2135.0,2141.0,2132.0,21020.0,0.0049
2023-06-19,2133.5,2149.0,2149.0,2133.5,16930.0,-0.0034999999999999996
2023-06-20,2144.5,2125.0,2144.5,2122.0,27510.0,0.0052
2023-06-21,2172.0,2150.0,2172.0,2145.5,19980.0,0.0128
2023-06-22,2163.5,2170.0,2170.0,2163.0,15420.0,-0.0039000000000000003
2023-06-23,2123.0,2140.0,2140.0,2123.0,18400.0,-0.0187
2023-06-26,2069.5,2099.0,2099.0,2069.5,17840.0,-0.0252
2023-06-27,2096.5,2100.0,2100.0,2095.0,14450.0,0.013000000000000001
2023-06-28,2071.0,2090.0,2090.0,2071.0,11910.0,-0.012199999999999999
2023-06-29,2051.0,2055.0,2055.0,2051.0,12880.0,-0.0097
2023-06-30,2099.5,2065.0,2099.5,2063.0,17740.0,0.0236
2023-07-03,2092.0,2083.0,2092.0,2080.0,10630.0,-0.0036
2023-07-04,2093.0,2095.0,2095.0,2091.0,6770.0,0.0005
2023-07-05,2066.0,2077.5,2077.5,2066.0,14580.0,-0.0129
2023-07-06,2050.5,2060.0,2060.0,2050.5,20020.0,-0.0075
2023-07-07,2052.5,2040.0,2052.5,2031.0,21390.0,0.001
2023-07-10,2062.5,2060.0,2062.5,2056.0,8980.0,0.0049
2023-07-11,2052.0,2060.0,2060.0,2052.0,14580.0,-0.0051
2023-07-12,2085.5,2070.0,2085.5,2070.0,15060.0,0.0163
2023-07-13,2127.0,2115.0,2127.0,2111.0,13980.0,0.0199
2023-07-14,2122.5,2123.0,2124.0,2122.5,16420.0,-0.0021
2023-07-17,2099.5,2102.0,2102.0,2092.5,13510.0,-0.0108
2023-07-18,2096.0,2095.0,2101.0,2095.0,11240.0,-0.0017000000000000001
2023-07-19,2085.5,2095.0,2095.0,2085.5,10400.0,-0.005
2023-07-20,2107.0,2100.0,2107.0,2092.0,10860.0,0.0103
2023-07-21,2139.5,2135.0,2139.5,2135.0,18970.0,0.0154
2023-07-24,2175.0,2147.0,2175.0,2140.0,21470.0,0.0166
2023-07-25,2179.5,2165.0,2179.5,2158.0,20690.0,0.0021
2023-07-26,2152.0,2155.0,2155.0,2152.0,12750.0,-0.0126
2023-07-27,2158.0,2175.0,2175.0,2158.0,13670.0,0.0028000000000000004
2023-07-28,2158.5,2160.0,2160.0,2156.0,13950.0,0.0002
2023-07-31,2149.0,2155.0,2155.0,2149.0,11170.0,-0.0044
2023-08-01,2147.0,2160.0,2160.0,2147.0,11080.0,-0.0009
2023-08-02,2146.5,2145.0,2146.5,2143.0,11970.0,-0.0002
2023-08-03,2157.0,2151.0,2157.0,2147.0,10040.0,0.0049
2023-08-04,2127.5,2138.0,2138.0,2127.5,9340.0,-0.0137
2023-08-07,2138.0,2156.0,2156.0,2138.0,11980.0,0.0049
2023-08-08,2125.0,2120.0,2125.0,2119.0,30530.0,-0.0060999999999999995
2023-08-09,2127.0,2129.0,2129.0,2127.0,9910.0,0.0009
2023-08-10,2136.5,2134.0,2136.5,2130.0,8520.0,0.0045000000000000005
2023-08-11,2109.0,2124.0,2124.0,2109.0,14100.0,-0.0129
2023-08-14,2096.0,2105.0,2105.0,2096.0,15630.0,-0.0062
2023-08-15,2121.5,2110.0,2121.5,2106.0,23850.0,0.012199999999999999
2023-08-16,2120.5,2110.0,2124.0,2110.0,14240.0,-0.0005
2023-08-17,2141.5,2140.0,2141.5,2137.0,11420.0,0.009899999999999999
2023-08-18,2149.5,2150.0,2150.0,2138.0,14300.0,0.0037
2023-08-21,2165.0,2150.0,2165.0,2147.0,18220.0,0.0072
2023-08-22,2152.5,2185.0,2185.0,2152.5,19440.0,-0.0058
2023-08-23,2187.5,2182.0,2187.5,2177.0,20080.0,0.0163
2023-08-24,2183.0,2188.0,2188.0,2183.0,16990.0,-0.0021
2023-08-25,2161.0,2172.0,2172.0,2161.0,14590.0,-0.0101
2023-08-29,2191.5,2155.0,2191.5,2152.0,28340.0,0.0141
2023-08-30,2182.5,2204.0,2204.0,2182.5,22970.0,-0.0040999999999999995
2023-08-31,2218.0,2192.0,2218.0,2190.0,31980.0,0.0163
2023-09-01,2248.5,2270.0,2270.0,2248.5,39850.0,0.0138
2023-09-04,2223.0,2215.0,2223.0,2214.5,17490.0,-0.0113
2023-09-05,2233.5,2220.0,2233.5,2219.0,21210.0,0.004699999999999999
2023-09-06,2225.5,2230.0,2230.5,2225.5,17450.0,-0.0036
2023-09-07,2229.5,2235.0,2235.0,2229.5,19490.0,0.0018
2023-09-08,2227.5,2220.0,2227.5,2217.0,16170.000000000002,-0.0009
2023-09-11,2249.0,2248.0,2249.0,2243.0,20350.0,0.0097
2023-09-12,2219.5,2235.0,2235.0,2219.5,18820.0,-0.0131
2023-09-13,2217.5,2213.0,2217.5,2208.0,13190.0,-0.0009
2023-09-14,2245.0,2232.0,2245.0,2228.0,16710.0,0.0124
2023-09-15,2261.0,2250.0,2261.0,2245.5,18830.0,0.0070999999999999995
2023-09-18,2247.5,2241.0,2247.5,2241.0,16040.0,-0.006
2023-09-19,2220.0,2230.0,2230.0,2220.0,19160.0,-0.012199999999999999
2023-09-20,2214.0,2230.0,2230.0,2214.0,23040.0,-0.0027
2023-09-21,2183.5,2185.0,2185.0,2183.5,28470.0,-0.0138
2023-09-22,2214.0,2197.0,2214.0,2195.0,15290.0,0.013999999999999999
2023-09-25,2181.0,2202.0,2202.0,2181.0,14320.0,-0.0149
2023-09-26,2186.5,2195.0,2195.0,2186.5,11350.0,0.0025
2023-09-27,2153.0,2159.0,2160.0,2153.0,16920.0,-0.015300000000000001
2023-09-28,2195.5,2162.0,2195.5,2162.0,19270.0,0.0197
2023-09-29,2171.0,2175.0,2181.0,2171.0,13780.0,-0.011200000000000002
2023-10-02,2146.0,2173.0,2173.0,2146.0,13940.0,-0.0115
2023-10-03,2118.0,2130.0,2130.0,2118.0,21800.0,-0.013000000000000001
2023-10-04,2117.5,2135.0,2135.0,2117.5,17330.0,-0.0002
2023-10-05,2135.5,2117.0,2135.5,2113.0,15560.0,0.0085
2023-10-06,2143.5,2165.0,2165.0,2143.5,16580.0,0.0037
2023-10-09,2130.5,2147.0,2147.0,2130.5,18550.0,-0.0060999999999999995
2023-10-10,2102.0,2110.0,2110.0,2102.0,24430.0,-0.0134
2023-10-11,2093.5,2102.0,2102.0,2093.5,17420.0,-0.004
2023-10-12,2054.0,2080.0,2080.0,2054.0,23340.0,-0.0189
2023-10-13,2042.0,2048.0,2048.0,2042.0,25240.0,-0.0058
2023-10-16,2073.0,2050.0,2073.0,2046.0,26740.0,0.0152
2023-10-17,2078.0,2068.0,2078.0,2063.5,35700.0,0.0024
2023-10-18,2101.5,2115.0,2115.0,2101.5,14430.0,0.0113
2023-10-19,2097.5,2098.0,2098.0,2097.0,18150.0,-0.0019
2023-10-20,2099.5,2090.0,2099.5,2082.0,11960.0,0.001
2023-10-23,2102.5,2097.0,2102.5,2094.0,14040.0,0.0014000000000000002
2023-10-24,2109.5,2103.0,2109.5,2100.0,15070.0,0.0033
2023-10-25,2085.0,2097.0,2097.0,2085.0,16050.0,-0.0116
2023-10-26,2094.0,2090.0,2094.0,2089.5,11330.0,0.0043
2023-10-27,2123.0,2110.0,2123.0,2106.0,13990.0,0.0138
2023-10-30,2121.5,2133.0,2133.0,2121.5,13050.0,-0.0007000000000000001
2023-10-31,2085.0,2110.0,2110.0,2085.0,14400.0,-0.0172
2023-11-01,2104.0,2108.0,2108.0,2104.0,17810.0,0.0091
2023-11-02,2123.0,2118.0,2123.0,2112.5,12650.0,0.009000000000000001
2023-11-03,2171.5,2164.0,2171.5,2160.0,24770.0,0.022799999999999997
2023-11-06,2180.5,2180.0,2180.5,2173.0,28630.0,0.0040999999999999995
2023-11-07,2188.5,2175.0,2188.5,2171.0,27070.0,0.0037
2023-11-08,2190.5,2196.0,2196.0,2190.5,29880.0,0.0009
2023-11-09,2190.0,2183.0,2190.0,2177.0,20050.0,-0.0002
2023-11-10,2180.0,2190.0,2190.0,2180.0,18360.0,-0.0046
2023-11-13,2170.0,2179.0,2179.0,2170.0,14200.0,-0.0046
2023-11-14,2201.5,2164.0,2201.5,2162.0,16059.999999999998,0.014499999999999999
2023-11-15,2246.0,2226.0,2246.0,2221.0,33320.0,0.0202
2023-11-16,2283.0,2270.0,2283.0,2264.0,41360.0,0.0165
2023-11-17,2294.0,2285.0,2294.0,2280.0,32400.0,0.0048
2023-11-20,2275.0,2288.0,2288.0,2275.0,24240.0,-0.0083
2023-11-21,2271.0,2272.0,2272.0,2268.0,27840.0,-0.0018
2023-11-22,2221.5,2250.0,2250.0,2221.5,21910.0,-0.0218
2023-11-23,2214.0,2216.0,2216.0,2214.0,11220.0,-0.0034000000000000002
2023-11-24,2196.5,2207.0,2207.0,2196.5,17110.0,-0.0079
2023-11-27,2162.0,2180.0,2180.0,2162.0,15480.0,-0.015700000000000002
2023-11-28,2155.0,2150.0,2155.0,2150.0,25510.0,-0.0032
2023-11-29,2147.0,2145.0,2147.0,2140.0,23980.0,-0.0037
2023-11-30,2123.0,2138.0,2138.0,2123.0,18680.0,-0.011200000000000002
2023-12-01,2119.0,2129.0,2129.0,2119.0,20020.0,-0.0019
2023-12-04,2093.5,2126.0,2126.0,2093.5,20250.0,-0.012
2023-12-05,2051.5,2074.0,2074.0,2051.5,42940.0,-0.020099999999999996
2023-12-06,2029.0,2039.0,2039.0,2029.0,39050.0,-0.011000000000000001
2023-12-07,2018.0,2030.0,2030.0,2018.0,33300.0,-0.0054
2023-12-08,2025.5,2037.0,2037.0,2025.5,23490.0,0.0037
2023-12-11,2057.0,2027.0,2057.0,2025.0,24300.0,0.015600000000000001
2023-12-12,2037.5,2078.0,2078.0,2037.5,22370.0,-0.0095
2023-12-13,2034.0,2045.0,2045.0,2034.0,11080.0,-0.0017000000000000001
2023-12-14,2069.0,2070.0,2070.0,2064.0,19600.0,0.0172
2023-12-15,2081.5,2088.0,2088.0,2081.5,17590.0,0.006
2023-12-18,2058.0,2092.0,2092.0,2058.0,16340.0,-0.0113
2023-12-19,2064.5,2063.0,2064.5,2060.0,16340.0,0.0032
2023-12-20,2082.5,2085.0,2085.0,2082.5,18360.0,0.0087
2023-12-21,2066.0,2079.0,2079.0,2066.0,8830.0,-0.0079
2023-12-22,2063.0,2075.0,2075.0,2063.0,7340.0,-0.0015
2023-12-27,2086.5,2080.0,2086.5,2078.0,12300.0,0.011399999999999999
2023-12-28,2086.5,2085.0,2086.5,2082.5,8480.0,0.0
2023-12-29,2068.5,2077.0,2077.0,2067.0,11600.0,-0.0086
2024-01-02,2064.0,2067.0,2067.0,2057.0,12890.0,-0.0022
2024-01-03,2046.0,2060.0,2060.0,2046.0,16140.0,-0.0087
2024-01-04,2041.5,2047.0,2047.0,2041.5,9290.0,-0.0022
2024-01-05,2076.0,2059.0,2076.0,2055.0,20060.0,0.0169
2024-01-08,2063.0,2065.0,2065.0,2061.0,14210.0,-0.0063
2024-01-09,2051.5,2069.0,2069.0,2051.5,10040.0,-0.005600000000000001
2024-01-10,2083.5,2084.0,2084.0,2082.0,14850.0,0.015600000000000001
2024-01-11,2095.5,2120.0,2120.0,2095.5,16570.0,0.0058
2024-01-12,2091.0,2090.0,2091.0,2087.5,15520.0,-0.0021
2024-01-15,2108.5,2104.0,2108.5,2099.0,8080.0,0.0084
2024-01-16,2104.0,2112.0,2112.0,2104.0,14470.0,-0.0021
2024-01-17,2064.0,2062.0,2064.0,2060.0,38690.0,-0.019
2024-01-18,2076.5,2061.0,2076.5,2061.0,19420.0,0.0060999999999999995
2024-01-19,2105.5,2095.0,2105.5,2091.0,23210.0,0.013999999999999999
2024-01-22,2124.5,2102.0,2124.5,2099.0,20230.0,0.009000000000000001
2024-01-23,2167.5,2153.0,2167.5,2152.5,38430.0,0.0202
2024-01-24,2162.0,2173.0,2173.0,2162.0,31700.0,-0.0025
2024-01-25,2151.0,2170.0,2170.0,2151.0,35870.0,-0.0051
2024-01-26,2164.0,2146.0,2164.0,2143.0,17740.0,0.006
2024-01-29,2172.0,2167.0,2172.0,2165.0,18360.0,0.0037
2024-01-30,2177.0,2165.0,2177.0,2162.0,15040.0,0.0023
2024-01-31,2158.5,2170.0,2170.0,2158.5,19250.0,-0.0085
2024-02-01,2151.5,2152.0,2152.0,2149.0,20300.0,-0.0032
2024-02-02,2145.0,2143.0,2145.0,2138.0,15440.0,-0.003
2024-02-05,2114.0,2130.0,2130.0,2114.0,16980.0,-0.014499999999999999
2024-02-06,2114.0,2119.0,2119.0,2114.0,14810.0,0.0
2024-02-07,2099.5,2113.0,2113.0,2099.5,17780.0,-0.0069
2024-02-08,2054.5,2094.0,2094.0,2054.5,18630.0,-0.021400000000000002
2024-02-09,2032.0,2045.5,2045.5,2032.0,26710.0,-0.011000000000000001
2024-02-12,2024.0,2050.0,2050.0,2024.0,21670.0,-0.0039000000000000003
2024-02-13,1998.0,2022.0,2022.0,1998.0,24730.0,-0.0128
2024-02-14,2016.0,2012.0,2016.0,2010.0,25780.0,0.009000000000000001
2024-02-15,2042.0,2048.0,2048.0,2042.0,29190.0,0.0129
2024-02-16,2064.0,2057.0,2064.0,2053.0,16980.0,0.0108
2024-02-19,2043.0,2045.0,2045.0,2043.0,15800.0,-0.0102
2024-02-20,2048.0,2040.0,2048.0,2040.0,13980.0,0.0024
2024-02-21,2077.5,2072.0,2077.5,2071.0,17240.0,0.0144
2024-02-22,2087.5,2076.0,2087.5,2074.0,14800.0,0.0048
2024-02-23,2095.5,2089.0,2095.5,2085.0,14590.0,0.0038
2024-02-26,2097.0,2094.0,2097.0,2093.0,19180.0,0.0007000000000000001
2024-02-27,2090.5,2105.0,2105.0,2090.5,15730.0,-0.0031
2024-02-28,2083.0,2084.0,2084.0,2080.0,15040.0,-0.0036
2024-02-29,2059.0,2070.0,2070.0,2059.0,17540.0,-0.0115
2024-03-01,2034.5,2058.0,2059.0,2034.5,22620.0,-0.011899999999999999
2024-03-04,2052.5,2040.0,2052.5,2040.0,16110.0,0.0088
2024-03-05,2046.5,2039.0,2046.5,2037.0,17680.0,-0.0029
2024-03-06,2065.5,2068.0,2068.0,2063.0,18540.0,0.009300000000000001
2024-03-07,2108.0,2095.0,2108.0,2095.0,20740.0,0.0206
2024-03-08,2104.5,2130.0,2130.0,2104.5,30300.0,-0.0017000000000000001
2024-03-11,2126.0,2118.0,2126.0,2118.0,23820.0,0.0102
2024-03-12,2144.0,2146.0,2146.0,2141.0,20940.0,0.0085
2024-03-13,2169.0,2165.0,2169.0,2160.0,20550.0,0.011699999999999999
2024-03-14,2158.0,2150.0,2158.0,2146.0,18860.0,-0.0051
2024-03-15,2129.5,2123.0,2129.5,2117.0,32600.0,-0.0132
2024-03-18,2090.0,2123.0,2123.0,2090.0,24250.0,-0.018500000000000003
2024-03-19,2093.0,2089.0,2093.0,2087.5,22700.0,0.0014000000000000002
2024-03-20,2064.0,2070.0,2071.0,2064.0,23870.0,-0.0139
2024-03-21,2050.5,2073.0,2073.0,2050.5,24440.0,-0.006500000000000001
2024-03-22,2036.5,2035.0,2036.5,2032.0,27200.0,-0.0068000000000000005
2024-03-25,2034.5,2030.0,2034.5,2029.0,24400.0,-0.001
2024-03-26,2020.0,2028.0,2028.0,2020.0,17220.0,-0.0070999999999999995
2024-03-27,2003.0,2005.0,2005.0,2003.0,24670.0,-0.0084
2024-03-28,2055.0,2007.0,2055.0,2004.5,38970.0,0.026000000000000002
2024-04-02,2020.5,2039.0,2039.0,2020.5,28960.0,-0.0168
2024-04-03,2082.0,2053.0,2082.0,2050.5,24070.0,0.0304
2024-04-04,2139.0,2117.0,2139.0,2115.0,31850.0,0.0274
2024-04-05,2123.5,2122.0,2123.5,2117.0,30090.0,-0.0072
2024-04-08,2144.0,2140.0,2144.0,2136.0,36540.0,0.0097
2024-04-09,2161.0,2158.0,2161.0,2155.0,27450.0,0.0079
2024-04-10,2175.0,2176.0,2177.0,2175.0,32800.0,0.006500000000000001
2024-04-11,2143.0,2169.0,2169.0,2143.0,23570.0,-0.0147
2024-04-12,2176.5,2170.0,2176.5,2170.0,28110.0,0.015600000000000001
2024-04-15,2185.0,2175.0,2185.0,2170.0,26560.0,0.0039000000000000003
2024-04-16,2148.0,2185.0,2185.0,2148.0,27170.0,-0.0169
2024-04-17,2155.5,2163.0,2163.0,2155.5,22690.0,0.0034999999999999996
2024-04-18,2180.0,2190.0,2190.0,2180.0,24710.0,0.011399999999999999
2024-04-19,2218.5,2193.0,2218.5,2188.0,29840.0,0.0177
2024-04-22,2170.0,2185.0,2185.0,2170.0,25220.0,-0.0219
2024-04-23,2184.5,2155.0,2184.5,2145.0,19620.0,0.0067
2024-04-24,2196.5,2205.0,2205.0,2196.5,17670.0,0.0055000000000000005
2024-04-25,2207.5,2216.0,2216.0,2207.5,13220.0,0.005
2024-04-26,2207.5,2235.0,2235.0,2207.5,20370.0,0.0
2024-04-29,2230.5,2213.0,2230.5,2208.0,13980.0,0.0104
2024-04-30,2217.0,2225.0,2225.0,2217.0,22270.0,-0.0060999999999999995
2024-05-01,2180.0,2191.0,2191.0,2180.0,14720.0,-0.0167
2024-05-02,2180.0,2189.0,2189.0,2180.0,15390.0,0.0
2024-05-03,2215.0,2197.0,2215.0,2194.0,12790.0,0.0161
2024-05-07,2243.5,2244.0,2244.0,2238.0,25250.0,0.0129
2024-05-08,2229.0,2228.0,2229.0,2226.0,20100.0,-0.006500000000000001
2024-05-09,2233.5,2225.0,2233.5,2216.0,12740.0,0.002
2024-05-10,2222.5,2243.0,2243.0,2222.5,13700.0,-0.0049
2024-05-13,2250.5,2236.0,2250.5,2234.0,16340.0,0.0126
2024-05-14,2259.0,2250.0,2259.0,2250.0,21420.0,0.0038
2024-05-15,2270.0,2278.0,2278.0,2270.0,24830.0,0.0049
2024-05-16,2294.0,2284.0,2294.0,2280.0,21230.0,0.0106
2024-05-17,2283.5,2289.0,2289.0,2283.5,21100.0,-0.0046
2024-05-20,2340.5,2337.0,2340.5,2336.0,25420.0,0.025
2024-05-21,2336.5,2345.0,2345.0,2336.5,27030.0,-0.0017000000000000001
2024-05-22,2314.0,2348.0,2348.0,2314.0,22740.0,-0.0096
2024-05-23,2306.0,2285.0,2306.0,2280.0,21320.0,-0.0034999999999999996
2024-05-24,2298.0,2299.0,2299.0,2289.0,13370.0,-0.0034999999999999996
2024-05-28,2343.5,2342.0,2343.5,2341.0,18940.0,0.019799999999999998
2024-05-29,2319.5,2315.0,2319.5,2314.0,17320.0,-0.0102
2024-05-30,2277.0,2284.0,2284.0,2277.0,15920.0,-0.0183
2024-05-31,2273.0,2305.0,2305.0,2273.0,18090.0,-0.0018
2024-06-03,2288.0,2285.0,2288.0,2279.0,13950.0,0.0066
2024-06-04,2243.0,2267.0,2267.0,2243.0,21590.0,-0.0197
2024-06-05,2229.5,2230.0,2230.0,2227.0,22360.0,-0.006
2024-06-06,2241.5,2244.0,2244.0,2237.0,17210.0,0.0054
2024-06-07,2199.5,2235.0,2235.0,2199.5,16930.0,-0.0187
2024-06-10,2207.0,2195.0,2207.0,2187.0,16920.0,0.0034000000000000002
2024-06-11,2156.5,2183.0,2183.0,2156.5,19280.0,-0.0229
2024-06-12,2173.0,2163.0,2173.0,2160.0,22180.0,0.0077
2024-06-13,2166.0,2175.0,2175.0,2166.0,16100.000000000002,-0.0032
2024-06-14,2139.5,2165.0,2165.0,2139.5,24890.0,-0.012199999999999999
2024-06-17,2156.5,2150.0,2156.5,2148.0,21240.0,0.0079
2024-06-18,2192.5,2162.0,2192.5,2156.0,34230.0,0.0167
2024-06-19,2198.5,2244.0,2244.0,2198.5,32310.000000000004,0.0027
2024-06-20,2216.5,2181.0,2216.5,2181.0,24040.0,0.008199999999999999
2024-06-21,2191.0,2190.0,2191.0,2185.0,22160.0,-0.0115
2024-06-24,2183.0,2190.0,2190.0,2183.0,11510.0,-0.0037
2024-06-25,2209.5,2170.0,2209.5,2163.0,22090.0,0.0121
2024-06-26,2195.0,2210.0,2212.0,2195.0,18030.0,-0.0066
2024-06-27,2180.5,2192.0,2192.0,2180.5,12810.0,-0.0066
2024-06-28,2224.0,2210.0,2224.0,2209.0,17380.0,0.0199
2024-07-01,2218.5,2227.0,2227.0,2218.5,13880.0,-0.0025
2024-07-02,2202.5,2235.0,2235.0,2202.5,20300.0,-0.0072
2024-07-03,2222.0,2210.0,2222.0,2209.5,17680.0,0.0089
2024-07-04,2226.5,2220.0,2226.5,2215.5,10880.0,0.002
2024-07-05,2237.0,2240.0,2240.0,2236.0,13590.0,0.004699999999999999
2024-07-08,2231.5,2246.0,2246.0,2231.5,17010.0,-0.0025
2024-07-09,2194.0,2213.0,2213.0,2194.0,23290.0,-0.0168
2024-07-10,2179.5,2194.0,2194.0,2179.5,16600.0,-0.0066
2024-07-11,2198.0,2195.0,2198.0,2190.0,16860.0,0.0085
2024-07-12,2210.0,2182.0,2210.0,2180.0,15420.0,0.0055000000000000005
2024-07-15,2188.0,2194.0,2194.0,2188.0,13860.0,-0.01
2024-07-16,2184.0,2178.0,2184.0,2177.0,22200.0,-0.0018
2024-07-17,2190.5,2223.0,2223.0,2190.5,31660.0,0.003
2024-07-18,2157.0,2179.0,2181.0,2157.0,24930.0,-0.015300000000000001
2024-07-19,2128.0,2148.0,2148.0,2128.0,26600.0,-0.0134
2024-07-22,2083.0,2103.0,2103.0,2083.0,27650.0,-0.021099999999999997
2024-07-23,2059.5,2074.0,2074.0,2059.5,31470.0,-0.0113
2024-07-24,2044.0,2070.0,2070.0,2044.0,29920.0,-0.0075
2024-07-25,2028.5,2038.0,2038.0,2028.5,28570.0,-0.0076
2024-07-26,2067.5,2050.0,2067.5,2048.0,30940.0,0.0192
2024-07-29,2067.5,2080.0,2080.0,2067.5,22070.0,0.0
2024-07-30,2035.0,2050.0,2050.0,2035.0,24230.0,-0.015700000000000002
2024-07-31,2083.5,2059.0,2083.5,2059.0,20390.0,0.023799999999999998
2024-08-01,2062.0,2085.0,2085.0,2062.0,22580.0,-0.0103
2024-08-02,2023.0,2041.0,2041.0,2023.0,27390.0,-0.0189
2024-08-05,1930.5,1973.0,1973.0,1930.5,36000.0,-0.045700000000000005
2024-08-06,1954.0,1965.0,1965.0,1954.0,27800.0,0.012199999999999999
2024-08-07,1967.5,1968.0,1968.0,1961.0,20160.0,0.0069
2024-08-08,1965.0,1975.0,1975.0,1965.0,21310.0,-0.0013
2024-08-09,2038.0,2030.0,2038.0,2028.0,24450.0,0.037200000000000004
2024-08-12,2047.5,2070.0,2070.0,2047.5,20490.0,0.004699999999999999
2024-08-13,1990.5,2014.0,2014.0,1990.5,19240.0,-0.0278
2024-08-14,2009.0,2005.0,2009.0,2000.0,15240.0,0.009300000000000001
2024-08-15,2034.5,2042.0,2042.0,2034.5,15700.0,0.0127
2024-08-16,2036.5,2015.0,2036.5,2013.0,11810.0,0.001
2024-08-19,2039.0,2055.0,2055.0,2039.0,13820.0,0.0012
2024-08-20,2053.5,2067.0,2067.0,2053.5,19120.0,0.0070999999999999995
2024-08-21,2085.5,2086.0,2086.0,2082.0,16680.0,0.015600000000000001
2024-08-22,2053.0,2089.0,2089.0,2053.0,13330.0,-0.015600000000000001
2024-08-23,2117.0,2105.0,2117.0,2102.0,22380.0,0.031200000000000002
2024-08-27,2124.0,2117.0,2124.0,2115.0,21130.0,0.0033
2024-08-28,2085.0,2088.0,2088.0,2083.0,15770.0,-0.0184
2024-08-29,2035.5,2057.0,2057.0,2035.5,14980.0,-0.023700000000000002
2024-08-30,2053.0,2067.0,2067.0,2053.0,18040.0,0.0086
2024-09-02,2059.5,2050.0,2059.5,2048.0,11080.0,0.0032
2024-09-03,2049.5,2043.0,2049.5,2043.0,12030.0,-0.0049
2024-09-04,2020.0,2025.0,2026.0,2020.0,16780.0,-0.0144
2024-09-05,1995.0,2014.0,2014.0,1995.0,15530.0,-0.0124
2024-09-06,1963.0,1996.0,1996.0,1963.0,18080.0,-0.016
2024-09-09,1953.0,1955.0,1955.0,1953.0,19380.0,-0.0051
2024-09-10,1955.0,1962.0,1962.0,1955.0,14550.0,0.001
2024-09-11,1988.5,1997.0,1997.0,1988.5,12230.0,0.0171
2024-09-12,2027.0,2033.0,2033.0,2027.0,13910.0,0.0194
2024-09-13,2043.5,2017.0,2043.5,2012.0,16770.0,0.008100000000000001
2024-09-16,2038.5,2056.0,2056.0,2038.5,13000.0,-0.0024
2024-09-17,2018.0,2025.0,2025.0,2018.0,15520.0,-0.0101
2024-09-18,2037.5,2026.0,2037.5,2026.0,24410.0,0.0097
2024-09-19,2074.5,2072.0,2074.5,2070.0,25900.0,0.0182
2024-09-20,2055.0,2079.0,2079.0,2055.0,17780.0,-0.009399999999999999
2024-09-23,2057.5,2050.0,2057.5,2050.0,13280.0,0.0012
2024-09-24,2085.0,2094.0,2094.0,2085.0,14760.0,0.0134
2024-09-25,2096.5,2090.0,2096.5,2085.0,17240.0,0.0055000000000000005
2024-09-26,2137.0,2142.0,2142.0,2133.0,29150.0,0.019299999999999998
2024-09-27,2119.5,2130.0,2130.0,2119.5,27060.0,-0.008199999999999999
2024-09-30,2096.0,2120.0,2120.0,2096.0,15130.0,-0.0111
2024-10-01,2108.5,2120.0,2120.0,2108.5,13110.0,0.006
2024-10-02,2151.0,2139.0,2151.0,2137.0,17400.0,0.0202
2024-10-03,2142.5,2142.0,2142.5,2137.0,15720.0,-0.004
2024-10-04,2149.5,2160.0,2160.0,2149.5,12300.0,0.0033
2024-10-07,2148.5,2164.0,2164.0,2148.5,12340.0,-0.0005
2024-10-08,2103.0,2105.0,2105.0,2102.0,22990.0,-0.0212
2024-10-09,2062.0,2068.0,2070.0,2062.0,20170.0,-0.0195
2024-10-10,2066.5,2051.0,2066.5,2051.0,16100.000000000002,0.0022
2024-10-11,2097.0,2087.0,2097.0,2085.0,12890.0,0.0148
2024-10-14,2065.0,2054.0,2065.0,2051.0,15470.0,-0.015300000000000001
2024-10-15,2079.0,2045.0,2079.0,2040.0,18010.0,0.0068000000000000005
2024-10-16,2084.0,2108.0,2108.0,2084.0,16309.999999999998,0.0024
2024-10-17,2069.5,2075.0,2075.0,2069.5,12610.0,-0.006999999999999999
2024-10-18,2072.0,2082.0,2082.0,2072.0,12170.0,0.0012
2024-10-21,2056.5,2075.0,2075.0,2056.5,13840.0,-0.0075
2024-10-22,2069.0,2085.0,2085.0,2069.0,14210.0,0.0060999999999999995
2024-10-23,2063.0,2060.0,2063.0,2055.0,13420.0,-0.0029
2024-10-24,2074.5,2075.0,2075.0,2074.0,10030.0,0.005600000000000001
2024-10-25,2046.0,2054.0,2054.0,2046.0,15180.0,-0.0137
2024-10-28,2030.5,2026.0,2030.5,2026.0,19240.0,-0.0076
2024-10-29,2004.0,2008.0,2008.0,2004.0,21820.0,-0.0131
2024-10-30,2004.0,2022.0,2022.0,2004.0,19210.0,0.0
2024-10-31,2019.5,2020.0,2020.0,2017.0,17860.0,0.0077
2024-11-01,2053.5,2073.0,2073.0,2053.5,20790.0,0.0168
2024-11-04,2033.0,2048.0,2048.0,2033.0,13900.0,-0.01
2024-11-05,2028.0,2046.0,2046.0,2028.0,14040.0,-0.0025
2024-11-06,2048.0,2021.0,2048.0,2018.0,16930.0,0.009899999999999999
2024-11-07,2038.0,2052.0,2052.0,2038.0,14590.0,-0.0049
2024-11-08,2024.0,2040.0,2040.0,2024.0,13780.0,-0.0069
2024-11-11,2022.0,2024.0,2024.0,2022.0,15940.0,-0.001
2024-11-12,2024.0,2024.0,2024.0,2022.0,15040.0,0.001
2024-11-13,2008.5,2020.0,2021.0,2008.5,16900.0,-0.0077
2024-11-14,1960.0,1971.0,1971.0,1960.0,22700.0,-0.0241
2024-11-15,1957.0,1978.0,1978.0,1957.0,20130.0,-0.0015
2024-11-18,1991.0,1963.0,1991.0,1955.0,22330.0,0.0174
2024-11-19,2001.0,1984.0,2001.0,1983.0,25110.0,0.005
2024-11-20,2021.0,2042.0,2042.0,2021.0,27540.0,0.01
2024-11-21,1999.0,2004.0,2006.0,1999.0,19630.0,-0.0109
2024-11-22,2022.0,2019.0,2022.0,2018.0,20050.0,0.0115
2024-11-25,2029.0,2047.0,2047.0,2029.0,17740.0,0.0034999999999999996
2024-11-26,2021.0,2036.0,2036.0,2021.0,18090.0,-0.0039000000000000003
2024-11-27,2056.5,2045.0,2056.5,2040.0,18000.0,0.0176
2024-11-28,2057.0,2064.0,2064.0,2057.0,13050.0,0.0002
2024-11-29,2072.5,2075.0,2075.0,2072.5,20130.0,0.0075
2024-12-02,2076.0,2072.0,2076.0,2070.0,19360.0,0.0017000000000000001
2024-12-03,2079.5,2067.0,2079.5,2062.0,19460.0,0.0017000000000000001
2024-12-04,2086.5,2084.0,2086.5,2080.0,19480.0,0.0034000000000000002
2024-12-05,2098.5,2097.0,2098.5,2093.0,18550.0,0.0058
2024-12-06,2071.5,2098.0,2098.0,2071.5,15930.0,-0.0129
2024-12-09,2067.5,2093.0,2093.0,2067.5,18130.0,-0.0019
2024-12-10,2064.5,2068.0,2068.0,2064.5,16040.0,-0.0015
2024-12-11,2043.0,2069.0,2069.0,2043.0,20860.0,-0.0104
2024-12-12,2005.5,2023.0,2023.0,2005.5,23360.0,-0.0184
2024-12-13,2010.0,2008.0,2010.0,2004.5,22370.0,0.0022
2024-12-16,2000.5,2021.0,2021.0,2000.5,15590.0,-0.004699999999999999
2024-12-17,1985.5,2000.0,2001.0,1985.5,26430.0,-0.0075
2024-12-18,1981.5,1980.0,1983.0,1980.0,27240.0,-0.002
2024-12-19,1971.5,1969.0,1971.5,1966.0,43140.0,-0.005
2024-12-20,1980.0,1980.0,1980.0,1976.0,15160.0,0.0043
2024-12-23,1986.0,1995.0,1995.0,1986.0,14270.0,0.003
2024-12-24,1984.0,1989.0,1989.0,1984.0,8100.0,-0.001
2024-12-27,1969.5,1966.0,1969.5,1963.5,15020.0,-0.0073
2024-12-30,1947.5,1958.0,1958.0,1947.5,19260.0,-0.011200000000000002
2024-12-31,1952.0,1955.0,1957.0,1952.0,12900.0,0.0023
2025-01-02,1934.5,1946.0,1946.0,1934.5,16079.999999999998,-0.009000000000000001
2025-01-03,1923.0,1927.0,1928.0,1923.0,17480.0,-0.0059
2025-01-06,1945.5,1955.0,1955.0,1945.5,20660.0,0.011699999999999999
2025-01-07,1956.0,1944.0,1956.0,1939.0,18090.0,0.0054
2025-01-08,1939.0,1954.0,1954.0,1939.0,25530.0,-0.0087
2025-01-09,1927.5,1937.0,1937.0,1927.5,22020.0,-0.0059
2025-01-10,1975.0,1971.0,1975.0,1967.0,25110.0,0.0246
2025-01-13,1958.5,1956.0,1958.5,1956.0,21500.0,-0.0084
2025-01-14,1966.0,1945.0,1966.0,1944.0,19690.0,0.0038
2025-01-15,1935.0,1936.0,1938.0,1935.0,,-0.0158
2025-01-16,1975.0,1933.0,1978.5,1933.0,,0.0207
2025-01-17,1970.0,1971.5,1989.0,1956.5,,-0.0025
2025-01-20,1974.0,1970.5,1997.0,1965.0,,0.002
2025-01-21,1969.0,1977.0,1978.0,1943.0,,-0.0025
2025-01-22,1967.0,1964.5,1987.0,1961.0,,-0.001
2025-01-23,1952.0,1964.5,1980.0,1948.0,,-0.0076
2025-01-24,1940.0,1950.0,1971.0,1938.0,,-0.0060999999999999995
2025-01-27,1946.0,1939.5,1958.0,1938.0,,0.0031
2025-01-28,1938.08,1948.0,1952.5,1928.28,,-0.0040999999999999995
2025-01-29,1969.68,1934.02,1975.38,1934.02,,0.0163
2025-01-30,1969.43,1962.2,1986.03,1962.03,,-0.0001
2025-01-31,1955.58,1967.14,1971.4,1948.18,,-0.006999999999999999
2025-02-03,1945.28,1944.35,1960.6,1937.45,,-0.0053
2025-02-04,1970.98,1950.1,1974.3,1941.58,,0.0132
2025-02-05,2002.98,1970.25,2006.8,1969.6,,0.016200000000000003
2025-02-06,1991.38,2000.75,2015.9,1990.23,,-0.0058
2025-02-07,1998.23,1989.12,2023.23,1989.12,,0.0034000000000000002
2025-02-10,2001.38,1997.7,2006.73,1977.63,,0.0016
2025-02-11,1978.78,1998.0,2001.25,1974.73,,-0.0113
2025-02-12,1977.88,1980.6,1995.88,1974.08,,-0.0005
2025-02-13,1991.48,1975.64,1999.53,1975.64,,0.0069
2025-02-14,1985.68,1990.77,2005.38,1978.43,,-0.0029
2025-02-17,1993.38,1987.55,2008.98,1983.2,,0.0039000000000000003
2025-02-18,1995.63,1985.47,1999.28,1982.3,,0.0011
2025-02-19,1995.63,1992.98,2000.58,1974.48,,0.0
2025-02-20,1995.98,1992.33,2012.83,1992.33,,0.0002
2025-02-21,2008.93,2002.2,2011.23,1987.03,,0.006500000000000001
2025-02-24,1988.33,2004.6,2017.43,1987.03,,-0.0103
2025-02-25,2005.03,1986.85,2005.03,1980.98,,0.0084
2025-02-26,2010.08,1998.69,2026.18,1992.43,,0.0025
2025-02-27,2011.03,2008.75,2016.78,1994.08,,0.0005
2025-02-28,1994.63,2005.17,2014.1,1993.83,,-0.008199999999999999
2025-03-03,1996.88,1997.9,2001.2,1985.98,,0.0011
2025-03-04,2009.83,1993.15,2015.38,1988.53,,0.006500000000000001
2025-03-05,2029.58,2010.6,2037.32,2009.1,,0.0098
2025-03-06,2046.73,2031.05,2056.88,2030.55,,0.0085
2025-03-07,2019.83,2038.33,2043.2,2016.58,,-0.0131
2025-03-10,2045.45,2022.85,2056.88,2022.15,,0.0127
2025-03-11,2051.3,2043.6,2055.35,2037.0,,0.0029
2025-03-12,2082.5,2052.55,2085.55,2052.55,,0.0152
2025-03-13,2073.1,2079.95,2086.68,2066.82,,-0.0045000000000000005
2025-03-14,2074.98,2073.7,2093.07,2066.32,,0.0009
2025-03-17,2079.45,2079.55,2100.57,2077.55,,0.0022
2025-03-18,2094.0,2082.02,2095.3,2078.35,,0.006999999999999999
2025-03-19,2085.73,2087.2,2105.57,2082.27,,-0.0039000000000000003
2025-03-20,2057.38,2088.22,2096.4,2050.53,,-0.013600000000000001
2025-03-21,2030.15,2054.18,2063.0,2017.38,,-0.0132
2025-03-24,2044.45,2042.03,2063.73,2036.23,,0.006999999999999999
2025-03-25,2084.65,2040.32,2089.43,2040.32,,0.0197
2025-03-26,2090.5,2082.74,2098.82,2070.35,,0.0028000000000000004
2025-03-27,2042.78,2092.1,2094.9,2041.23,,-0.022799999999999997
2025-03-28,2028.03,2046.05,2049.3,2025.73,,-0.0072
2025-03-31,2016.93,2030.63,2032.63,2012.73,,-0.0055000000000000005
2025-04-01,1992.4,2015.45,2022.53,1988.1,,-0.012199999999999999
2025-04-02,1970.75,1998.75,2001.53,1968.05,,-0.0109
2025-04-03,1956.9,1974.25,1974.5,1947.45,,-0.006999999999999999
2025-04-04,1907.05,1954.0,1956.85,1901.35,,-0.0255
2025-04-07,1879.1,1860.35,1923.9,1851.2,,-0.0147
2025-04-08,1870.65,1884.85,1892.75,1861.6,,-0.0045000000000000005
2025-04-09,1850.85,1875.38,1875.38,1840.35,,-0.0106
2025-04-10,1889.08,1878.27,1909.6,1873.6,,0.0207
2025-04-11,1917.23,1897.47,1922.83,1890.25,,0.0149
2025-04-14,1920.13,1918.55,1926.35,1906.13,,0.0015
2025-04-15,1907.13,1911.35,1939.03,1907.13,,-0.0068000000000000005
2025-04-16,1909.73,1905.55,1917.73,1889.88,,0.0014000000000000002
2025-04-17,1926.53,1907.18,1927.68,1903.93,,0.0088
2025-04-22,1922.08,1931.85,1944.08,1919.68,,-0.0023
2025-04-23,1950.83,1921.63,1951.83,1921.63,,0.015
2025-04-24,1964.18,1947.48,1966.18,1935.0,,0.0068000000000000005
2025-04-25,1950.28,1961.93,1967.6,1946.18,,-0.0070999999999999995
2025-04-28,1974.08,1952.05,1982.48,1944.75,,0.012199999999999999
2025-04-29,1978.88,1975.4,1982.88,1966.28,,0.0024
2025-04-30,1958.43,1981.25,1986.2,1954.03,,-0.0103
2025-05-01,1957.18,1953.8,1974.28,1943.48,,-0.0006
2025-05-02,1936.33,1957.69,1974.6,1934.78,,-0.010700000000000001
2025-05-06,1919.33,1939.83,1956.08,1918.13,,-0.0088
2025-05-07,1958.73,1917.34,1961.68,1915.8,,0.020499999999999997
2025-05-08,1952.73,1956.9,1956.9,1933.95,,-0.0031
2025-05-09,1981.98,1951.42,1985.58,1949.8,,0.015
2025-05-12,1975.65,1984.95,2002.35,1975.25,,-0.0032
2025-05-13,1990.13,1973.65,1998.7,1971.95,,0.0073
2025-05-14,1992.83,1993.45,2005.28,1977.23,,0.0014000000000000002
2025-05-15,2005.03,1993.29,2007.38,1979.8,,0.0060999999999999995
2025-05-16,2001.68,2000.75,2008.28,1986.08,,-0.0017000000000000001
2025-05-19,1966.33,2001.7,2009.3,1959.43,,-0.0177
2025-05-20,1979.88,1961.58,1994.68,1961.58,,0.0069
2025-05-21,1975.68,1982.85,1995.48,1957.13,,-0.0021
2025-05-22,1971.88,1977.28,1979.95,1950.43,,-0.0019
2025-05-23,1996.68,1970.3,1998.18,1970.3,,0.0126
2025-05-27,1986.98,1992.5,1995.6,1975.98,,-0.0049
2025-05-28,1987.93,1990.9,1991.15,1977.58,,0.0005
2025-05-29,1964.88,1986.15,1996.78,1964.73,,-0.0116
2025-05-30,1967.93,1964.48,1967.93,1945.93,,0.0016
2025-06-02,1983.35,1967.25,1985.3,1967.0,,0.0078000000000000005
2025-06-03,1985.93,1980.64,1988.53,1962.1,,0.0013
2025-06-04,1984.73,1983.09,1996.78,1983.09,,-0.0006
2025-06-05,1984.98,1984.94,1992.33,1978.48,,0.0001
2025-06-06,1982.88,1982.07,1995.45,1977.63,,-0.0011
2025-06-09,1992.28,1978.1,1994.68,1976.0,,0.004699999999999999
2025-06-10,1986.98,1991.05,1997.13,1979.03,,-0.0027
2025-06-11,1989.4,1984.02,1996.18,1981.73,,0.0012
2025-06-12,1996.53,1987.32,2001.13,1984.5,,0.0036
2025-06-13,1997.03,1991.7,2001.8,1985.18,,0.0003
2025-06-16,2009.88,1985.7,2013.33,1984.55,,0.0064
2025-06-17,1981.68,2004.64,2007.95,1975.98,,-0.013999999999999999
2025-06-18,1995.68,1983.3,1998.03,1974.83,,0.0070999999999999995
2025-06-19,1993.73,1992.72,2000.25,1985.78,,-0.001
2025-06-20,1992.63,1991.08,1997.88,1981.43,,-0.0006
2025-06-23,2009.0,1994.5,2011.55,1991.55,,0.008199999999999999
2025-06-24,2021.18,2006.3,2030.98,2003.4,,0.0060999999999999995
2025-06-25,2037.83,2015.5,2051.68,2015.5,,0.008199999999999999
2025-06-26,2046.88,2032.6,2053.38,2032.6,,0.0044
2025-06-27,2044.63,2040.89,2049.82,2029.83,,-0.0011
2025-06-30,2047.78,2044.25,2056.68,2039.5,,0.0015
2025-07-01,2045.38,2041.4,2054.43,2039.85,,-0.0012
2025-07-02,2061.77,2040.85,2068.02,2037.8,,0.008
2025-07-03,2067.93,2062.7,2075.4,2062.7,,0.003
2025-07-04,2064.73,2062.6,2071.77,2056.23,,-0.0015
2025-07-07,2038.38,2061.7,2063.25,2034.73,,-0.0128
2025-07-08,2060.57,2040.2,2063.43,2034.15,,0.0109
2025-07-09,2060.93,2058.53,2060.93,2038.68,,0.0002
2025-07-10,2042.53,2056.93,2074.5,2038.28,,-0.0089
2025-07-11,2028.48,2036.47,2039.45,2022.8,,-0.0069
2025-07-14,2005.45,2022.4,2025.75,2002.1,,-0.011399999999999999
2025-07-15,1999.7,2004.74,2009.3,1986.15,,-0.0029
2025-07-16,1979.05,1998.73,1998.73,1976.55,,-0.0103
2025-07-17,1976.2,1976.48,1982.25,1968.65,,-0.0014000000000000002
2025-07-18,2013.9,1979.8,2014.3,1976.5,,0.0191
2025-07-21,2014.33,2013.15,2018.65,1998.2,,0.0002
2025-07-22,2014.5,2013.28,2020.43,1997.4,,0.0001
2025-07-23,2033.03,2012.45,2037.03,2003.65,,0.0092
2025-07-24,2021.83,2028.73,2043.73,2020.58,,-0.0055000000000000005
2025-07-25,2019.8,2022.57,2044.78,2013.75,,-0.001
2025-07-28,2020.15,2024.15,2040.2,2015.6,,0.0002
2025-07-29,2018.6,2022.2,2026.35,2009.7,,-0.0008
2025-07-30,1995.6,2019.92,2023.2,1992.6,,-0.011399999999999999
2025-07-31,1973.43,1992.4,1996.3,1963.93,,-0.0111
2025-08-01,1974.78,1968.34,1982.43,1962.13,,0.0007000000000000001
2025-08-04,1959.18,1977.35,1978.65,1956.13,,-0.0079
2025-08-05,1978.28,1959.24,1978.98,1957.82,,0.0097
2025-08-06,1999.23,1976.05,2001.48,1976.05,,0.0106
2025-08-07,2007.43,1995.13,2012.73,1995.13,,0.0040999999999999995
2025-08-08,2006.73,2006.98,2016.38,1995.78,,-0.0003
2025-08-11,2000.88,2004.75,2016.45,1997.08,,-0.0029
2025-08-12,2015.28,1999.4,2020.98,1998.65,,0.0072
2025-08-13,1988.08,2013.35,2020.85,1985.23,,-0.013500000000000002
2025-08-14,1991.38,1991.95,1997.33,1981.13,,0.0017000000000000001
2025-08-15,1983.38,1990.25,1998.13,1982.08,,-0.004
2025-08-18,1976.63,1979.5,1986.18,1969.18,,-0.0034000000000000002
2025-08-19,1973.98,1975.93,1989.23,1968.38,,-0.0013
2025-08-20,1984.78,1972.29,1987.33,1967.43,,0.0055000000000000005
2025-08-21,1973.55,1979.79,1985.38,1969.88,,-0.005699999999999999
2025-08-22,1995.48,1972.25,2000.93,1972.05,,0.0111
2025-08-26,1989.43,1990.55,2008.18,1986.03,,-0.003
2025-08-27,1985.43,1986.57,1996.75,1984.43,,-0.002
2025-08-28,1984.18,1983.52,1997.63,1983.43,,-0.0006
2025-08-29,1997.58,1984.63,1998.58,1984.13,,0.0068000000000000005
2025-09-01,2005.63,1997.15,2005.95,1988.1,,0.004
2025-09-02,1997.7,2003.22,2007.8,1985.8,,-0.004
2025-09-03,1995.28,1995.97,2007.95,1992.9,,-0.0012
2025-09-04,1988.68,1991.52,2000.88,1984.38,,-0.0033
2025-09-05,1986.13,1986.6,2004.55,1982.58,,-0.0013
2025-09-08,1990.53,1989.0,1999.33,1985.95,,0.0022
2025-09-09,1976.33,1988.65,1993.75,1974.7,,-0.0070999999999999995
2025-09-10,1987.78,1973.95,1988.43,1972.63,,0.0058
2025-09-11,1994.93,1985.68,1998.08,1984.08,,0.0036
2025-09-12,2018.43,1993.0,2021.08,1993.0,,0.0118
2025-09-15,2002.93,2018.55,2019.6,2000.9,,-0.0077
2025-09-16,2008.98,2002.8,2012.93,1993.45,,0.003
2025-09-17,2013.38,2003.73,2015.93,1997.23,,0.0022
2025-09-18,2008.38,2007.62,2017.98,2004.05,,-0.0025
2025-09-19,2003.48,2006.5,2016.33,1998.93,,-0.0024
2025-09-22,2001.98,2004.25,2006.9,1995.0,,-0.0007000000000000001
2025-09-23,2008.28,2000.95,2008.28,1989.03,,0.0031
2025-09-24,2005.18,2000.79,2012.28,2000.79,,-0.0015
2025-09-25,2019.43,2001.82,2025.08,2001.82,,0.0070999999999999995
2025-09-26,2004.68,2012.09,2017.03,2004.28,,-0.0073
2025-09-29,1999.33,2009.2,2009.2,1994.08,,-0.0027
2025-09-30,1990.73,1999.8,2003.18,1987.63,,-0.0043
2025-10-01,2013.08,1987.77,2017.33,1987.77,,0.011200000000000002
2025-10-02,2024.73,2011.95,2030.68,2010.98,,0.0058
2025-10-03,2016.78,2021.03,2038.83,2015.73,,-0.0039000000000000003
2025-10-06,2006.48,2022.9,2023.1,2005.33,,-0.0051
2025-10-07,2012.43,2003.9,2019.18,2000.65,,0.003
2025-10-08,2005.48,2013.45,2016.85,2002.25,,-0.0034999999999999996
2025-10-09,2031.18,2005.59,2035.98,2003.65,,0.0128
2025-10-10,2017.45,2022.65,2049.18,2015.73,,-0.0068000000000000005
2025-10-13,1991.18,2020.9,2026.3,1987.53,,-0.013000000000000001
2025-10-14,1982.88,1991.72,1999.75,1976.98,,-0.0042
2025-10-15,1987.18,1982.3,1999.18,1979.9,,0.0022
2025-10-16,1968.38,1983.5,1993.15,1963.08,,-0.0095
2025-10-17,1970.93,1967.14,1986.0,1967.0,,0.0013
2025-10-20,1989.88,1975.7,1995.03,1973.35,,0.0096
2025-10-21,1993.03,1990.69,1999.18,1985.23,,0.0016
2025-10-22,1995.13,1992.88,2001.63,1991.05,,0.0011
2025-10-23,2015.18,1996.7,2017.88,1995.5,,0.01
2025-10-24,2020.53,2015.9,2025.43,2012.05,,0.0027
2025-10-27,2028.9,2018.03,2029.38,2015.83,,0.0040999999999999995
2025-10-28,2028.53,2025.08,2032.63,2017.48,,-0.0002
2025-10-29,2025.43,2025.8,2039.23,2024.2,,-0.0015
2025-10-30,2027.3,2028.55,2036.73,2023.65,,0.0009
2025-10-31,2026.43,2028.15,2029.8,2014.68,,-0.0004
