Date,Close,Open,High,Low,Volume,Change_Pct,Returns_1d,Returns_7d,Returns_14d,Volatility_7d,Volatility_14d,Volatility_21d,Volume_Log,Volume_Change_Pct,Price_MA7_Ratio,Price_MA30_Ratio,MA14_MA30_Ratio,RSI,MACD,BB_Position,Forward_Return_30,Target_30d_Up,Target
2015-01-02,1869.0,1856.75,1876.25,1835.0,2920.0,0.0066,0.0,0.0,0.0,0.0,0.0,0.0,7.979681302387741,0.0,0.0,0.0,0.0,0.0,0.0,0.0,-0.014713750668806869,0,0
2015-01-05,1841.5,1870.25,1878.5,1840.0,3380.0,-0.0147,-0.014713750668806869,0.0,0.0,0.0,0.0,0.0,8.125926802707886,0.15753424657534243,0.0,0.0,0.0,0.0,-2.1937321937323304,0.0,-0.004072766766223146,0,0
2015-01-06,1842.75,1840.0,1863.0,1838.0,3340.0,0.0007000000000000001,0.0006787944610371355,0.0,0.0,0.0,0.0,0.0,8.114025442356757,-0.011834319526627168,0.0,0.0,0.0,0.0,-3.7877533461580697,0.0,-0.025098358431691725,0,0
2015-01-07,1842.5,1842.75,1850.25,1824.0,3220.0,-0.0001,-0.00013566680233345618,0.0,0.0,0.0,0.0,0.0,8.0774471493312,-0.0359281437125748,0.0,0.0,0.0,0.0,-5.013408057076731,0.0,-0.02170963364993217,0,0
2015-01-08,1852.0,1842.0,1873.25,1842.0,3580.0,0.0052,0.0051560379918589305,0.0,0.0,0.0,0.0,0.0,8.183397369998433,0.11180124223602483,0.0,0.0,0.0,0.0,-5.158711228798438,0.0,-0.029157667386609076,0,0
2015-01-09,1860.25,1850.0,1869.0,1832.75,3740.0,0.0045000000000000005,0.00445464362850978,0.0,0.0,0.0,0.0,0.0,8.227108234348146,0.04469273743016755,0.0,0.0,0.0,0.0,-4.555644355032655,0.0,-0.052815481790082,0,0
2015-01-12,1861.5,1860.0,1867.0,1837.0,3170.0,0.0007000000000000001,0.0006719526945302423,0.0,0.0,0.0,0.0,0.0,8.061802274538348,-0.15240641711229952,1.0047033424573037,0.0,0.0,0.0,-3.93152478891966,0.0,-0.053182917002417396,0,0
2015-01-13,1813.5,1860.0,1862.75,1813.25,3940.0,-0.0258,-0.025785656728444795,-0.029695024077046495,0.0,0.18364233967833996,0.0,0.0,8.279189777195004,0.2429022082018928,0.9830029425429766,0.0,0.0,0.0,-7.2267983506380915,0.0,-0.023986765922249798,0,0
2015-01-14,1756.0,1810.0,1817.0,1741.75,5750.0,-0.0317,-0.03170664460987038,-0.04642954113494435,0.0,0.24304603019900123,0.0,0.0,8.657129031713755,0.45939086294416254,0.9581790544490782,0.0,0.0,0.0,-14.313103296706913,0.0,-0.003416856492027387,0,0
2015-01-15,1768.5,1756.0,1806.5,1756.0,4770.0,0.0070999999999999995,0.007118451025057038,-0.04029304029304026,0.0,0.25404259891440073,0.0,0.0,8.470311205516108,-0.1704347826086956,0.9706176372581689,0.0,0.0,0.0,-18.70478833084394,0.0,-0.0062199604184336454,0,0
2015-01-16,1845.25,1768.5,1848.5,1765.0,4690.0,0.0434,0.043398360192253405,0.0014925373134329067,0.0,0.3915150066672219,0.0,0.0,8.453401058328458,-0.016771488469601636,1.0125225366465471,0.0,0.0,0.0,-15.809900100257664,0.0,-0.06408345752608047,0,0
2015-01-19,1850.5,1841.5,1867.0,1826.5,2260.0,0.0028000000000000004,0.0028451429345617285,-0.0008099352051835762,0.0,0.39059837842823925,0.0,0.0,7.72356247227797,-0.5181236673773988,1.0155227156912705,0.0,0.0,0.0,-12.942852055208732,0.0,-0.057281815725479635,0,0
2015-01-20,1900.0,1850.5,1907.5,1843.0,2770.0,0.026699999999999998,0.02674952715482304,0.021368095686063793,0.0,0.42253675339877617,0.0,0.0,7.9269635448629785,0.2256637168141593,1.0394482327426193,0.0,0.0,0.0,-6.600374503615058,0.0,-0.08105263157894738,0,0
2015-01-21,1900.0,1899.0,1917.0,1863.5,2820.0,0.0,0.0,0.02068224550094011,0.0,0.42273329826813894,0.0,0.0,7.944846711001996,0.018050541516245522,1.0363299892860622,0.0,0.0,55.210084033613455,-1.5559789916414957,0.0,-0.06789473684210523,0,0
2015-01-22,1881.0,1908.0,1908.0,1872.0,2510.0,-0.01,-0.010000000000000009,0.037220843672456594,0.006420545746388395,0.38626132667732915,0.30140161853928255,0.0,7.828436359157585,-0.10992907801418439,1.0205987791880633,0.0,0.0,51.8957345971564,0.8982451729148124,0.0,-0.041998936735778813,0,0
2015-01-23,1835.0,1881.0,1883.0,1832.5,2540.0,-0.0245,-0.024455077086656063,0.04498861047835989,-0.0035297311973934153,0.3583788723971734,0.31359751277905673,0.0,7.840312983320164,0.01195219123505975,0.9895803239536989,0.0,0.0,49.02985074626866,-0.8586817086766132,0.0,-0.013079019073569453,0,0
2015-01-26,1870.0,1845.5,1870.5,1815.0,1650.0,0.0191,0.019073569482288777,0.05739327113372905,0.014787681454348167,0.3663049823779504,0.32399005891978905,0.0,7.409136443920128,-0.3503937007874016,1.000630649569056,0.0,0.0,53.69491525423729,0.5666169648191044,0.0,-0.021390374331550777,0,0
2015-01-27,1866.5,1866.0,1875.0,1843.0,2260.0,-0.0019,-0.0018716577540106583,0.011516054735130732,0.013025780189959368,0.27244004338115657,0.32421676274281847,0.0,7.72356247227797,0.36969696969696964,0.9971380599862627,0.0,0.0,53.2258064516129,1.3976445071325543,0.0,-0.029199035628181047,0,0
2015-01-28,1876.0,1863.0,1888.5,1858.0,1850.0,0.0051,0.005089740155371114,0.013780059443393666,0.012958963282937441,0.27314643205631156,0.3242008770982876,0.0,7.523481312573497,-0.18141592920353977,1.0002665955745134,0.0,0.0,53.2258064516129,2.790641647040502,0.0,-0.04051172707889128,0,0
2015-01-29,1855.5,1871.0,1875.0,1840.0,2210.0,-0.0109,-0.010927505330490361,-0.023421052631578898,-0.0025534202392151206,0.21828656911890593,0.3276772954667544,0.0,7.701200180857446,0.1945945945945946,0.9927010088657903,0.0,0.0,49.38191281717632,2.2148913532696497,0.5421541478277857,-0.022365939099973087,0,0
2015-01-30,1858.5,1860.0,1873.5,1845.0,2240.0,0.0016,0.0016168148746968924,-0.021842105263157885,-0.0016116035455278066,0.21952480185481132,0.3277385704761915,0.0,7.714677473800927,0.013574660633484115,0.9974698102357676,0.0,0.0,49.61139896373057,1.9778802529845052,0.5667741716548372,-0.04869518428840458,0,0
2015-02-02,1845.0,1858.5,1864.0,1840.0,2020.0,-0.0073,-0.007263922518159771,-0.019138755980861233,0.017369727047146455,0.21648878029986884,0.30824151040435693,0.27156704374969826,7.611347717403621,-0.0982142857142857,0.9929650559335716,0.0,0.0,54.48079658605974,0.6927247726703172,0.472248833713628,-0.05257452574525745,0,0
2015-02-03,1851.0,1846.0,1870.5,1846.0,2360.0,0.0033,0.003252032520325132,0.008719346049046228,0.054100227790432776,0.15432905636498795,0.26857809777898045,0.2667886025997782,7.766840537085513,0.16831683168316824,0.9949702438087925,0.0,0.0,65.83333333333334,0.1565747550719152,0.5109014752813704,-0.06861156131820634,0,0
2015-02-04,1862.0,1849.0,1867.0,1836.0,2490.0,0.0059,0.005942733657482435,-0.004278074866310155,0.05286966355668654,0.10197956990163065,0.26835136821192423,0.2674853933681203,7.820439515262181,0.05508474576271194,1.001498328787122,0.0,0.0,65.66164154103853,0.6122227497730819,0.5801429896234412,-0.08619763694951665,0,0
2015-02-05,1848.5,1855.0,1867.0,1838.5,2580.0,-0.0073,-0.007250268528463999,-0.009643718189124018,0.0017612789594905198,0.1096280075793121,0.2011639139766862,0.26887368851178595,7.855932199718614,0.03614457831325302,0.9956142038241065,0.0,0.0,50.69075451647184,-0.11468805494564549,0.4880822895228722,-0.07573708412226132,0,0
2015-02-06,1850.5,1842.0,1863.0,1842.0,2820.0,0.0011,0.001081958344603784,-0.013592750533049092,0.0,0.10209914186284968,0.20085335372756064,0.2683146410991732,7.944846711001996,0.09302325581395343,0.9986508364813815,0.0,0.0,50.0,-0.5233539212645155,0.505279144484906,-0.04025938935422857,0,0
2015-02-09,1850.5,1842.0,1869.0,1842.0,1810.0,0.0,0.0,-0.00269469145782808,-0.026052631578947327,0.08043076257651262,0.15986806692121458,0.26784637713035137,7.501634457883413,-0.35815602836879434,0.9990359401511646,0.0,0.0,36.438356164383556,-0.8375695838076354,0.5091135453544827,-0.007565522831667115,0,0
2015-02-10,1831.5,1850.5,1855.0,1828.5,2200.0,-0.0103,-0.010267495271548244,-0.014527845036319653,-0.036052631578947336,0.09780521688019798,0.16347576587524232,0.270112432144181,7.696667081526462,0.2154696132596685,0.9908416415488059,0.0,0.0,33.002481389578165,-2.589874509346373,0.3682963527668611,0.0062790062790063494,1,1
2015-02-11,1799.0,1830.5,1845.0,1795.0,2590.0,-0.0177,-0.0177450177450178,-0.024932249322493272,-0.043593833067517296,0.13450461412763937,0.17330630478455972,0.2619936248997216,7.85979918056211,0.17727272727272725,0.9767315597611107,0.0,0.0,30.930232558139522,-6.525841336940857,0.05915131246606828,0.023346303501945442,1,1
2015-02-12,1833.0,1798.0,1837.0,1798.0,2050.0,0.0189,0.01889938854919393,-0.00972447325769854,-0.0010899182561308063,0.1893982859008835,0.1673706507688787,0.24343527531135678,7.62608275807238,-0.20849420849420852,0.9965825242718447,0.9922992597003614,1.0014055832783926,49.50738916256157,-6.822956756430358,0.260752441115478,0.004091653027823217,1,1
2015-02-13,1841.5,1828.0,1847.5,1827.0,1510.0,0.0046,0.004637206764866342,-0.011009667024704628,-0.015240641711229963,0.18744348623700438,0.14516986370153148,0.2429492854190793,7.32052696227274,-0.2634146341463415,1.0028005756738885,0.9973957040400439,1.0008001810562777,41.92634560906515,-6.299922321484246,0.35390915981434845,-0.011132229161010088,0,0
2015-02-16,1834.0,1842.0,1847.5,1832.0,1490.0,-0.0040999999999999995,-0.004072766766223146,-0.0078441979983771,-0.017412268952585075,0.18430743215907036,0.14570850192601395,0.19128152463969614,7.307202314764738,-0.013245033112582738,0.9998442367601247,0.9934680648408546,0.9996782075580597,40.99722991689751,-6.4166341195007135,0.28727005248944265,-0.0068157033805889,0,0
2015-02-17,1796.5,1831.0,1835.0,1790.0,1880.0,-0.0204,-0.02044711014176659,-0.029181302350716032,-0.04237739872068236,0.21626275556083496,0.1634856419058795,0.20322048349583494,7.53955882930103,0.261744966442953,0.9835366807445644,0.9739678867996133,0.9974351262493594,30.93525179856114,-9.426403942795787,-0.03118897852151985,0.012246033954912416,1,1
2015-02-18,1802.5,1791.0,1812.0,1785.5,2260.0,0.0033,0.0033398274422489216,-0.025938935422858633,-0.028563729452977582,0.2198481997964704,0.16133226460492203,0.17694392311964577,7.72356247227797,0.2021276595744681,0.9905401161877846,0.9779276794675877,0.996102757005543,36.340206185567006,-11.198429827795735,0.06188317938772901,0.027461858529819638,1,1
2015-02-19,1798.0,1801.0,1808.0,1782.0,2270.0,-0.0025,-0.0024965325936199267,-0.018291018291018313,-0.03255313424804951,0.2149358825634625,0.16047655203007774,0.17672027364004234,7.7279755421055585,0.004424778761061843,0.9906725963241372,0.9764398142700687,0.9947296351992095,34.526854219948845,-12.818126121424712,0.06746248966792556,0.042547274749721975,1,1
2015-02-20,1762.0,1789.0,1801.0,1760.0,1940.0,-0.02,-0.020022246941045596,-0.020566981656475858,-0.04498644986449862,0.22201301329244816,0.1764405462396153,0.18523822389808575,7.57095858316901,-0.14537444933920707,0.9736727846852181,0.9585942069065571,0.9932766023039992,30.963302752293572,-16.812838304507977,-0.12059154302124078,0.07775255391600444,1,1
2015-02-23,1762.5,1760.0,1778.5,1760.0,1640.0,0.0003,0.0002837684449488176,-0.038461538461538436,-0.047811993517017815,0.16645742146499404,0.1747698816886252,0.16825022056557895,7.403061091090091,-0.15463917525773196,0.9793998571088354,0.9605907974039068,0.9916177828357574,29.17647058823529,-19.711113225106146,-0.017332450284814054,0.08964539007092198,1,1
2015-02-24,1770.0,1760.0,1787.5,1760.0,2160.0,0.0043,0.004255319148936065,-0.03882704317132768,-0.04940923737916214,0.16548976715910027,0.17315354737832206,0.1520675376824526,7.6783263565068856,0.3170731707317074,0.9891820685800966,0.9654413803448135,0.9888176849536467,27.99043062200957,-21.158922770017853,0.09470021512768743,0.1093220338983052,1,1
2015-02-25,1750.0,1770.0,1785.0,1745.0,1810.0,-0.0113,-0.011299435028248594,-0.04580152671755722,-0.053286448471733805,0.16835484199621625,0.1756615727964977,0.15500086436231875,7.501634457883413,-0.1620370370370371,0.9846079652774987,0.9546365789461722,0.9850875375766389,27.146171693735496,-23.647560757968222,0.022361870700209955,0.13742857142857146,1,1
2015-02-26,1757.5,1745.0,1777.5,1745.0,2050.0,0.0043,0.004285714285714226,-0.021708878374617324,-0.05025668738178868,0.14714675576306785,0.17791545696196656,0.1544950998947768,7.62608275807238,0.13259668508287303,0.9919371094537393,0.9589196808147862,0.9816601658282154,28.959276018099544,-24.72956988518922,0.12264166171517449,0.1226173541963016,1,1
2015-02-27,1727.0,1757.0,1764.0,1725.0,2280.0,-0.0174,-0.01735419630156476,-0.041886269070735116,-0.06673871926506347,0.16089154413753168,0.18612049775303227,0.1601218565131852,7.732369222284388,0.11219512195121961,0.9806927881885292,0.9443092653853515,0.978952425216471,25.44731610337972,-27.72852780668518,0.008888249485644956,0.1505500868558194,1,1
2015-03-02,1744.5,1730.5,1750.0,1730.5,1940.0,0.0101,0.010133178922987929,-0.029755283648498332,-0.04750204750204745,0.18814337936724843,0.19455916665640974,0.16606653140409125,7.57095858316901,-0.14912280701754388,0.9949484662076832,0.9557245774705759,0.977442922493553,32.599999999999994,-28.36613269894883,0.15618144165656977,0.14674691888793356,1,1
2015-03-03,1746.0,1744.5,1756.0,1732.0,1550.0,0.0009,0.0008598452278589797,-0.009080590238365494,-0.029460811561978884,0.15304273723378228,0.18367620518964764,0.1657963731305166,7.346655163176539,-0.2010309278350515,0.9971038139914338,0.9592440321945591,0.9781196818216898,37.89954337899544,-28.42276180030717,0.19768096130054086,0.17010309278350522,1,1
2015-03-04,1771.0,1739.0,1777.0,1739.0,2420.0,0.0143,0.014318442153493649,0.0048226950354610665,-0.033824331696672094,0.17982131054069156,0.1743281165878608,0.17487658596406652,7.791935956938058,0.5612903225806452,1.0106799282569705,0.9752829201582333,0.9779970655761133,35.23809523809524,-26.148921218176838,0.3608681886212055,0.147939017504235,1,1
2015-03-05,1802.0,1771.0,1818.0,1770.0,2560.0,0.0175,0.017504234895539206,0.01807909604519775,-0.021449904968775413,0.2063108082593641,0.19204193489552768,0.18577590252220577,7.848153086199526,0.05785123966942152,1.0256952349975605,0.9937956707569282,0.9778613775580548,41.505376344086024,-21.596494309463196,0.5675173361607635,0.12097669256381804,1,1
2015-03-06,1811.0,1801.0,1818.0,1785.0,2280.0,0.005,0.00499445061043291,0.03485714285714292,-0.012540894220283483,0.18179493703929064,0.19351570930717288,0.18583710041343446,7.732369222284388,-0.109375,1.025730237074197,0.9991999779304256,0.977386568299421,45.085470085470085,-17.06571545722909,0.646214884509396,0.12506902263942576,1,1
2015-03-09,1830.0,1806.0,1840.5,1804.0,2150.0,0.0105,0.010491441192711282,0.04125177809388325,0.01864736988588933,0.18461497965002932,0.17649341752373368,0.18992165742578904,7.67368812926773,-0.05701754385964908,1.030446848731046,1.0104263483854345,0.9794273198986683,57.77262180974478,-11.805809342718476,0.7947186525965133,0.11803278688524599,1,1
2015-03-10,1812.0,1830.5,1832.0,1801.0,2330.0,-0.0098,-0.00983606557377048,0.04921829762594099,0.005270457697642117,0.1465051015435767,0.1824081361917267,0.19265694635819622,7.754052639035757,0.08372093023255811,1.013382335317381,1.001492289835848,0.9807857813992783,52.08791208791209,-8.986158576731896,0.6789553566012952,0.12141280353200878,1,1
2015-03-11,1800.0,1806.0,1821.0,1795.5,2140.0,-0.0066,-0.0066225165562914245,0.03181427343078247,0.0011123470522802492,0.16447953507206686,0.18452210184277326,0.19083627365028064,7.669028288589683,-0.08154506437768239,1.0022271714922049,0.9962548198439201,0.9822400446996871,50.42553191489362,-7.63188907544054,0.5908896509711431,0.1499999999999999,1,1
2015-03-12,1814.0,1797.0,1823.0,1796.0,2060.0,0.0078000000000000005,0.007777777777777883,0.03894616265750295,0.02951191827468791,0.16322886292018302,0.161946020186916,0.18250770161646515,7.630946580890459,-0.03738317757009346,1.0045886075949366,1.004772762940465,0.9850500025716737,62.20657276995305,-5.367069505193058,0.7065486131235198,0.15931642778390298,1,1
2015-03-13,1768.0,1811.0,1821.0,1762.0,2040.0,-0.0254,-0.02535832414553474,-0.0016939582156973998,0.003120567375886507,0.23235062029041437,0.19973785372178193,0.1903865773643385,7.621195162809845,-0.009708737864077666,0.9793463638521801,0.9809324776682511,0.9869166730515698,51.06382978723405,-7.200990702233412,0.3786364109646155,0.17788461538461542,1,1
2015-03-16,1748.0,1765.0,1779.5,1745.5,2180.0,-0.0113,-0.011312217194570096,-0.029966703662597127,-0.012429378531073398,0.20284870702629257,0.2046170018404629,0.1917631117439676,7.687538766201629,0.06862745098039214,0.9724231105459746,0.971578908363286,0.9878168853786744,45.94095940959409,-10.151202572254078,0.23780190318058722,0.1990846681922196,1,1
2015-03-17,1724.0,1749.5,1755.0,1722.5,2540.0,-0.0137,-0.013729977116704761,-0.04803975704030927,-0.014857142857142902,0.19799811929358233,0.20727361711054967,0.19569686501336064,7.840312983320164,0.16513761467889898,0.9657490396927016,0.9604991921555518,0.9891120078317136,45.27272727272727,-14.261468822871166,0.09251918583509937,0.22476798143851506,1,1
2015-03-18,1701.5,1726.0,1734.5,1676.0,2410.0,-0.0131,-0.013051044083526642,-0.07021857923497266,-0.031863442389758134,0.1571035965759919,0.2117240543418991,0.18888444486769818,7.787796878181171,-0.051181102362204745,0.9630483121083485,0.9507976865692492,0.9898338369182995,40.344827586206904,-19.114110827509876,0.0053310987911017555,0.24537173082574193,1,1
2015-03-19,1708.5,1701.5,1716.5,1686.0,2500.0,0.0040999999999999995,0.004114017043785001,-0.05711920529801329,-0.010712217718587103,0.1795449048807749,0.20132795847445537,0.1892056369231958,7.824445930877619,0.03734439834024905,0.9751712328767124,0.9572054195885819,0.9916814624405222,46.52908067542214,-22.1398091408023,0.10986805003397603,0.2607550482879719,1,1
2015-03-20,1776.0,1701.5,1780.5,1697.5,2770.0,0.0395,0.039508340649692775,-0.013333333333333308,0.018056749785038795,0.3396942352291029,0.26152584894588277,0.23864910931492858,7.9269635448629785,0.1080000000000001,1.0156862745098039,0.9964093357271094,0.9943254680687355,54.97630331753555,-18.87344959548068,0.5671581716880617,0.17342342342342332,1,1
2015-03-23,1836.5,1766.0,1839.0,1766.0,2620.0,0.0341,0.034065315315315425,0.01240352811466372,0.05183276059564723,0.4015539474868478,0.29587478598346856,0.25577612883291906,7.8713112033234065,-0.054151624548736454,1.0483588175331295,1.0306221706760448,0.9982135508249467,62.050599201065246,-11.273043118713304,0.9186575086993276,0.12986659406479717,1,1
2015-03-24,1843.0,1840.5,1859.0,1823.0,2750.0,0.0034999999999999996,0.0035393411380342243,0.04242081447963808,0.04065499717673626,0.35329406459694745,0.2919377122647742,0.25573402141997986,7.919719760924575,0.04961832061068705,1.0456737588652483,1.0340474476103199,1.0008843492885797,60.08403361344538,-4.671322453226367,0.9037880248258138,0.11014650027129669,1,1
2015-03-25,1841.0,1840.0,1847.5,1824.0,1900.0,-0.0011,-0.0010851871947911151,0.05320366132723109,0.02164261931187572,0.3370021600564349,0.28460327424447135,0.25587590748953204,7.550135342488429,-0.3090909090909091,1.036724186476811,1.0321145921904638,1.001660524239783,55.94512195121951,0.3946561018212833,0.848385005311984,0.09315589353612164,1,1
2015-03-26,1840.5,1840.0,1881.5,1836.0,2610.0,-0.0003,-0.00027159152634437245,0.06757540603248269,0.016289342904472592,0.30976033643739864,0.28429060183908256,0.25146899909177167,7.8674885686991285,0.37368421052631584,1.0268191599585559,1.031689680300454,1.0027013103490616,54.616588419405325,4.319344073988987,0.810349868302632,0.11681608258625364,1,1
2015-03-27,1821.0,1836.0,1841.0,1816.0,2200.0,-0.0106,-0.010594947025264867,0.07023214810461353,-0.004918032786885296,0.30250069562775933,0.2851530648391293,0.2554068262633528,7.696667081526462,-0.15708812260536398,1.0063553467808788,1.021150125704459,1.0027250430252383,48.59375,5.789463208034931,0.6859383210867551,0.11092806150466772,1,1
2015-03-30,1821.5,1814.0,1830.5,1814.0,1990.0,0.0003,0.00027457440966505153,0.06613988879133736,0.005242825607064017,0.3064347819531525,0.2817388108630178,0.2458589670597934,7.596392304064196,-0.09545454545454546,0.9977307406393051,1.0216692218524475,1.0033399928419187,51.570247933884296,6.915175199574833,0.6695846190941643,0.07933022234422182,1,1
2015-03-31,1818.5,1818.0,1823.0,1792.0,2450.0,-0.0016,-0.0016469942355201717,0.023930180180180116,0.01027777777777783,0.2249708145265342,0.280080265953225,0.24472723362727275,7.804251383528112,0.23115577889447225,0.9927858368429262,1.0195671675263513,1.0036683433184892,53.15161839863714,7.479021629418639,0.6356521023714035,0.0868847951608469,1,1
2015-04-01,1852.0,1810.5,1857.5,1796.0,2530.0,0.0184,0.01842177618916696,0.008439967329158637,0.02094818081587646,0.13862186130686263,0.28867520548782466,0.2510916703785993,7.836369760545124,0.03265306122448974,1.0098539435248297,1.0373897213275451,1.004261107888051,56.0702875399361,10.507915309445252,0.792053390452803,0.06047516198704095,1,1
2015-04-02,1874.5,1852.0,1879.5,1850.0,1810.0,0.0121,0.012149028077753865,0.01709169831795987,0.06023755656108598,0.15346642140469666,0.2634496598244329,0.24996165688162986,7.501634457883413,-0.2845849802371542,1.0196207941565,1.0484953574225304,1.0070837262077894,68.39378238341969,14.556103630726057,0.8702764725880503,0.03654307815417446,1,1
2015-04-07,1899.0,1874.5,1911.0,1868.0,1870.0,0.0131,0.01307015204054407,0.03150461705594787,0.08638443935926765,0.16292779162073437,0.2556101197779785,0.2471367148857814,7.534228326274089,0.03314917127071815,1.0283128336040845,1.0594930352792398,1.010535418720128,75.68027210884354,19.516295578957624,0.93245330925447,0.017904160084254883,1,1
2015-04-08,1920.5,1901.0,1928.0,1892.0,2170.0,0.0113,0.01132174828857302,0.0434664493344199,0.11397911832946628,0.16355711252769414,0.23962000984463494,0.2488704574988763,7.682943169878292,0.160427807486631,1.0335588529253479,1.0683491257023123,1.0153826592106552,83.704974271012,24.895177640062684,0.9630772326885016,0.02915907315803179,1,1
2015-04-09,1963.5,1920.0,1967.5,1914.5,2700.0,0.022400000000000003,0.022390002603488668,0.07825370675453058,0.15398178078166325,0.13980339853435084,0.22653225153035533,0.2567236345772476,7.901377353792616,0.24423963133640547,1.0452488687782806,1.0883643586308838,1.0221257332902214,91.98717948717949,32.25589517921844,1.0308534582047009,-0.009421950598421214,0,0
2015-04-10,1990.5,1963.5,2006.0,1956.5,2780.0,0.0138,0.013750954927425507,0.09278067526763656,0.16505706760316063,0.118771223912386,0.2250537155440105,0.2542970643304376,7.930565854233965,0.029629629629629672,1.0461763712129744,1.0984493129518238,1.0287196386197546,92.46987951807229,39.80909672494772,1.0198200897076528,-0.02763124843004272,0,0
2015-04-13,1973.0,1996.5,2010.5,1967.0,2890.0,-0.0088,-0.008791760864104492,0.084960131976904,0.11092342342342332,0.15685198556408272,0.19843697651672196,0.25561148193076966,7.969357742016346,0.03956834532374098,1.025087211459957,1.0844929780041592,1.0323923994142121,84.9290780141844,43.87717090778415,0.9055173699834755,-0.012671059300557563,0,0
2015-04-14,1987.0,1968.0,1987.0,1954.0,2000.0,0.0070999999999999995,0.007095793208312218,0.07289416846652275,0.08194936019602506,0.15126648989328345,0.15751885571513446,0.2555122551782371,7.601402334583733,-0.3079584775086506,1.022119341563786,1.0870100385677945,1.0333785309851395,81.95329087048833,47.68119289253923,0.8923528831078564,0.0015098137896325525,1,1
2015-04-15,2000.5,1975.5,2004.5,1967.5,1850.0,0.0068000000000000005,0.006794162053346708,0.06721792477994137,0.08545849158979935,0.1516922480171723,0.15726356499440222,0.23135285798560207,7.523481312573497,-0.07499999999999996,1.0196228338430173,1.0893101852272005,1.0347027120933772,82.47422680412372,51.195099656748425,0.8816844913571574,-0.026243439140214986,0,0
2015-04-16,2043.0,2000.5,2048.0,1995.0,2730.0,0.0212,0.021244688827793068,0.07582938388625582,0.10972297664312869,0.1671911821978874,0.1662609861801231,0.22812187430740738,7.912423121473705,0.4756756756756757,1.030479896238651,1.1064874574618848,1.036969313239138,85.68904593639576,56.755053963103364,0.9400315807843941,-0.05531081742535482,0,0
2015-04-17,2033.0,2037.0,2052.5,2022.5,2630.0,-0.0049,-0.004894762604013669,0.058578495183545964,0.10459114371094813,0.1906832237365847,0.17153149876720705,0.21963195354982848,7.875119281040293,-0.03663003663003661,1.0171902362317287,1.0958879495449523,1.0394995052294234,82.90598290598291,59.66664147989877,0.8826469624302788,-0.052631578947368474,0,0
2015-04-20,2020.0,2040.0,2053.0,2015.0,2540.0,-0.0064,-0.0063944909001475425,0.028775146422205244,0.10928061504667763,0.17872639775518848,0.1638452688630952,0.21270511274079545,7.840312983320164,-0.034220532319391594,1.0066206307396597,1.0846316995248024,1.0430758845872097,84.79020979020979,60.23080102747463,0.8285616387501522,-0.036633663366336666,0,0
2015-04-21,2037.5,2015.0,2038.5,2005.5,2250.0,0.0087,0.00866336633663356,0.023612157749309137,0.11858358495745258,0.16957862756721026,0.160521210554768,0.21216323221987488,7.719129840906732,-0.11417322834645671,1.0119554420320704,1.0896110378266604,1.04711525238995,85.64356435643565,61.382426872128235,0.8464545933751154,-0.053987730061349715,0,0
2015-04-22,2046.0,2040.0,2066.0,2035.5,2500.0,0.0042,0.004171779141104226,0.03699949315762807,0.12510310695628268,0.14677765713157723,0.15550348570680547,0.17997111615378575,7.824445930877619,0.11111111111111116,1.0109409190371992,1.0899598678836524,1.0517557166703027,86.87196110210697,62.263245674952486,0.832810012564977,-0.06769305962854355,0,0
2015-04-23,2032.0,2046.0,2046.0,2013.0,2830.0,-0.0068000000000000005,-0.006842619745845546,0.022647206844489176,0.09719222462203025,0.16237307314938,0.16109570566791434,0.1561635745124637,7.9483852851118995,0.1319999999999999,1.0008443568815086,1.0782891711182652,1.0544855434656262,81.14186851211073,61.1269841025221,0.7642526657048886,-0.05905511811023623,0,0
2015-04-24,2070.0,2033.0,2083.5,2032.0,2480.0,0.0187,0.01870078740157477,0.034741314671332235,0.10429447852760743,0.18712160572002964,0.16766001708875353,0.16320344368534326,7.816416983691801,-0.12367491166077738,1.0145993067955046,1.0932328709245827,1.056848360779422,82.10180623973727,62.57148590073166,0.8362352735447394,-0.06859903381642507,0,0
2015-04-27,2103.0,2065.0,2106.0,2065.0,2260.0,0.0159,0.01594202898550723,0.029368575624082238,0.1074249605055293,0.1696131917161552,0.1700472347197814,0.16506804819832135,7.72356247227797,-0.08870967741935487,1.0264616671896245,1.105039146655457,1.059155363054265,82.58785942492013,65.62263134490422,0.8840588640800267,-0.08535425582501188,0,0
2015-04-28,2082.5,2102.0,2106.0,2076.0,2530.0,-0.0097,-0.00974797907750835,0.024348253812100262,0.08435303306430608,0.18254065899906666,0.18351347956277075,0.17297410304759514,7.836369760545124,0.11946902654867264,1.0129594885692448,1.0882724382702609,1.059399904193703,75.96153846153847,65.62996602230555,0.8009555149130873,-0.10372148859543817,0,0
2015-04-29,2096.0,2082.5,2098.0,2071.0,2040.0,0.006500000000000001,0.00648259303721499,0.03762376237623766,0.0674815380697733,0.1690830096137853,0.16745004236553146,0.1621633621066577,7.621195162809845,-0.19367588932806323,1.0141701804105896,1.0887274804996927,1.0579326396867583,73.45132743362832,65.96471580064235,0.8169546658926394,-0.11235687022900764,0,0
2015-04-30,2111.5,2095.0,2117.5,2075.0,3300.0,0.0074,0.00739503816793885,0.03631901840490803,0.0607887465460939,0.16820449724318154,0.16292018027537908,0.16043686155373593,8.101980731853192,0.6176470588235294,1.016470669142425,1.0894690676435685,1.0553413873675987,72.32472324723247,66.71171672896139,0.8482591169175572,-0.14042150130239162,0,0
2015-05-01,2119.0,2100.0,2152.5,2100.0,2370.0,0.0036,0.003551977267345574,0.03567937438905178,0.07399898631525592,0.1683980281980226,0.1517678701953467,0.15785203570970718,7.771067086065406,-0.28181818181818186,1.0149856302175995,1.085544010040898,1.0531599188629097,77.96934865900383,67.1350169807331,0.8543181592824871,-0.15125058990089668,0,0
2015-05-05,2154.0,2115.0,2161.5,2102.0,2580.0,0.0165,0.016517225106182254,0.06003937007874005,0.08404630095621535,0.1569378480353569,0.15918644377860452,0.15630000165956082,7.855932199718614,0.08860759493670889,1.0232084690553744,1.0951428668271024,1.0512732361357926,79.60992907801419,69.49361385057455,0.9473407043775628,-0.16063138347260908,0,0
2015-05-06,2084.0,2154.0,2162.0,2075.0,3080.0,-0.0325,-0.03249767873723308,0.006763285024154575,0.0417395651087229,0.27335137894835465,0.2272816313330362,0.20701419937199692,8.033009498596668,0.193798449612403,0.9890169491525422,1.054051320093064,1.048830919224081,62.33382570162481,64.96552178164006,0.67012628345169,-0.13315738963531665,0,0
2015-05-07,2075.0,2084.0,2091.0,2051.5,3070.0,-0.0043,-0.004318618042226441,-0.013314312886352875,0.01566324033284383,0.2534272677518719,0.21297543587433346,0.20738367135013872,8.029758520440822,-0.0032467532467532756,0.9866186659421273,1.0452961672473868,1.0457819331082419,55.24590163934426,59.95957475576142,0.6137918307797054,-0.13831325301204822,0,0
2015-05-08,2046.0,2075.0,2097.0,2037.0,2710.0,-0.013999999999999999,-0.013975903614457885,-0.01752701080432173,0.0063944909001476535,0.26017436045949727,0.221329903463039,0.21498460833940672,7.905072849498666,-0.11726384364820852,0.9752476933029178,1.0271857820619024,1.0426954123768644,52.00617283950617,53.04084617701574,0.45267010603952423,-0.13734115347018572,0,0
2015-05-11,2012.5,2046.0,2061.5,2006.5,3000.0,-0.016399999999999998,-0.016373411534701843,-0.03983778625954193,-0.003712871287128716,0.26349727834792386,0.23122401564336073,0.213102684633212,8.006700845440367,0.10701107011070121,0.964765100671141,1.0074757621773158,1.0394432273551868,48.911465892597974,44.343371123274665,0.2678933948655562,-0.10832298136645968,0,0
2015-05-12,2055.5,2012.0,2063.0,1996.5,3160.0,0.021400000000000002,0.021366459627329082,-0.02652143026284637,0.008834355828220897,0.30297370415964897,0.24640983717760181,0.22024017100561089,8.058643712215618,0.05333333333333323,0.989172281039461,1.0253234012836288,1.0363686893399906,52.432432432432435,40.45397190882477,0.4714437963674947,-0.12916565312576012,0,0
2015-05-13,2023.0,2055.5,2079.0,2015.0,3010.0,-0.0158,-0.01581123814157137,-0.045304388862671074,-0.011241446725317683,0.30583458236771727,0.25543598509569415,0.22569743711540982,8.010027528481734,-0.04746835443037978,0.98,1.0057337929205885,1.0320827257059526,47.08121827411168,34.353115294553845,0.2570323483710807,-0.11295106277805245,0,0
2015-05-14,1966.0,2017.0,2038.5,1965.0,3060.0,-0.0282,-0.028175976272862058,-0.08727948003714026,-0.032480314960629975,0.2815144998409938,0.2802340635304623,0.24638821837834296,8.026496938945412,0.01661129568106312,0.9649418033936334,0.9750613753027435,1.0272790931924487,42.44851258581236,24.634744838421057,-0.04036591835911459,-0.09435401831129198,0,0
2015-05-15,1976.5,1967.0,1987.0,1965.5,2780.0,0.0053,0.005340793489318374,-0.05158349328214973,-0.04516908212560389,0.2612858760681449,0.2662947320872402,0.24590518591778052,7.930565854233965,-0.09150326797385622,0.9774629976332615,0.977715119586456,1.021299073907221,38.58363858363858,17.5775059358848,0.07530483948144932,-0.0971414115861371,0,0
2015-05-18,1964.0,1973.0,2000.0,1961.0,2290.0,-0.0063,-0.006324310650139164,-0.05349397590361449,-0.06609605325725154,0.26056174842634333,0.25168096598848866,0.2334759138252089,7.736743682453495,-0.1762589928057554,0.978958236906754,0.9697408593036365,1.0145141361761258,32.13367609254499,10.850865702434476,0.06579758514455725,-0.10361507128309577,0,0
2015-05-19,1943.0,1964.0,1972.5,1936.0,2680.0,-0.010700000000000001,-0.01069246435845217,-0.05034213098729223,-0.06698679471788715,0.2579761638727634,0.25207576370365076,0.23530940180336699,7.893945138235959,0.17030567685589526,0.9756464976148632,0.9582915481611785,1.008457240558117,32.092426187419775,3.781835710957239,0.03048816972984615,-0.08106021616057646,0,0
2015-05-20,1933.0,1938.5,1946.0,1915.0,2640.0,-0.0051,-0.00514668039114774,-0.03950310559006209,-0.07776717557251911,0.24994914217369252,0.24673772028550756,0.2350586016936827,7.878912912297133,-0.014925373134328401,0.9761921939254022,0.9528269335042145,1.002154793006077,28.886010362694293,-2.597396740609838,0.054216244879616106,-0.0781169167097775,0,0
2015-05-21,1976.5,1933.0,1983.0,1930.0,3500.0,0.0225,0.022503879979306696,-0.038433471174896594,-0.06393559081221878,0.2551488486761513,0.26950250852849145,0.24752111685874584,8.160803920954665,0.3257575757575757,1.003881874909302,0.9733736067107704,0.996484678215558,33.69565217391303,-4.095685450634164,0.2491173764079479,-0.10700733620035419,0,0
2015-05-22,1945.0,1976.5,1996.5,1945.0,2610.0,-0.0159,-0.01593726283835062,-0.03855659911023235,-0.08211420481359133,0.2553643586472377,0.2707927336565863,0.2516566452985169,7.8674885686991285,-0.25428571428571434,0.9935055458260361,0.9581516786127737,0.9906647946993768,30.13698630136986,-7.735704406343984,0.16207991579921743,-0.09357326478149097,0,0
2015-05-26,1935.5,1945.0,1972.0,1925.0,2580.0,-0.0049,-0.004884318766066875,-0.015513733468972557,-0.10143918291550602,0.20088920469930638,0.2508351866720853,0.2513012311183247,7.855932199718614,-0.011494252873563204,0.9908582294218744,0.954333659306253,0.9838649274661339,23.51515151515153,-11.257249691799416,0.16718681207437133,-0.10772410229914753,0,0
2015-05-27,1948.0,1937.5,1957.0,1930.0,2090.0,0.006500000000000001,0.006458279514337306,-0.014419428282317237,-0.06525911708253362,0.2027456342725267,0.22906937678128658,0.2418768661359465,7.645397699428633,-0.18992248062015504,0.9993404177354342,0.9608918338992247,0.9794775790730968,30.845070422535215,-12.890856400440498,0.23874280638079493,-0.08803901437371664,0,0
2015-05-28,1990.0,1940.0,1994.0,1940.0,2780.0,0.0216,0.021560574948665368,0.01323828920570258,-0.04096385542168679,0.2428515794054389,0.25479963097463,0.24805983993220793,7.930565854233965,0.3301435406698565,1.0189452124935996,0.9815607967577255,0.9764345549799707,39.046391752577314,-10.673415999513281,0.4010744568580335,-0.08844221105527639,0,0
2015-05-29,1948.0,1990.0,2008.5,1933.0,2410.0,-0.021099999999999997,-0.021105527638190957,0.00257334019557387,-0.047898338220918824,0.27196554749866203,0.2625059021054389,0.2552512645393714,7.787796878181171,-0.13309352517985606,0.9970751681778297,0.9616745380045747,0.9738224141538331,37.78054862842893,-12.164898124148522,0.2746222844763583,-0.08110882956878851,0,0
2015-06-01,1930.0,1940.0,1964.0,1922.5,2360.0,-0.0092,-0.00924024640657084,-0.0015519917227108104,-0.04099378881987581,0.27660021363410303,0.2573518616008111,0.2536580886741902,7.766840537085513,-0.020746887966805017,0.9880786952387918,0.9545634397256662,0.9727220484606399,39.29961089494163,-14.630704368530814,0.23424479205194706,-0.04637305699481864,0,0
2015-06-02,1926.0,1925.0,1949.0,1915.5,2780.0,-0.0021,-0.002072538860103612,-0.025550215026562073,-0.06300170274872297,0.2271654462498385,0.23259610737669606,0.2504939546522745,7.930565854233965,0.17796610169491522,0.9896861809506331,0.954268443739781,0.9698579426816062,31.313131313131308,-16.714960493120316,0.23945614780483646,-0.041536863966770476,0,0
2015-06-03,1946.0,1926.0,1951.5,1914.0,2200.0,0.0104,0.010384215991692702,0.0005141388174807471,-0.03806228373702425,0.2219787700033247,0.23452798042602815,0.25426505403293354,7.696667081526462,-0.2086330935251799,0.9998898961353543,0.9653575857792477,0.9683163054390835,38.47305389221557,-16.5619992175923,0.3264027067212349,-0.04265159301130528,0,0
2015-06-04,1927.5,1946.0,1949.0,1922.5,2440.0,-0.0095,-0.009506680369989695,-0.004133298889175907,-0.019582909460834186,0.22803787703104014,0.20691437517765657,0.24366285889627776,7.80016307039296,0.10909090909090913,0.9909661782527266,0.9579226372898202,0.9687141318881566,43.48561759729272,-17.729200506365714,0.24967333528433594,-0.048249027237354136,0,0
2015-06-05,1907.5,1922.0,1937.0,1901.5,2860.0,-0.0104,-0.01037613488975353,-0.02079055441478439,-0.034910194788768,0.2288220178486731,0.20783015943654662,0.22362144977528794,7.95892649305011,0.1721311475409837,0.983609576427256,0.9501631341685138,0.9684868193996236,38.68852459016393,-20.03707387499003,0.15225265938837218,-0.03958060288335519,0,0
2015-06-08,1912.0,1908.5,1935.0,1903.0,2740.0,0.0024,0.002359108781127217,-0.039195979899497524,-0.02647657841140527,0.16176085397146556,0.20796208116606557,0.22473693143435153,7.916078096302786,-0.04195804195804198,0.9916277691338816,0.9543061066606773,0.9685665087327138,41.24579124579125,-21.257919689439404,0.19746221232770012,-0.052039748953974896,0,0
2015-06-09,1928.0,1912.0,1951.0,1905.5,2330.0,0.0084,0.008368200836819994,-0.010266940451745366,-0.00772002058672161,0.13848417903208102,0.20794883402165765,0.22530867110476774,7.754052639035757,-0.14963503649635035,1.0014098093047414,0.9645707043333973,0.9703241084308216,47.43150684931507,-20.695814049028513,0.32188713780302813,-0.07417012448132776,0,0
2015-06-10,1923.5,1928.0,1964.5,1920.0,2560.0,-0.0023,-0.002334024896265552,-0.0033678756476683835,-0.004914640455250918,0.12794592025433477,0.20706419126031494,0.2197769233479472,7.848153086199526,0.09871244635193133,0.9995545822352548,0.9652086643806975,0.9728969282787131,48.34205933682373,-20.378542518233644,0.2881108192431737,-0.08136210033792568,0,0
2015-06-11,1866.5,1923.5,1931.5,1862.5,3070.0,-0.0296,-0.029633480634260412,-0.03089304257528558,-0.0556539337212244,0.21786031224101718,0.21392873632066886,0.22227418141127,8.029758520440822,0.19921875,0.9742375661770188,0.9400023502157162,0.9724677025202466,31.66666666666667,-24.444742401306257,-0.1551943696009506,-0.07259576747923924,0,0
2015-06-12,1860.5,1865.0,1870.0,1836.0,2530.0,-0.0032,-0.003214572729708043,-0.043936279547790336,-0.0434447300771208,0.19298314242990086,0.20685659392746786,0.21843944230243434,7.836369760545124,-0.17589576547231267,0.9773366853026153,0.9406996047763911,0.9732757572510832,34.60837887067396,-27.830571456120197,-0.07191130569641846,-0.07766729373824244,0,0
2015-06-15,1815.0,1855.0,1861.0,1813.5,2720.0,-0.0245,-0.02445579145391019,-0.05836575875486383,-0.06225781451821233,0.2219723320883797,0.22593612339401659,0.21355326402896035,7.908754738783246,0.07509881422924902,0.9615530159691212,0.92230296254891,0.9737900444999383,30.595813204508858,-33.79575864771368,-0.18910312144935562,-0.06280991735537189,0,0
2015-06-16,1798.5,1816.0,1830.0,1797.0,2490.0,-0.0091,-0.009090909090909038,-0.05714285714285716,-0.07674537987679675,0.22164238285889712,0.2209103503650405,0.21168851481236517,7.820439515262181,-0.0845588235294118,0.9607371794871795,0.9189069511977042,0.9736494122484431,26.232114467408593,-39.400440821780194,-0.11732585785278114,-0.0378092855157075,0,0
2015-06-17,1808.0,1798.5,1816.0,1792.5,2400.0,0.0053,0.005282179594106262,-0.05439330543933052,-0.09145728643216078,0.22813746245798178,0.19087161483794296,0.2141622199278955,7.783640596221253,-0.03614457831325302,0.9735384615384616,0.9292365150204298,0.9727394097067134,17.7304964539007,-42.584730948792185,0.020507449400005543,-0.048949115044247815,0,0
2015-06-18,1806.5,1808.0,1832.5,1800.0,2400.0,-0.0008,-0.0008296460176990816,-0.06301867219917012,-0.07263860369609854,0.20627082082222584,0.18043011858530095,0.21291128364714781,7.783640596221253,0.0,0.9819078308809256,0.9329006937152496,0.9721665506785917,20.70393374741201,-44.7139071913366,0.0785316194964183,-0.05092720730694711,0,0
2015-06-19,1788.0,1800.0,1816.5,1785.0,2110.0,-0.0102,-0.010240797121505718,-0.07044450220951393,-0.07357512953367873,0.20062362851862142,0.18090176274857164,0.21417242199814365,7.65491704784832,-0.12083333333333335,0.9821862983598839,0.9279313566065807,0.9717293311124402,20.661157024793397,-47.34828849599285,0.062002074230392445,-0.05061521252796419,0,0
2015-06-22,1765.0,1785.0,1790.0,1761.5,1790.0,-0.0129,-0.012863534675615185,-0.05437985534422718,-0.08359293873312568,0.15217183087198483,0.18285661658456473,0.19390087956738242,7.490529402060711,-0.15165876777251186,0.977336550251157,0.9204693611473272,0.9704786738685044,19.15708812260536,-50.707438652108294,0.04450593572417984,-0.03711048158640229,0,0
2015-06-23,1794.5,1765.0,1804.5,1765.0,2300.0,0.0167,0.016713881019829957,-0.03547433485622142,-0.07785200411099691,0.2128939238330653,0.1954892573437853,0.20406160904437298,7.741099090035366,0.2849162011173185,0.9988867241859171,0.9394140331896627,0.9685054680430464,21.996303142329012,-50.408112550465376,0.19067257807814636,-0.03315686820841457,0,0
2015-06-24,1790.0,1786.0,1812.0,1782.5,2170.0,-0.0025,-0.0025076623014766986,-0.01377410468319562,-0.07133592736705574,0.16408492586518394,0.19510331377210477,0.20406103346133422,7.682943169878292,-0.05652173913043479,0.9983665989402813,0.9414198434473147,0.9678479703373859,23.196881091617925,-49.95812073236357,0.20640055528475237,-0.04245810055865917,0,0
2015-06-25,1794.5,1790.0,1805.5,1781.0,2290.0,0.0025,0.002513966480446994,-0.0022240756185710753,-0.05923984272608129,0.1574651137139762,0.1961382097801463,0.2020502666325638,7.736743682453495,0.055299539170506895,1.0011955525445344,0.9475824195166599,0.9674785197552873,26.55601659751038,-48.67726536795499,0.24337702585295537,-0.05043187517414327,0,0
2015-06-26,1780.5,1794.5,1804.5,1772.5,1900.0,-0.0078000000000000005,-0.007801616049038729,-0.01521017699115046,-0.0687761506276151,0.15763677577835455,0.19419797704069816,0.17996595597728027,7.550135342488429,-0.17030567685589515,0.9955667385573929,0.943269612820626,0.9656716512042988,23.752495009980038,-48.23582865375511,0.2180379203748137,-0.03482167930356639,0,0
2015-06-29,1784.5,1770.0,1785.5,1758.0,1840.0,0.0022,0.0022465599550687276,-0.012178245225574313,-0.07442946058091282,0.1597808715066273,0.18765157133505403,0.17200079414194636,7.518064181233078,-0.03157894736842104,0.99955989437465,0.9486050446970435,0.9635082780974994,19.916142557651995,-47.02118930612005,0.25830711782695565,-0.016531241244045924,0,0
2015-06-30,1760.5,1784.5,1784.5,1746.0,2810.0,-0.0134,-0.013449145418884867,-0.015380313199105156,-0.08474135690148166,0.16793075687700243,0.18999155373489576,0.17418679581597854,7.941295570906532,0.5271739130434783,0.9882914310918641,0.9392338881775502,0.9607836412413877,18.4108527131783,-47.448224696934176,0.19580934951914333,-0.028685032661175835,0,0
2015-07-01,1785.5,1753.0,1798.5,1753.0,2320.0,0.014199999999999999,0.014200511218403822,0.011614730878186874,-0.04339673185105808,0.17391129801112792,0.1758511834410663,0.18557018865713418,7.749753406274437,-0.17437722419928825,1.0006805444355484,0.9552470374234278,0.9603868832662669,32.07964601769912,-45.24777408065552,0.31274707877805136,-0.025483057966956046,0,0
2015-07-02,1782.0,1785.5,1801.5,1780.0,1940.0,-0.002,-0.001960235228227414,-0.0069657286152131626,-0.042192958882021014,0.13875045782413103,0.17591680724131495,0.17870344998020424,7.57095858316901,-0.1637931034482759,0.9997194950911641,0.9559487514193497,0.9599721047502392,32.43847874720359,-43.28733244020168,0.3168758394878701,-0.025252525252525304,0,0
2015-07-03,1765.0,1780.0,1787.0,1762.0,1490.0,-0.0095,-0.009539842873176219,-0.013966480446927387,-0.02754820936639113,0.14813163112339497,0.15017994673833204,0.17871607502817127,7.307202314764738,-0.2319587628865979,0.9921702469383659,0.9504236071223435,0.9616933002379584,37.17948717948718,-42.61419631232229,0.2620037934255798,-0.008498583569405138,0,0
2015-07-06,1763.0,1762.0,1769.0,1730.0,2850.0,-0.0011,-0.001133144475920722,-0.017553636110337112,-0.019738671114817863,0.1450797846459122,0.14659937388914784,0.17750622902449456,7.955425088912672,0.912751677852349,0.9935592947427744,0.9524581307401405,0.9634753415142394,40.16620498614959,-41.76072274988337,0.2705350540933096,-0.024390243902439046,0,0
2015-07-07,1727.0,1763.0,1773.0,1703.5,3440.0,-0.0204,-0.02041973908111172,-0.03004773939904526,-0.044800884955752185,0.18002447251885653,0.1635237949458962,0.18511051020623912,8.14351740579748,0.2070175438596491,0.9774813017990702,0.9365255822781379,0.963969058787529,30.434782608695656,-43.487936081307225,0.09122876005277566,-0.024609148812970494,0,0
2015-07-08,1776.5,1727.0,1783.5,1684.0,5320.0,0.0287,0.02866242038216571,-0.004483048472961659,-0.016606698034874023,0.2684057511646016,0.21243450992245627,0.21430518921597314,8.579416534596369,0.5465116279069768,1.0061491160645657,0.9663644605621033,0.9658010620385961,44.11764705882353,-40.39685893548494,0.38976431365126396,-0.04475091471995496,0,0
2015-07-09,1814.0,1775.0,1830.0,1771.5,3990.0,0.021099999999999997,0.021108922037714528,0.03038909400738432,0.014541387024608499,0.27839349632777066,0.22743049258363424,0.23106093279864554,8.291797105048733,-0.25,1.0229598002094578,0.9899225088223523,0.9699065532277596,54.74452554744525,-34.52325879063301,0.7398700375262319,-0.05953693495038592,0,0
2015-07-10,1790.0,1812.5,1822.0,1783.5,3250.0,-0.0132,-0.013230429988974612,0.00252030243629231,0.014164305949008416,0.2864405368526714,0.22787288136176445,0.2132582022500913,8.086717920303906,-0.18546365914786966,1.0090597946446547,0.9796409807355516,0.9736794783587691,54.54545454545455,-31.442537779245868,0.5659041223023377,-0.048603351955307295,0,0
2015-07-13,1840.5,1790.0,1849.5,1774.0,3160.0,0.0282,0.02821229050279328,0.03282828282828287,0.025633881303984474,0.32953121861582424,0.2475200518586725,0.23726324015093433,8.058643712215618,-0.027692307692307683,1.0326627124078231,1.008926205768686,0.9770730032851673,57.77027027027027,-24.64205792383723,1.0779889403060188,-0.09915783754414564,0,0
2015-07-14,1846.0,1836.0,1851.5,1808.5,3260.0,0.003,0.002988318391741407,0.045892351274787524,0.031284916201117285,0.31486719301925903,0.24671057698615206,0.2206834804661732,8.089789175789319,0.03164556962025311,1.0290674524169785,1.0134226345694601,0.9806993259272911,59.42760942760943,-18.5944790294418,1.0328316182696358,-0.09398699891657636,0,0
2015-07-15,1863.0,1846.0,1880.0,1837.5,3720.0,0.0092,0.009209100758396538,0.05672149744753252,0.03817219281136808,0.3102825071617433,0.2484447773122385,0.21934744041125512,8.221747728346623,0.14110429447852768,1.0303389428774592,1.0243111237365639,0.984881311289991,61.06623586429725,-12.288319165975963,1.0691032154165954,-0.11835748792270528,0,0
2015-07-16,1834.5,1863.0,1875.0,1830.5,3060.0,-0.015300000000000001,-0.015297906602254385,0.06224667052692534,0.030328559393428822,0.2914787525478182,0.25654474093379503,0.22665857600846925,8.026496938945412,-0.17741935483870963,1.0060323553605703,1.0103634077161032,0.9886871924121444,58.33333333333334,-9.481062074474721,0.8200236704558411,-0.08585445625511035,0,0
2015-07-17,1832.0,1831.5,1849.5,1826.0,2580.0,-0.0014000000000000002,-0.0013627691469064729,0.031241204615817697,0.026618100308209547,0.25949559197722055,0.2570041875171664,0.22671408257925058,7.855932199718614,-0.1568627450980392,1.0003120124804992,1.010386984097803,0.9919307184221238,57.36434108527132,-7.373028033275887,0.7748784509142005,-0.05567685589519655,0,0
2015-07-20,1812.5,1834.5,1837.0,1808.0,2290.0,-0.0106,-0.010644104803493426,-0.0008269018743108925,0.029537063334279967,0.24368731192640003,0.25399367748997653,0.22696492077068928,7.736743682453495,-0.11240310077519378,0.989780395522097,1.0014642097411388,0.9958007569688097,58.17610062893082,-7.1929668553195825,0.6165780535640836,-0.049379310344827565,0,0
2015-07-21,1785.0,1812.5,1825.5,1783.0,2100.0,-0.0152,-0.015172413793103412,-0.0027932960893854997,-0.00028003360403250355,0.24834368075087873,0.2576360165137285,0.2288424005555715,7.650168700845001,-0.08296943231441045,0.9751434034416826,0.9888740132034533,0.9984105733147791,49.921996879875195,-9.163654344323959,0.41615942461496974,-0.039215686274509776,0,0
2015-07-22,1767.0,1782.5,1787.5,1755.5,2460.0,-0.0101,-0.010084033613445342,-0.03993480032599839,-0.008417508417508435,0.15088569545953076,0.2611773063396766,0.22389340762132517,7.8083230503910555,0.17142857142857149,0.9708791208791209,0.9817393881028225,1.0007090472310118,47.76119402985074,-12.03910859531834,0.2951340912358596,-0.03338992642897565,0,0
2015-07-23,1731.0,1760.0,1785.0,1730.0,2410.0,-0.0204,-0.02037351443123936,-0.06229685807150598,-0.01926345609065161,0.15885362092498284,0.27227186800851644,0.23409171441288557,7.787796878181171,-0.020325203252032575,0.9597623762376237,0.964157406633804,1.0018738884976668,45.197740112994346,-17.026554420509683,0.0907073511761618,-0.03928365106874643,0,0
2015-07-24,1716.0,1730.0,1734.0,1700.0,3450.0,-0.0087,-0.008665511265164683,-0.07890499194847023,-0.02665910380034031,0.09612761286576253,0.27407723640447584,0.23488336863342074,8.146419323098003,0.4315352697095436,0.9626542715178714,0.9583736689254598,1.0026940629554377,43.596730245231605,-21.936643834314737,0.05537026588943046,-0.02564102564102566,0,0
2015-07-27,1701.0,1711.0,1723.5,1693.5,3040.0,-0.0087,-0.00874125874125875,-0.07277187244480787,-0.015055008685581961,0.09371757223721819,0.2629423738717759,0.23519693359571744,8.019941687677365,-0.11884057971014494,0.9645591153955203,0.9520167157941868,1.0037871721204432,46.24277456647399,-26.73017093818703,0.03957855932840173,-0.007054673721340388,0,0
2015-07-28,1730.5,1701.0,1740.0,1700.0,2650.0,0.0173,0.017342739564961684,-0.05540393013100442,-0.025893611032929864,0.18995451786969045,0.24175753933608993,0.24432359475571297,7.8826922062890254,-0.1282894736842105,0.9894225271583762,0.9697575372660365,1.0032209170140205,42.94478527607362,-27.827889655600302,0.21846429846093704,-0.011268419531927143,0,0
2015-07-29,1719.5,1731.0,1743.5,1715.5,2690.0,-0.0064,-0.006356544351343585,-0.05131034482758623,-0.05209481808158767,0.1892343011039416,0.21833117546016387,0.24111232548613884,7.897668150726906,0.015094339622641506,0.9906584362139917,0.9651888372267076,1.001093236501269,34.2237061769616,-29.248291617612495,0.19117253020652925,0.003198604245420178,1,1
2015-07-30,1714.5,1719.5,1726.0,1701.0,2440.0,-0.0029,-0.0029078220412910305,-0.0394957983193277,-0.04217877094972067,0.182357562393571,0.21397006733230892,0.23471007377857916,7.80016307039296,-0.09293680297397766,0.9935427790885385,0.9640417217239731,0.9997871340613617,36.54188948306596,-30.42668869192289,0.19609269349705616,-0.006124234470691214,0,0
2015-07-31,1697.5,1712.5,1718.5,1694.5,2420.0,-0.009899999999999999,-0.009915427238261887,-0.03933220147142047,-0.07769627818527569,0.18218941358834467,0.160711610568633,0.23637885690522123,7.791935956938058,-0.008196721311475419,0.989383846794338,0.9561046129583388,0.9957327654415689,21.05263157894737,-32.35931672801303,0.14950622930015844,-0.017083946980854248,0,0
2015-08-03,1699.5,1691.0,1706.5,1671.5,3010.0,0.0012,0.001178203240058906,-0.01819757365684571,-0.07936078006500547,0.15256776395086508,0.15898607773045093,0.23510121448784596,8.010027528481734,0.24380165289256195,0.9931544016362649,0.9584096997039334,0.9910575819218143,19.917864476386043,-33.345172691012294,0.18764992409341685,-0.0014710208884965992,0,0
2015-08-04,1735.0,1699.5,1737.5,1688.5,2990.0,0.0209,0.02088849661665204,0.011072261072261114,-0.06870638754696723,0.19903574789175463,0.18586872784399772,0.24779833287197542,8.003363058629947,-0.006644518272425293,1.0122942279641594,0.9795250103504084,0.9870055327637473,25.572519083969468,-30.90565616411982,0.3426183543897205,-0.0034582132564840995,0,0
2015-08-05,1714.0,1735.0,1737.5,1710.5,2810.0,-0.0121,-0.012103746397694515,0.007642563198118735,-0.06568547288089399,0.20725532745680453,0.18291139580694318,0.24101906090211753,7.941295570906532,-0.06020066889632103,0.9989592439948379,0.9690550676567035,0.9835529326879069,26.32612966601178,-30.31736650727703,0.2684903153227027,0.0005834305717620225,1,1
2015-08-06,1704.0,1714.0,1723.5,1696.5,2500.0,-0.0058,-0.005834305717619559,-0.01531349321005493,-0.06986899563318782,0.1754679673561637,0.18227480957276912,0.21733794779718993,7.824445930877619,-0.11032028469750887,0.9953271028037384,0.9650472423850561,0.9800553127625232,25.572519083969468,-30.308679550978013,0.2512390510634752,-0.013497652582159625,0,0
2015-08-07,1718.5,1703.5,1729.5,1685.5,2730.0,0.0085,0.0085093896713615,-0.0005815644082581839,-0.05186206896551726,0.18300872677423913,0.1889711217600618,0.2045417588761604,7.912423121473705,0.09200000000000008,1.003880497371276,0.9743996824766818,0.9773967137956591,31.712062256809332,-28.799780316829356,0.33029749618593524,-0.010474250800116436,0,0
2015-08-10,1755.0,1718.0,1765.5,1714.0,2820.0,0.0212,0.02123945301134711,0.023622047244094446,-0.01680672268907568,0.22054249554609312,0.20838355741326095,0.21626089309461446,7.944846711001996,0.03296703296703307,1.0217490747286564,0.9956505295007564,0.9767262805273395,44.3609022556391,-24.377710770794693,0.505456672523573,-0.04188034188034184,0,0
2015-08-11,1710.0,1755.0,1761.5,1708.0,3200.0,-0.0256,-0.02564102564102566,0.007363770250368162,-0.032258064516129004,0.2741554157830316,0.23060869343860574,0.2052503798691499,8.071218539969863,0.13475177304964547,0.9945164506480559,0.971048372594857,0.9753479184384266,40.27303754266212,-24.225061288621873,0.3195453009657525,-0.012865497076023358,0,0
2015-08-12,1740.0,1710.0,1744.5,1680.0,3400.0,0.0175,0.01754385964912286,0.02383053839364524,0.005199306759098743,0.29121365618827477,0.2289211400419564,0.21683942710033308,8.131824785007195,0.0625,1.0085703639299466,0.9889360412246135,0.9765540423504958,51.56794425087108,-21.43623264830262,0.49510176392658173,-0.028448275862068995,0,0
2015-08-13,1737.0,1732.5,1759.0,1723.0,2870.0,-0.0017000000000000001,-0.0017241379310344307,0.0011527377521614035,0.012237762237762295,0.2649759471353316,0.22542080529105343,0.2125233660770243,7.962415680121064,-0.15588235294117647,1.006664734859461,0.9880733423083486,0.9782405538866602,53.81818181818181,-19.246281632117416,0.5068577615982127,-0.040875071963154874,0,0
2015-08-14,1750.0,1727.0,1753.0,1727.0,2210.0,0.0075,0.007484168105929667,0.02100350058343059,0.028806584362139898,0.2522736678033723,0.22237141791079154,0.21088898585943194,7.701200180857446,-0.22996515679442509,1.011184943662553,0.9957514604354752,0.9805103666532997,58.97435897435897,-16.27414016209059,0.6507403219461892,-0.04971428571428571,0,0
2015-08-17,1720.0,1747.0,1753.5,1720.0,2120.0,-0.0171,-0.017142857142857126,0.009389671361502261,-0.006067610517191513,0.27697658245633944,0.22473403904724396,0.21713048156480438,7.659642954564682,-0.040723981900452455,0.992539466633692,0.9794802680283214,0.9808835931631626,48.08043875685558,-16.15324140167536,0.4224592511624842,-0.03430232558139534,0,0
2015-08-18,1684.5,1715.0,1733.5,1682.5,2500.0,-0.0206,-0.020639534883720945,-0.019784695955775367,-0.020354754289037547,0.3001005971398839,0.23980863157282448,0.2242599575673337,7.824445930877619,0.179245283018868,0.9747860951514901,0.9600387549037303,0.9802507398848481,44.12751677852349,-18.706346459450742,0.050617573688337116,-0.00801424755120217,0,0
2015-08-19,1697.0,1684.5,1711.5,1680.0,2910.0,0.0074,0.007420599584446519,-0.03304843304843308,-0.010207057451151913,0.262963365373894,0.24250626738138706,0.22295201883534946,7.976251943745623,0.16399999999999992,0.986750841051626,0.9686257348884111,0.9810199693949385,47.13584288052373,-19.496313710306595,0.21195769142001833,-0.03270477312905129,0,0
2015-08-20,1706.0,1692.0,1726.5,1692.0,2500.0,0.0053,0.005303476723629963,-0.002339181286549752,0.00500736377025035,0.2216179122712541,0.23978369553754955,0.22256379930697656,7.824445930877619,-0.14089347079037806,0.9923137645934604,0.9757678595260338,0.9833872158232038,51.42857142857142,-19.17510498991942,0.34763225292233696,-0.0301875732708089,0,0
2015-08-21,1703.0,1706.0,1712.0,1680.0,3090.0,-0.0018,-0.0017584994138335475,-0.021264367816091978,0.00205942924389535,0.18350874887572913,0.2399375511029814,0.21183924213486063,8.036249942132116,0.236,0.9936236715982497,0.9756703078450844,0.9851642895337037,50.58626465661642,-18.944242260386318,0.31908035599448525,-0.04726952436876097,0,0
2015-08-24,1658.0,1695.5,1700.5,1619.0,4280.0,-0.0264,-0.026423957721667612,-0.04548071387449626,-0.04438040345821326,0.23016170442747994,0.24497321405381348,0.22853601897307738,8.361941906144946,0.3851132686084142,0.9737802575827496,0.9532113871774479,0.9854477708985533,37.5,-22.137221691545392,-0.11601307322120176,-0.019903498190591118,0,0
2015-08-25,1672.5,1652.5,1693.5,1645.0,3830.0,0.0087,0.008745476477683978,-0.04428571428571426,-0.02421236872812138,0.23348915968887388,0.24612941739627892,0.22961600396447385,8.25088114470065,-0.10514018691588789,0.9887256143906764,0.9647554222427319,0.9870253477486981,43.117744610281925,-23.22987256562692,0.0993574085989824,0.0008968609865471766,1,1
2015-08-26,1642.5,1669.0,1672.5,1628.0,3210.0,-0.0179,-0.017937219730941756,-0.04505813953488369,-0.03609154929577463,0.2350736936851545,0.25531511060283135,0.2271887618722113,8.074337694089515,-0.16187989556135773,0.9773876822374293,0.9514844315713251,0.988683148856936,40.43545878693624,-26.21437256594004,-0.06621631899867496,0.0176560121765601,1,1
2015-08-27,1677.0,1635.5,1690.5,1634.5,3330.0,0.021,0.02100456621004576,-0.0044523597506678225,-0.024148967122490594,0.26100819723807694,0.27079534050389625,0.2405399964519496,8.11102783819368,0.03738317757009346,0.9985539299081321,0.9744334689134224,0.9899767576990122,43.92386530014641,-25.501780001331326,0.25501591612086516,0.06052474657125817,1,1
2015-08-28,1730.0,1676.5,1735.0,1671.0,3830.0,0.0316,0.031604054859868835,0.019446081319976383,-0.014245014245014231,0.3245176876323463,0.29059403874609024,0.2656387537968993,8.25088114470065,0.1501501501501501,1.0272287725846128,1.0072193758733117,0.990896766251913,46.50837988826816,-20.4249421800414,0.6857966120571537,0.04277456647398847,1,1
2015-09-01,1723.0,1721.5,1740.5,1711.0,2940.0,-0.004,-0.004046242774566444,0.009964830011723436,0.007602339181286499,0.32649319756413964,0.26851286181019063,0.2634913179395392,7.9865049385539955,-0.2323759791122716,1.0215991868541419,1.0048893338647122,0.9931624311417657,52.03125,-16.773004374984794,0.6172820767801757,0.030179918746372714,1,1
2015-09-02,1715.0,1716.0,1742.0,1712.0,3190.0,-0.0046,-0.004643064422518828,0.007046388725778119,-0.014367816091954033,0.32819311482378566,0.2577765404540674,0.2641683526693456,8.068089626278244,0.08503401360544216,1.0158233203587748,1.001586575430468,0.9934729315770227,45.80536912751678,-14.358830831137084,0.5604384364755948,0.04664723032069973,1,1
2015-09-03,1708.0,1717.0,1738.5,1706.5,2850.0,-0.0040999999999999995,-0.004081632653061273,0.030156815440289586,-0.016695451928612548,0.27177861424696986,0.258114528199635,0.2539252278910152,7.955425088912672,-0.10658307210031348,1.0074148972025616,0.9986454750095012,0.9934041732733982,45.198675496688736,-12.862155481044056,0.5038083575415154,0.051522248243559776,1,1
2015-09-04,1663.0,1706.0,1713.5,1660.5,2380.0,-0.0263,-0.026346604215456648,-0.00568011958146486,-0.04971428571428571,0.32453316520582176,0.27566766541356774,0.2665189420745011,7.7752758464868625,-0.16491228070175434,0.9816587258084918,0.9736248938848394,0.9910842355735656,36.97604790419162,-15.132712907825407,0.15920296610334467,0.08418520745640401,1,1
2015-09-07,1672.0,1663.0,1683.0,1661.0,2240.0,0.0054,0.0054119061936259705,0.01796042617960425,-0.027906976744186074,0.3016841603722997,0.2705848878653012,0.2669567292037677,7.714677473800927,-0.05882352941176472,0.9845222072678331,0.9797353386395821,0.989926963509658,42.332268370607025,-16.021238380000796,0.25554616489533793,0.06997607655502391,1,1
2015-09-08,1689.0,1662.5,1700.5,1655.0,3120.0,0.0102,0.010167464114832603,0.007155635062611854,0.002671415850400649,0.28031894455838285,0.2605752185326888,0.26774336059542314,8.045908742270779,0.3928571428571428,0.9935294117647059,0.9899287884264097,0.9903474337737947,50.764006791171475,-15.178672999169521,0.4080491942880508,0.05417406749555953,1,1
2015-09-09,1711.0,1689.0,1731.0,1683.5,3550.0,0.013000000000000001,0.013025458851391392,-0.010982658959537539,0.008249852681202041,0.20852218739386605,0.2645916916507794,0.26068602962551507,8.174984532943087,0.13782051282051277,1.008080127935359,1.0032052534886449,0.9913111943757295,52.30263157894736,-12.590581341832376,0.5935821543258213,0.014026884862653466,1,1
2015-09-10,1725.0,1698.0,1737.5,1698.0,3070.0,0.008199999999999999,0.008182349503214503,0.0011607661056296514,0.011137162954278912,0.21506103391923515,0.2658382068375579,0.24647643641301456,8.029758520440822,-0.13521126760563384,1.0161575359757637,1.0113051210146273,0.9920002903401867,53.07443365695792,-9.302582677630198,0.7250065744943861,0.019130434782608674,1,1
2015-09-11,1704.0,1720.0,1736.5,1696.5,2630.0,-0.012199999999999999,-0.012173913043478257,-0.00641399416909616,0.0005871990604815469,0.22668296597461274,0.27148641354506664,0.24209009219258124,7.875119281040293,-0.14332247557003253,1.0047169811320755,0.9991986083149275,0.9922457675629037,50.15290519877676,-8.295716685134039,0.559251522831947,0.029929577464788748,1,1
2015-09-14,1668.5,1693.0,1702.0,1662.0,2640.0,-0.0208,-0.02083333333333337,-0.02312646370023419,0.006332931242460704,0.25702525270272025,0.26172828650924407,0.25178169866720923,7.878912912297133,0.0038022813688212143,0.9870695119374604,0.9789368692795118,0.9932485667348375,51.653543307086615,-10.244232312835038,0.2511586886621491,0.05034462091699132,1,1
2015-09-15,1697.0,1667.0,1698.0,1651.0,3400.0,0.0171,0.017081210668264957,0.020444978953698234,0.014648729446935738,0.22272539478732725,0.2690579745310735,0.25834702223043754,8.131824785007195,0.28787878787878785,1.0010533855812582,0.9957069793367821,0.9943239365588499,53.69532428355958,-9.380599459178029,0.5483541465103106,0.030642309958750724,1,1
2015-09-16,1729.0,1697.0,1734.0,1682.5,3470.0,0.0189,0.018856806128461967,0.03409090909090917,0.052663622526636145,0.24261181935176607,0.2636305021330061,0.26068390030262245,8.152198015861787,0.020588235294117574,1.015054304524678,1.0146018954101343,0.9980663072196321,62.968515742128936,-6.04435606147922,0.8372881152418522,0.00665124349334878,1,1
2015-09-17,1715.0,1720.0,1733.0,1700.0,2730.0,-0.008100000000000001,-0.0080971659919028,0.015393724097098938,0.02265951103160413,0.2505789400194393,0.25560727975938974,0.251398378472619,7.912423121473705,-0.21325648414985587,1.004644545796895,1.0063668104333539,0.9996395354198364,56.0702875399361,-4.478417717851926,0.6885212779319001,-0.00320699708454808,0,0
2015-09-18,1681.0,1710.5,1730.0,1675.5,3900.0,-0.019799999999999998,-0.019825072886297423,-0.017533606078316777,-0.02832369942196533,0.2683655476863408,0.23100499887934714,0.2601598369039774,8.268988209506656,0.4285714285714286,0.9872058391711062,0.9868594855336927,0.9980347236102937,41.66666666666667,-5.912757560106002,0.3734361764390906,0.010707911957168248,1,1
2015-09-21,1700.5,1679.0,1707.0,1665.0,3820.0,0.0116,0.011600237953599102,-0.014202898550724652,-0.013058618688334356,0.27473480336600153,0.23769579907892144,0.26277697476412387,8.2482674474469,-0.02051282051282055,1.0007145859604876,0.9986590582086192,0.9974425625271789,46.329526916802614,-5.41359068369411,0.5620531799180905,-0.00352837400764483,0,0
2015-09-22,1681.5,1702.0,1707.0,1668.0,3250.0,-0.011200000000000002,-0.011173184357541888,-0.01320422535211263,-0.01953352769679295,0.273226504334597,0.24131141948251275,0.2655693396237636,8.086717920303906,-0.1492146596858639,0.991408717624763,0.9889237404430504,0.9974724843868149,44.724409448818896,-6.476481698656698,0.3614918067937589,0.006839131727624181,1,1
2015-09-23,1688.0,1671.5,1703.5,1663.5,2790.0,0.0039000000000000003,0.0038655961938744987,0.011687144141444339,-0.011709601873536313,0.238879295640006,0.2418907408822673,0.2484494823858129,7.934155233536322,-0.1415384615384615,0.9936091490077362,0.993174864674041,0.9970623339945535,46.845425867507885,-6.716906491591544,0.4175656501725542,-0.007109004739336511,0,0
2015-09-24,1690.5,1688.0,1706.0,1675.5,3180.0,0.0015,0.001481042654028375,-0.0038302887448438128,0.01653638003607938,0.21388120430000923,0.21169846808647735,0.24685452351601705,8.064950891749143,0.13978494623655924,0.9956249211223761,0.995612356076445,0.9991880965702339,55.009107468123865,-6.629297352248841,0.40514403644539315,-0.022774327122153215,0,0
2015-09-25,1666.0,1690.0,1696.0,1663.5,2290.0,-0.014499999999999999,-0.01449275362318836,-0.036437246963562764,-0.0035885167464114742,0.17788205645300195,0.2207711282448387,0.24386128091160647,7.736743682453495,-0.27987421383647804,0.9864241911609221,0.9825527104732885,1.000329988976964,48.96551724137931,-8.439526119404718,0.13048745982746282,-0.0015006002400960172,0,0
2015-09-28,1663.0,1665.0,1675.5,1635.5,2820.0,-0.0018,-0.0018007202881152873,-0.030320699708454857,-0.015393724097098826,0.1776377520799372,0.21569212404770347,0.23257582362900212,7.944846711001996,0.23144104803493448,0.9889979185251264,0.982463741002944,1.0009466513439496,45.289855072463766,-10.000935824505405,0.13364270948625928,-0.008117859290438956,0,0
2015-09-29,1661.0,1663.0,1672.5,1645.5,3060.0,-0.0012,-0.0012026458208057589,-0.011897679952409312,-0.02922267679719459,0.140744021664503,0.20595731833670028,0.20157709284666211,8.026496938945412,0.0851063829787233,0.9894898089443003,0.9824236270615025,0.9999985917496244,40.23437499999999,-11.269835897452822,0.1487846578987511,-0.01685731487055986,0,0
2015-09-30,1671.0,1661.0,1679.0,1652.5,3390.0,0.006,0.006020469596628608,-0.017347838870920285,-0.03130434782608693,0.12127554580013943,0.20407335461091836,0.20321070351936324,8.128880142125638,0.10784313725490202,0.9979523931405171,0.9886014041176935,0.9979828485784153,39.285714285714285,-11.337836400218748,0.286867680261936,-0.028426092160383054,0,0
2015-10-01,1641.5,1667.5,1694.0,1635.0,3550.0,-0.0177,-0.017654099341711582,-0.023788284269997018,-0.036678403755868505,0.14476490283103327,0.21049280020843972,0.21070348822464874,8.174984532943087,0.0471976401179941,0.9836914647718517,0.97221262524061,0.996432273121479,38.00383877159309,-13.615183387853449,0.024909214209170145,-0.017362168748096263,0,0
2015-10-02,1654.5,1645.0,1655.5,1619.0,2009.9999999999998,0.0079,0.007919585744745605,-0.019845971563981046,-0.00839077015283185,0.15498999991608195,0.19709165953113938,0.21329462446814806,7.606387389772652,-0.43380281690140854,0.9943335479716678,0.9809094681923282,0.9968535347974489,47.05882352941176,-14.207233781152809,0.1757238454572713,-0.02810516772438798,0,0
2015-10-05,1622.5,1650.5,1664.5,1619.0,2730.0,-0.019299999999999998,-0.01934119069205198,-0.04022478556640052,-0.04390100176782552,0.17919307590696062,0.19456479783429217,0.20416772545074469,7.912423121473705,0.35820895522388074,0.9808281877455848,0.9634702744430479,0.99528197181625,34.57556935817806,-17.061891681530824,-0.047718407006666366,-0.016949152542372836,0,0
2015-10-06,1625.0,1622.5,1638.5,1608.0,2700.0,0.0015,0.0015408320493066618,-0.024609843937575038,-0.06015037593984962,0.17218578734616272,0.16879333481997943,0.2030507021841247,7.901377353792616,-0.01098901098901095,0.9858300472331759,0.965585540975489,0.9915184097902592,25.47169811320755,-18.904579305114567,0.05003045816411344,-0.02369230769230768,0,0
2015-10-07,1674.0,1618.0,1684.0,1618.0,2850.0,0.0302,0.030153846153846198,0.00661455201443184,-0.023906705539358586,0.2664119610178371,0.22203208045839481,0.22756976904263485,7.955425088912672,0.05555555555555558,1.0145893761634703,0.9946721067955396,0.9897488278917898,41.70040485829959,-16.22401172467289,0.4667893562796901,-0.05316606929510159,0,0
2015-10-08,1671.5,1674.0,1676.0,1657.5,2710.0,-0.0015,-0.0014934289127837008,0.006321493076459905,-0.005651397977394446,0.26652148590429714,0.20596187441880123,0.22233362173386637,7.905072849498666,-0.0491228070175439,1.0121539792387544,0.9926164931311612,0.9887776916855661,47.795823665893266,-14.138393116353427,0.46578983944185554,-0.04965599760693984,0,0
2015-10-09,1778.5,1680.0,1821.5,1680.0,5670.0,0.064,0.06401435836075375,0.06433273488928792,0.04586886209938257,0.465260914399274,0.3407450494315619,0.31588587684679414,8.643120748014027,1.092250922509225,1.0670237840154275,1.0540404389612699,0.9900969840815158,62.87128712871287,-3.807627618480865,1.2026359656117935,-0.10795614281698063,0,0
2015-10-12,1804.0,1777.0,1815.5,1775.0,3410.0,0.0143,0.014337925217880132,0.09899482180932084,0.0728516205768659,0.4252804542751921,0.33673661119421255,0.31462542774711827,8.134760782418645,-0.3985890652557319,1.0674556213017752,1.0675924921341,0.9938298654800771,69.78998384491115,6.3638567757893725,1.1573396504317024,-0.13331485587583147,0,0
2015-10-13,1775.0,1804.0,1804.0,1775.0,2970.0,-0.0161,-0.016075388026607573,0.07283167119975831,0.05154028436018954,0.46216487960691177,0.3487277535013681,0.31050740961257434,7.9966538754626075,-0.12903225806451613,1.0397054516547424,1.0493541299228504,0.9964852618881056,63.102409638554214,11.947055582972098,0.9338239782044517,-0.09633802816901404,0,0
2015-10-14,1795.0,1775.0,1801.5,1766.5,2370.0,0.0113,0.011267605633802802,0.10631741140215722,0.06181603076013009,0.4131975575885692,0.3499279113661456,0.30785782357580893,7.771067086065406,-0.202020202020202,1.0364596222057247,1.0595075306686603,0.9993226122432918,64.94992846924177,17.780649456599804,0.9729150730207371,-0.10194986072423395,0,0
2015-10-15,1796.0,1795.0,1831.0,1793.0,2690.0,0.0006,0.0005571030640667551,0.10523076923076924,0.078031212484994,0.41456534840789566,0.33975973986884983,0.3023484190240712,7.897668150726906,0.1350210970464134,1.0226126565804459,1.0582654895067125,1.0030668262276776,69.93865030674846,22.22827258315624,0.9228225819506787,-0.08769487750556793,0,0
2015-10-16,1803.0,1796.0,1813.0,1790.0,2330.0,0.0039000000000000003,0.0038975501113585054,0.07706093189964158,0.08418520745640401,0.4031813507413989,0.33821391835811687,0.3001578276624707,7.754052639035757,-0.13382899628252787,1.015938179183772,1.0594768233323866,1.0061923836199842,71.21212121212122,26.017968507573187,0.8966237467000169,-0.10399334442595676,0,0
2015-10-19,1789.0,1810.0,1810.5,1787.0,1980.0,-0.0078000000000000005,-0.007764836383804763,0.07029614119054739,0.07706201083684538,0.4129351281833295,0.34204556012747134,0.29161487750359866,7.591357046698551,-0.15021459227467815,0.9986045213508233,1.048846503356426,1.009251982517829,68.71345029239765,27.573793308668428,0.8094537747078429,-0.08160983789826715,0,0
2015-10-20,1780.5,1781.0,1792.0,1775.0,2090.0,-0.0048,-0.004751257685858046,0.0011245431543436268,0.06552962298025133,0.1701133792004956,0.3447864529235204,0.2911289274250664,7.645397699428633,0.05555555555555558,0.9937014151883596,1.04199992196949,1.012027845744829,66.07929515418502,27.800450422817903,0.7520806313441508,-0.06992417860151645,0,0
2015-10-21,1735.0,1770.5,1782.0,1727.0,2750.0,-0.0256,-0.02555461948890758,-0.0382483370288248,0.05696009747182451,0.1971968006719885,0.3561824147337648,0.3035427066421524,7.919719760924575,0.3157894736842106,0.9736641680362369,1.0148968529423235,1.015460916652275,63.11360448807854,24.031586903444122,0.5748501295536367,-0.050432276657060515,0,0
2015-10-22,1758.0,1739.0,1779.5,1729.5,2450.0,0.013300000000000001,0.013256484149855918,-0.009577464788732448,0.06255666364460555,0.20922769462238022,0.35797983978620496,0.30613340726298954,7.804251383528112,-0.10909090909090913,0.9879179544815959,1.0276895496794558,1.0191296456617291,64.12005457025921,22.639667201331577,0.6467738672795702,-0.060864618885096755,0,0
2015-10-23,1755.0,1751.0,1791.0,1735.5,3640.0,-0.0017000000000000001,-0.0017064846416382506,-0.02228412256267409,0.08166409861325108,0.19010728010475483,0.3426315593522539,0.3064149651390544,8.200013648175434,0.48571428571428577,0.9894092538154875,1.0249172668872883,1.0236449845657556,69.62962962962962,21.051813677438986,0.620525355756102,-0.0421652421652422,0,0
2015-10-26,1752.5,1754.0,1766.5,1744.0,2340.0,-0.0014000000000000002,-0.0014245014245014564,-0.0242204899777283,0.07846153846153836,0.18885098423831717,0.3435815068825949,0.3008683398476407,7.75833346749091,-0.3571428571428571,0.9914733694334438,1.0217864500330391,1.0272837319325443,68.88888888888889,19.368431985757297,0.5962807543178855,-0.041084165477888734,0,0
2015-10-27,1749.0,1750.0,1763.0,1745.0,1930.0,-0.002,-0.0019971469329529423,-0.029950083194675514,0.04480286738351258,0.18244086292023226,0.32569461128263033,0.30090514981698446,7.565793282428515,-0.17521367521367526,0.9938306680737072,1.0187162660660896,1.029366897615257,62.842465753424655,17.54961804514346,0.5680964393539623,-0.030874785591766707,0,0
2015-10-28,1740.5,1749.0,1757.0,1730.0,2040.0,-0.0049,-0.004859919954259606,-0.027110117384013366,0.0412802871672151,0.18093505946567776,0.3269709260333976,0.3017486518976903,7.621195162809845,0.05699481865284972,0.9929098243755349,1.0135390886591935,1.032007154295697,61.577181208053695,15.246563042723437,0.5219764353885717,-0.0226946279804654,0,0
2015-10-29,1709.5,1736.0,1739.0,1709.0,2150.0,-0.0178,-0.01781097385808672,-0.03987643920247119,-0.03879673882485235,0.19963093063518367,0.18477541472296755,0.309340566946557,7.67368812926773,0.05392156862745101,0.9809008565924834,0.9955932598229539,1.0292469993122269,34.45945945945945,10.795490741195408,0.3774643494185512,-0.002632348639953208,0,0
2015-10-30,1699.0,1711.0,1715.0,1690.0,2540.0,-0.0060999999999999995,-0.006142146826557449,-0.02074927953890493,-0.05820399113082042,0.1452202983868262,0.16768039095062118,0.3029755325669392,7.840312983320164,0.1813953488372093,0.9777613351420232,0.9891325441490394,1.0245210834188128,24.637681159420282,6.347551009329209,0.3155388606368357,0.015303119482048322,1,1
2015-11-02,1694.5,1695.0,1711.0,1681.0,2470.0,-0.0026,-0.0026486168334314275,-0.0361205915813424,-0.04535211267605632,0.09239583486961817,0.15871834093723117,0.3025020481272892,7.81237820598861,-0.027559055118110187,0.9802892561983471,0.9866275910255414,1.021292435148114,27.945205479452056,2.4313868204387745,0.253656053704185,0.019179699026261376,1,1
2015-11-03,1693.0,1698.0,1705.0,1681.5,2130.0,-0.0009,-0.0008852168781351422,-0.035327635327635276,-0.056824512534818905,0.0938304183259013,0.14492682142732818,0.2932430819976118,7.664346632098617,-0.13765182186234814,0.9844658581159661,0.9855342433856275,1.016823354774864,18.902439024390233,-0.784199217243895,0.18868957943370268,0.007678676904902648,1,1
2015-11-04,1676.0,1688.0,1705.5,1674.0,2280.0,-0.01,-0.010041346721795574,-0.04365192582025679,-0.06681514476614703,0.09385990524297107,0.1452561279092316,0.2962931742156956,7.732369222284388,0.07042253521126751,0.9808134431300423,0.9758653818160645,1.0120693885868999,16.666666666666657,-4.650721620359718,0.0896011080557143,-0.0035799522673031214,0,0
2015-11-05,1652.0,1680.0,1684.5,1651.0,2620.0,-0.0143,-0.014319809069212375,-0.055460263007432786,-0.0837493067110372,0.09889445476314844,0.14445758156262783,0.2820675373080193,7.8713112033234065,0.14912280701754388,0.9746723418601712,0.9626104690686608,1.0065414337046852,11.675126903553306,-9.541578527412412,-0.01882351091933798,-0.020883777239709467,0,0
2015-11-06,1663.5,1652.5,1670.5,1640.0,2940.0,0.006999999999999999,0.006961259079903082,-0.044240160873312284,-0.0701509223029626,0.13427298208031166,0.15450546405718193,0.2832041902996618,7.9865049385539955,0.12213740458015265,0.9878685047720043,0.969358519885398,1.0013666225000173,17.73778920308483,-12.347331619520219,0.10128973612832445,0.006011421701232367,1,1
2015-11-09,1649.5,1663.5,1669.5,1648.0,2490.0,-0.0084,-0.008415990381725247,-0.03509798186604274,-0.07357483852850322,0.1105047261661691,0.15510903735635242,0.16177057063744613,7.820439515262181,-0.15306122448979587,0.984566190577702,0.9614525248207658,0.9961752289172678,17.25,-15.521670006561635,0.08364286669372184,0.04516520157623516,1,1
2015-11-10,1633.0,1641.0,1649.0,1625.0,2670.0,-0.01,-0.010003031221582304,-0.03884638022366094,-0.05878962536023058,0.11443579829646937,0.12751466281670487,0.14939793088119024,7.890208213109961,0.07228915662650603,0.9802341036744845,0.9523531813145156,0.9924684867823609,20.175438596491233,-19.148041449325547,0.0685491252846287,0.04011022657685248,1,1
2015-11-11,1623.5,1633.0,1633.0,1583.5,2050.0,-0.0058,-0.00581751377832207,-0.04190026556506343,-0.07650739476678048,0.11254168607558146,0.09916927775295793,0.14366269920993405,7.62608275807238,-0.23220973782771537,0.9805012725939347,0.9476879371905008,0.9877777762335148,7.301587301587304,-22.528839115886285,0.08037807780278898,0.0705266399753619,1,1
2015-11-12,1613.0,1615.5,1639.0,1601.0,2610.0,-0.006500000000000001,-0.006467508469356287,-0.04725339633786174,-0.08091168091168088,0.10655577269811815,0.09754234039104125,0.13228927438653176,7.8674885686991285,0.2731707317073171,0.9809304548021371,0.9420811836853888,0.982401857852067,6.969696969696969,-25.758480146771262,0.08506010434138943,0.08059516429014257,1,1
2015-11-13,1608.0,1611.0,1621.0,1602.0,1800.0,-0.0031,-0.0030998140111593298,-0.04057279236276845,-0.08245363766048497,0.1060225112068876,0.09627273064970295,0.13093776804871654,7.496097345175956,-0.31034482758620685,0.9837011142669871,0.9400118865516335,0.977258270826867,6.865671641791039,-28.394142149353,0.10333255720389532,0.09763681592039797,1,1
2015-11-16,1595.0,1607.5,1615.0,1590.0,2890.0,-0.008100000000000001,-0.008084577114427893,-0.03450363196125905,-0.08805031446540879,0.09066496142936468,0.09468197435981113,0.12694435013390368,7.969357742016346,0.6055555555555556,0.9806332616046726,0.9329122068199099,0.971348356854586,6.497175141242934,-31.172576571326317,0.0912563579929158,0.12100313479623814,1,1
2015-11-17,1586.5,1594.0,1609.0,1573.0,3510.0,-0.0053,-0.005329153605015624,-0.046287947099489024,-0.08848032174662457,0.036333020876305216,0.09454088037439638,0.1267470252654914,8.163656176168432,0.2145328719723183,0.9820489012689569,0.9286376274328081,0.9656393067933968,6.497175141242934,-33.67223229713068,0.09728214236650812,0.12322722975102418,1,1
2015-11-18,1585.0,1581.0,1592.5,1571.0,3030.0,-0.0009,-0.0009454774661203924,-0.039102758411639904,-0.07282831237203857,0.047758179395656394,0.08193747688754952,0.12777737224290875,8.016647877057803,-0.1367521367521367,0.9867484880825329,0.9293734791404028,0.9621046812110754,7.796610169491515,-35.36658100199588,0.13652527906239542,0.09936908517350163,1,1
2015-11-19,1588.5,1585.0,1592.0,1565.5,3450.0,0.0022,0.00220820189274451,-0.02725045927740355,-0.06503825779870509,0.05668103753566656,0.08786495756323406,0.10742538167245635,8.146419323098003,0.13861386138613851,0.9928568239653557,0.9329391842288153,0.9590324515785307,10.67615658362989,-36.01182194168223,0.18211265725862721,0.08089392508655968,1,1
2015-11-20,1586.5,1585.5,1636.0,1581.0,4620.0,-0.0013,-0.0012590494176896172,-0.022790267939636566,-0.06373561522573035,0.056916336388214764,0.08871137993135694,0.08771604851081895,8.438366410870266,0.33913043478260874,0.9948936170212767,0.9352800731009954,0.9581030797022623,10.869565217391298,-36.2665056187393,0.2003403345979656,0.0601953986763315,1,1
2015-11-23,1563.5,1587.0,1587.5,1551.5,3490.0,-0.014499999999999999,-0.014497321147179276,-0.030688158710477365,-0.07649143532191371,0.08780083701543251,0.09593270772816259,0.09295406996194576,8.157943507105037,-0.24458874458874458,0.9848375776118059,0.9260977728636867,0.9571736015524517,9.404388714733543,-37.88750843559342,0.13207564341596137,0.05212663895107128,1,1
2015-11-24,1604.0,1568.0,1614.5,1568.0,3780.0,0.0259,0.02590342181004157,-0.0024875621890547706,-0.042959427207637235,0.2030553143623976,0.16229941966537895,0.14278847381055096,8.237743803890933,0.08309455587392556,1.0107120352867045,0.9533054658557363,0.9573596461188831,30.32786885245902,-35.49498917887695,0.3313926875364058,0.011845386533665847,1,1
2015-11-25,1612.0,1601.5,1620.0,1596.0,2350.0,0.005,0.004987531172069737,0.010658307210031248,-0.02421307506053272,0.1970283354550148,0.1569718413405851,0.1461378670445553,7.762596048540069,-0.37830687830687826,1.014200970699263,0.9615461088797869,0.959138835078311,38.02395209580838,-32.577830340379705,0.38982090446867546,-0.008995037220843716,0,0
2015-11-26,1638.5,1611.5,1651.0,1611.5,3440.0,0.016399999999999998,0.01643920595533488,0.03277655215884012,-0.015028554253080806,0.20795040137602055,0.17158460834966896,0.162021033004232,8.14351740579748,0.46382978723404245,1.0260780103775273,0.9804234439978857,0.9610833852155044,43.131868131868124,-27.80708959408844,0.5625875732298993,-0.021055843759536175,0,0
2015-11-27,1615.5,1632.0,1646.0,1601.0,2980.0,-0.013999999999999999,-0.01403722917302408,0.019242902208201906,-0.02061230675962411,0.23582186091388066,0.1778209510543102,0.15810221010518283,8.000014093678072,-0.13372093023255816,1.0089218004193246,0.9702896954893991,0.96323249714709,41.09947643979057,-25.587197674981553,0.44309650104777054,0.003095017022593627,1,1
2015-11-30,1643.0,1612.5,1646.5,1603.0,3250.0,0.017,0.017022593624264948,0.034309096632042735,0.006123698714023185,0.25050061869213486,0.18916496504370434,0.17144297612075451,8.086717920303906,0.09060402684563762,1.0211311373523928,0.9896994156978496,0.9664865283502716,52.47524752475248,-21.362641924399668,0.657881727628392,-0.010955569080949523,0,0
2015-12-01,1656.0,1642.0,1660.0,1631.0,2750.0,0.0079,0.00791235544735236,0.04380712259691144,0.020018478595626776,0.2469924027819696,0.18924289948016723,0.1744589535546586,7.919719760924575,-0.15384615384615385,1.0228987425545997,1.000030194148374,0.9703105252487781,57.90754257907542,-16.77231885001902,0.7947917624570132,-0.035628019323671545,0,0
2015-12-02,1647.5,1651.0,1664.5,1641.0,3080.0,-0.0051,-0.005132850241545861,0.05372561560601219,0.021388716676999486,0.21873322936080228,0.1882381011418118,0.17503208764968153,8.033009498596668,0.1200000000000001,1.0101607322734638,0.9966526184186647,0.9735133391139521,58.47665847665848,-13.662837024221744,0.7553195705165227,-0.025189681335356595,0,0
2015-12-03,1651.0,1647.5,1656.0,1631.5,3350.0,0.0021,0.0021244309559940167,0.029301745635910148,0.02674129353233834,0.17779265251989457,0.1870226401255007,0.17237650901273274,8.11701408773731,0.08766233766233755,1.0081563222401535,1.0009295934039286,0.9774804554430292,60.64356435643564,-10.79172918891959,0.7868661390709801,-0.016353725015142317,0,0
2015-12-04,1681.0,1645.5,1688.5,1645.5,3280.0,0.0182,0.018170805572380377,0.04280397022332516,0.05391849529780557,0.19685622225985075,0.1927967727917872,0.17662619056889994,8.0959035329611,-0.020895522388059695,1.0203338391502277,1.0206435944140861,0.9826741261167491,69.63470319634703,-6.026140666230731,1.0112492377693005,-0.04104699583581206,0,0
2015-12-07,1680.5,1682.5,1700.5,1675.0,2450.0,-0.0003,-0.0002974419988102106,0.025633201098565817,0.05924992121021111,0.18509606525186556,0.18931541544785355,0.17526577768852833,7.804251383528112,-0.2530487804878049,1.0163289990928335,1.0218290161741457,0.9881907889022081,72.27488151658767,-2.2636295368733954,0.9588640745298955,-0.02231478726569469,0,0
2015-12-08,1695.0,1673.0,1699.5,1663.0,2800.0,0.0086,0.008628384409401946,0.04921077065923862,0.06940063091482651,0.1379205316744484,0.18864160834248125,0.1742314824776411,7.937731775260109,0.1428571428571428,1.0181053715462502,1.0317750182615049,0.9940563150022609,74.55357142857143,1.866698322729917,0.9872548699648583,-0.03539823008849563,0,0
2015-12-09,1701.0,1695.0,1720.0,1686.0,3040.0,0.0034999999999999996,0.003539823008849474,0.03530127814972617,0.07082152974504252,0.11883905165402732,0.18836183833516804,0.1693567835151346,8.019941687677365,0.08571428571428563,1.0166495901639345,1.0362578562072922,0.9997490655229083,74.83443708609272,5.560069741818097,0.9536921393827184,-0.047031158142269214,0,0
2015-12-10,1705.0,1697.0,1711.5,1683.0,2340.0,0.0024,0.0023515579071133885,0.02958937198067635,0.07469271982351078,0.11777907798643845,0.18666453041303824,0.16695362368250147,7.75833346749091,-0.23026315789473684,1.0147946603180003,1.0387896019496345,1.0049973888824417,75.92997811816193,8.709462509003288,0.9155985404630401,-0.034604105571847454,0,0
2015-12-11,1725.0,1702.0,1730.0,1702.0,2770.0,0.011699999999999999,0.011730205278592365,0.047040971168436974,0.10329389190917815,0.10436526810305831,0.16484536791076063,0.16669323464234176,7.9269635448629785,0.18376068376068377,1.0199771930565527,1.050420168067227,1.0114915531429964,85.80931263858093,12.673123936182492,0.9527889669473113,-0.03565217391304343,0,0
2015-12-14,1727.0,1723.0,1739.0,1712.0,2620.0,0.0012,0.001159420289855051,0.046032707450030186,0.07668329177057354,0.10624961548301755,0.14195993401627907,0.16529472818022406,7.8713112033234065,-0.054151624548736454,1.0146460195560032,1.050944754911407,1.016171167189961,82.88770053475936,15.793677773018771,0.9054719539427295,-0.03474232773595831,0,0
2015-12-15,1706.0,1725.0,1731.0,1696.0,2740.0,-0.012199999999999999,-0.012159814707585426,0.01487209994051164,0.058312655086848686,0.12080328051318402,0.16022437997250893,0.16943110984076476,7.916078096302786,0.04580152671755733,1.0002093890028896,1.037891769668333,1.0199880931860288,73.5,16.383357528112356,0.7736272491568769,0.004689331770222793,1,1
2015-12-16,1670.0,1690.0,1704.0,1661.0,2980.0,-0.021099999999999997,-0.021101992966002348,-0.006248140434394478,0.01922490082392425,0.1855477363830782,0.1818964911263132,0.1873696804574308,8.000014093678072,0.0875912408759123,0.9799647916841311,1.0161138209733194,1.0214812314476653,57.51789976133652,13.786857535344097,0.5784454185749264,0.04011976047904198,1,1
2015-12-17,1617.5,1665.0,1682.0,1613.5,3510.0,-0.031400000000000004,-0.03143712574850299,-0.04572271386430682,0.0012380068090374063,0.2456912149678886,0.22127935549447844,0.22118042933065063,8.163656176168432,0.1778523489932886,0.9553642998776526,0.9848592478334112,1.0222834643386287,50.41841004184101,7.40741329559296,0.2923080535749556,0.08129829984544057,1,1
2015-12-18,1673.5,1620.0,1680.0,1619.0,3320.0,0.0346,0.03462132921174654,-0.0161669606114051,0.0185636031649421,0.3485837756891156,0.2569658072775448,0.2499323229030966,8.108021221376747,-0.054131054131054124,0.9907391745602165,1.0187496195288244,1.0234022384749846,55.700934579439256,6.792094722618458,0.5734979515588743,0.07110845533313426,1,1
2015-12-21,1724.0,1679.0,1727.5,1670.5,2640.0,0.0302,0.030176277263220808,0.011143695014662836,0.04106280193236711,0.39979052103988144,0.28380185298219024,0.26695453727705426,7.878912912297133,-0.20481927710843373,1.0189985645529005,1.047907528036389,1.0248097983000881,61.14754098360656,10.26109476119882,0.8497841272007656,0.045533642691415244,1,1
2015-12-22,1698.5,1720.0,1722.0,1688.5,2870.0,-0.0148,-0.014791183294663557,-0.015362318840579703,0.030955993930197323,0.4039249772517306,0.2920237727453641,0.2672142992390281,7.962415680121064,0.08712121212121215,1.0061778022257013,1.0310394366767164,1.0256628905583804,57.91925465838509,10.827848697280842,0.6697996253146632,0.03768030615248752,1,1
2015-12-23,1738.0,1688.0,1743.0,1688.0,2430.0,0.0233,0.023255813953488413,0.006369426751592355,0.05269533615990318,0.43182495957347294,0.305191035274365,0.2646355213934763,7.796057974316123,-0.1533101045296167,1.0286197421264003,1.0525784538361376,1.0270556325405877,62.150837988826815,14.29948954523934,0.8971174510634147,0.050057537399309515,1,1
2015-12-24,1743.0,1740.0,1751.5,1730.0,1500.0,0.0029,0.0028768699654775354,0.021688159437280197,0.03688280785246878,0.4215548150359425,0.29809104247584167,0.26463327487648536,7.313886831633462,-0.3827160493827161,1.0283619200134857,1.0528435231700073,1.027042341838327,59.30930930930931,17.2553393315859,0.8825974926662641,0.03958691910499135,1,1
2015-12-29,1765.0,1732.0,1773.5,1716.0,2700.0,0.0126,0.012621916236374098,0.05688622754491024,0.05028265397203224,0.3864231193929558,0.30055681385559846,0.26266999412219433,7.901377353792616,0.8,1.0330699443956688,1.0627728435947614,1.0274402701017182,61.918194640338506,21.129519770101297,0.9740915655354997,0.020963172804532526,1,1
2015-12-30,1788.0,1758.0,1790.0,1755.0,2430.0,0.013000000000000001,0.013031161473087804,0.10540958268933531,0.05486725663716818,0.26924501412003843,0.30253687537019064,0.25632801477213163,7.796057974316123,-0.09999999999999998,1.0318219291014015,1.0724675350641302,1.0274600588103402,62.8099173553719,25.758811911159455,1.0259990004241013,0.026286353467561474,1,1
2015-12-31,1782.0,1783.0,1800.5,1777.5,2110.0,-0.0034000000000000002,-0.003355704697986628,0.06483417986256357,0.04761904761904767,0.24568018111414688,0.3041464292287906,0.25396120947112677,7.65491704784832,-0.13168724279835387,1.0192425542345875,1.0647069367270119,1.0269164127382446,61.15702479338843,28.613570005593374,0.9274706578992942,0.034511784511784604,1,1
2016-01-04,1742.5,1776.0,1781.0,1737.0,3360.0,-0.0222,-0.02216610549943887,0.010730858468677384,0.021994134897360684,0.2576700289798963,0.3231335958862311,0.26904395698822486,8.119993827725105,0.5924170616113744,0.9951456310679612,1.0378510378510377,1.025300676868621,54.70514429109159,27.373126119402286,0.6851552405732235,0.04734576757532283,1,1
2016-01-05,1717.0,1733.0,1765.0,1712.0,2950.0,-0.0146,-0.014634146341463428,0.010891963497203339,-0.004637681159420315,0.25725084994124536,0.32668467570466997,0.2744282126830108,7.989899374942939,-0.12202380952380953,0.9791047207853041,1.020060597659267,1.0223521057828047,49.00990099009901,24.055135882421837,0.5186192993127486,0.04484566103669185,1,1
2016-01-06,1682.0,1710.0,1716.0,1678.5,2600.0,-0.0204,-0.02038439138031445,-0.03222094361334871,-0.026056745801968706,0.23575097429725567,0.33763202132421016,0.2852776799610826,7.8636512654486515,-0.11864406779661019,0.9635418797823152,0.9973810347383505,1.0185162961760283,44.8512585812357,18.389415487266888,0.30267692770745774,0.03923900118906065,1,1
2016-01-07,1645.0,1676.0,1686.0,1612.0,4100.0,-0.022000000000000002,-0.02199762187871579,-0.05622489959839361,-0.035756154747948465,0.24957397302857823,0.3460296194842886,0.28879857103092094,8.31898612539206,0.5769230769230769,0.9499649383327147,0.9738722027075029,1.014298682333572,43.26710816777042,10.789327821692495,0.1074765095958651,0.05440729483282669,1,1
2016-01-08,1623.0,1640.0,1662.0,1622.0,3060.0,-0.0134,-0.013373860182370856,-0.08045325779036827,-0.028143712574850266,0.20324436481472044,0.3394133355510521,0.2920049136933936,8.026496938945412,-0.25365853658536586,0.9483701323093618,0.9604876412916971,1.0119317685451077,44.64692482915717,2.956902125624765,0.046005162872567555,0.0739371534195934,1,1
2016-01-11,1597.5,1622.0,1628.5,1596.5,2570.0,-0.015700000000000002,-0.015711645101663563,-0.10654362416107388,-0.012364760432766575,0.10488363127465632,0.3187467179180077,0.29354102283747074,7.852050207265889,-0.16013071895424835,0.9485537365340572,0.945667294809436,1.0113756326647394,47.57281553398058,-5.247498657626238,0.0031561912976680014,0.07887323943661961,1,1
2016-01-12,1604.0,1601.5,1616.5,1588.0,2550.0,0.0040999999999999995,0.0040688575899843205,-0.09988776655443321,-0.04152972811472966,0.14435123934256144,0.2766966196073021,0.2936873751004321,7.844240718141811,-0.0077821011673151474,0.9670140384118507,0.9501619145407155,1.0091239125774312,40.41379310344828,-11.097128916211886,0.09137061692517565,0.06359102244389025,1,1
2016-01-13,1620.5,1603.5,1630.0,1602.5,3100.0,0.0103,0.010286783042394054,-0.0700143472022956,-0.060034802784222685,0.19724360351387937,0.24122283204357817,0.2966545885870289,8.03947991910045,0.21568627450980382,0.9873357124205763,0.9598412604394954,1.0046454167759622,34.24657534246576,-14.237470242269183,0.19670330926470558,0.05677260104905901,1,1
2016-01-14,1625.0,1618.0,1638.5,1611.0,3020.0,0.0028000000000000004,0.002776920703486674,-0.053581828771112394,-0.04327347659699732,0.2083398515208626,0.2379116285079468,0.2929355771265443,8.013343181386672,-0.02580645161290318,0.9980696674563482,0.9628488475439948,1.0018918392740754,38.048780487804876,-16.176626890977786,0.2423361948690457,0.036615384615384716,1,1
2016-01-15,1597.0,1620.5,1628.5,1590.5,2840.0,-0.0172,-0.01723076923076927,-0.05053507728894169,-0.08112773302646725,0.20104685194373198,0.21169746132351736,0.296801700659498,7.951911381854188,-0.05960264900662249,0.9882425742574258,0.9473621766985684,0.9970861911164846,26.182432432432435,-19.745178374826764,0.16708969396104223,0.09110832811521608,1,1
2016-01-18,1606.0,1593.5,1620.5,1593.5,2710.0,0.005600000000000001,0.005635566687539173,-0.023708206686930078,-0.07860011474469308,0.1839027407002872,0.2142335912804835,0.29670189613070513,7.905072849498666,-0.045774647887323994,0.9972500665306485,0.9534835396443733,0.9920952974653215,27.16666666666667,-21.598087048784464,0.2240194551556843,0.09464508094645074,1,1
2016-01-19,1624.0,1602.0,1637.5,1602.0,2700.0,0.011200000000000002,0.011207970112079746,0.0006161429451632117,-0.07988668555240797,0.18682813886796987,0.21195559862250887,0.29254276948522207,7.901377353792616,-0.0036900369003689537,1.0083377683164803,0.9646856158484065,0.9866430756567084,26.182432432432435,-21.36776664178501,0.2894715547893812,0.09790640394088679,1,1
2016-01-20,1612.0,1623.0,1625.5,1605.5,2470.0,-0.0074,-0.007389162561576401,0.009076682316119022,-0.09843400447427297,0.16220722092375303,0.1936133890163551,0.27235534123404775,7.81237820598861,-0.08518518518518514,0.9996013642202242,0.9588674419296315,0.9805150386002778,19.122807017543863,-21.901073825568574,0.26193744641958244,0.125,1,1
2016-01-21,1643.0,1612.0,1648.5,1601.0,2560.0,0.0192,0.019230769230769162,0.02431421446384041,-0.07800224466891137,0.1951071546984264,0.22389036457675254,0.25215764831530185,7.848153086199526,0.036437246963562764,1.015316707128669,0.9780344068099291,0.9753344161642274,27.58064516129032,-19.59638772938115,0.39000320759779417,0.1192939744370054,1,1
2016-01-22,1635.0,1642.0,1659.0,1631.0,2600.0,-0.0049,-0.004869141813755307,0.008947855600123455,-0.061692969870875136,0.19416262764618772,0.210866097959336,0.2258415767854922,7.8636512654486515,0.015625,1.0090812907776407,0.9744323261219381,0.9719206831668837,30.700179533213642,-18.205577964796703,0.3725072204538287,0.14097859327217122,1,1
2016-01-25,1621.0,1635.5,1640.0,1617.0,2410.0,-0.0086,-0.008562691131498434,-0.002461538461538515,-0.05591147350029124,0.20237864462044072,0.20671779255527292,0.22255082988597424,7.787796878181171,-0.07307692307692304,1.0007937907920268,0.9676264003024454,0.9693745576309198,32.02247191011236,-18.025250337674606,0.33954274666652834,0.14774830351634782,1,1
2016-01-26,1646.0,1617.0,1655.5,1612.0,2040.0,0.0154,0.015422578655151176,0.030682529743268683,-0.021403091557669396,0.18125862960533742,0.20759762444387458,0.2127311337798297,7.621195162809845,-0.15352697095435686,1.0118556248353385,0.9837045300609586,0.968977136254717,42.996108949416346,-15.684250056166547,0.4499416683715871,0.10479951397326848,1,1
2016-01-27,1663.5,1642.5,1672.0,1641.0,3090.0,0.0106,0.01063183475091134,0.03580323785803241,0.011246200607902823,0.18514680548637694,0.19049008543763085,0.21685739993573103,8.036249942132116,0.5147058823529411,1.01747564332212,0.9953826054870204,0.9709564317983334,53.89473684210526,-12.275383738105802,0.541707370849419,0.10489930868650443,1,1
2016-01-28,1667.0,1664.0,1684.5,1651.5,3430.0,0.0021,0.0021039975954313395,0.02647783251231517,0.0271102895871842,0.18052448768971346,0.17903572012384084,0.2108180334511223,8.14060704285845,0.11003236245954695,1.0157997823721436,0.9986720317913592,0.9740026331141924,60.04566210045662,-9.185526836626877,0.597292717231097,0.09388122375524888,1,1
2016-01-29,1714.0,1662.0,1725.0,1662.0,3780.0,0.0282,0.028194361127774403,0.06327543424317628,0.07292644757433497,0.21152027735838042,0.19144887010714656,0.23062638680268951,8.237743803890933,0.1020408163265305,1.0352474222356443,1.0266649362577245,0.9788314890691874,74.22037422037423,-2.9107326621162883,0.9178251635790596,0.07467911318553089,1,1
2016-02-01,1737.0,1710.0,1743.0,1691.0,2790.0,0.0134,0.013418903150525185,0.05721241631162499,0.08291770573566093,0.20224499473829852,0.19455002967838994,0.23654632565946937,7.934155233536322,-0.26190476190476186,1.0406984208499166,1.0390516734295085,0.9832065982928868,75.87548638132296,3.873345197253684,1.066324350884682,0.05555555555555558,1,1
2016-02-02,1749.0,1734.0,1768.5,1727.0,3560.0,0.0069,0.006908462867012188,0.06972477064220173,0.07929651342178334,0.18198064374197034,0.1935569497001358,0.2251040712539825,8.177796683277778,0.2759856630824373,1.0377622377622377,1.0434938249507786,0.9861114662439167,75.44554455445544,10.101630184540454,1.0805581987563428,0.019153802172670042,1,1
2016-02-03,1792.5,1743.5,1798.0,1741.5,3020.0,0.024900000000000002,0.02487135506003435,0.10579888957433692,0.10307692307692307,0.1482624489187323,0.20949786253110314,0.23357951785340372,8.013343181386672,-0.151685393258427,1.048333194084719,1.0669219475417642,0.9909045559416576,78.73070325900514,18.336307822049775,1.1435013955366862,0.0,0,0
2016-02-04,1802.5,1793.5,1828.5,1791.5,3040.0,0.005600000000000001,0.00557880055788007,0.095078979343864,0.12867877269881034,0.15720488487670323,0.1781218916682532,0.21886533016878915,8.019941687677365,0.0066225165562914245,1.0405756463650984,1.0712057130971364,0.998086955783492,87.56855575868373,25.37673836058798,1.056522077439997,0.013037447988904383,1,1
2016-02-05,1762.5,1794.0,1800.0,1756.0,3480.0,-0.0222,-0.02219140083217752,0.05951307484220014,0.09744707347447079,0.2651540183903926,0.22139671538931815,0.21914940062348415,8.15507488781144,0.14473684210526305,1.0092437318499734,1.0461078851309242,1.0034580560552724,75.69786535303777,27.41266840234198,0.8558240076041841,0.025815602836879448,1,1
2016-02-08,1825.0,1766.0,1827.0,1761.5,3010.0,0.0355,0.03546099290780136,0.09478104379124175,0.12376847290640391,0.3044475749119961,0.2525711107437563,0.23669592888318364,8.010027528481734,-0.13505747126436785,1.031697960831819,1.0813426424261576,1.0102406604584102,78.79656160458453,33.68113019115367,0.9955527808063297,0.0032876712328766544,1,1
2016-02-09,1812.0,1820.5,1848.0,1769.0,4160.0,-0.0070999999999999995,-0.007123287671232825,0.05717619603267221,0.12406947890818865,0.30502744088987443,0.2522494733015503,0.22863629271025984,8.333510708982942,0.3820598006644518,1.0163054364809103,1.072178775357245,1.0173187922914257,78.57142857142857,37.17145062180521,0.8975327255880098,0.0016556291390728006,1,1
2016-02-10,1802.0,1810.5,1846.0,1795.0,3920.0,-0.0055000000000000005,-0.0055187637969095205,0.03742084052964878,0.09677419354838701,0.31231771178373974,0.2537011846697876,0.23210381468584765,8.27410200229233,-0.05769230769230771,1.0054601251444741,1.0654841093865484,1.023292154999472,74.16413373860182,38.684705083178414,0.8269465508365414,-0.01220865704772478,0,0
2016-02-11,1835.0,1796.5,1840.0,1788.5,4250.0,0.0183,0.018312985571587115,0.04917095483133216,0.12232415902140681,0.3219382340081712,0.2522025343796912,0.23575662832234162,8.35490952835879,0.08418367346938771,1.0169021889720145,1.0839921629631089,1.0307841397051687,78.24858757062147,42.061930600400274,0.8791834563173202,-0.03542234332425065,0,0
2016-02-12,1843.5,1831.0,1851.0,1826.0,2640.0,0.0046,0.00463215258855576,0.028451882845188292,0.13726095003084526,0.29682091772439234,0.24096890669658183,0.2355204195679251,7.878912912297133,-0.37882352941176467,1.017504435245417,1.0876961806238445,1.0389144250706617,81.92252510760402,44.90662944608266,0.8633398598882407,-0.05343097369134797,0,0
2016-02-15,1825.0,1850.0,1864.0,1819.0,2750.0,-0.01,-0.010035259018171927,0.012482662968099856,0.10874848116646407,0.30826034842448924,0.2524369869308883,0.22771753622942392,7.919719760924575,0.04166666666666674,1.0055096418732783,1.075036570878781,1.0447630361332907,76.16959064327486,45.14784216624844,0.781276948713638,-0.05369863013698628,0,0
2016-02-16,1794.0,1825.5,1842.0,1791.5,3240.0,-0.017,-0.01698630136986301,0.017872340425531874,0.07844905320108198,0.2923209187061516,0.2722490126411467,0.2418126024127475,8.083637203141548,0.17818181818181822,0.9859851607584501,1.0551803236905823,1.0486684209125905,68.35443037974683,42.34938669439839,0.6692596624827635,-0.04542920847268672,0,0
2016-02-17,1748.0,1793.5,1798.0,1720.5,4070.0000000000005,-0.0256,-0.02564102564102566,-0.04219178082191777,0.04859028194361126,0.22713963995658695,0.3027817253834457,0.26338148590532584,8.31164394850298,0.2561728395061731,0.966546862040365,1.0267957667192074,1.0507118171862697,60.17587939698493,36.00473483816927,0.507044650702254,0.0008581235697939782,1,1
2016-02-18,1734.5,1745.0,1749.0,1708.0,3450.0,-0.0077,-0.00772311212814647,-0.042770419426048534,0.01196032672112013,0.2272869946881661,0.28389953410890173,0.263560174714041,8.146419323098003,-0.15233415233415248,0.9649896677793675,1.017083325189109,1.0497323575156299,52.81207133058985,29.546620308779893,0.4442441709121117,-0.012107235514557502,0,0
2016-02-19,1743.0,1735.0,1773.5,1720.0,3750.0,0.0049,0.004900547708273306,-0.032741398446170966,0.003454231433505983,0.23687284848342716,0.27893168890075054,0.2574732946528972,8.229777750081887,0.08695652173913038,0.9742873113471213,1.0196759033560188,1.0475266528678124,50.85714285714286,24.82819302440066,0.4514893205521213,-0.018359150889271425,0,0
2016-02-22,1723.5,1740.0,1772.0,1723.0,2840.0,-0.011200000000000002,-0.011187607573149738,-0.06076294277929151,-0.014579759862778707,0.17475445506133866,0.2812889082023603,0.26079749904676386,7.951911381854188,-0.2426666666666667,0.9720420577690045,1.0057968759118407,1.0438961897907177,46.43356643356643,19.29292158479393,0.34062915342866673,-0.0029010733971569502,0,0
2016-02-23,1706.0,1725.0,1725.5,1702.0,2940.0,-0.0102,-0.01015375689004927,-0.07458638459452127,-0.04825662482566251,0.1471340241948544,0.2573041457369562,0.26171537257497146,7.9865049385539955,0.035211267605633756,0.9729509532344794,0.9936127667009649,1.0382304895399694,36.95324283559578,13.340296706642675,0.2313030131723493,-0.0005861664712778492,0,0
2016-02-24,1712.5,1705.0,1713.0,1681.5,3420.0,0.0038,0.0038100820633060195,-0.06164383561643838,-0.04993065187239942,0.17217016166787338,0.25621411640983943,0.2575863358247555,8.137688184977605,0.16326530612244894,0.9856925543724047,0.9956202399178311,1.0326419476920436,36.28048780487805,9.04305161171942,0.23098916565132815,-0.005255474452554698,0,0
2016-02-25,1684.5,1707.5,1727.5,1678.0,2680.0,-0.016399999999999998,-0.016350364963503616,-0.06103678929765888,-0.04425531914893621,0.1709688929110094,0.2490667701813488,0.26310930791818166,7.893945138235959,-0.216374269005848,0.9783853302356454,0.9782135287114914,1.0282171927432813,37.65822784810126,3.339591191346699,0.07240799517720914,0.004155535767289997,1,1
2016-02-26,1742.5,1681.5,1756.5,1681.5,3830.0,0.0344,0.0344315820718315,-0.0031464530892448828,-0.045205479452054775,0.27331292370330257,0.24599553621841308,0.2879037791458323,8.25088114470065,0.42910447761194037,1.0125347611339395,1.009053005443385,1.0219169318501444,36.75762439807384,3.4597906774779403,0.3609859705543961,-0.013486370157819172,0,0
2016-02-29,1758.0,1740.0,1771.5,1723.5,3300.0,0.0089,0.008895265423242371,0.013548573075814252,-0.0298013245033113,0.27260643877907,0.2503768809581877,0.2734020135140508,8.101980731853192,-0.13838120104438645,1.019552609776305,1.01505061780669,1.0167003018921876,41.40127388535033,4.751003486526997,0.43689711373998935,-0.0068259385665528916,0,0
2016-03-01,1783.0,1752.0,1786.5,1737.0,2580.0,0.014199999999999999,0.014220705346985163,0.02294893861158931,-0.010543840177580477,0.2822650753317162,0.2589264534813376,0.273861773677071,7.855932199718614,-0.21818181818181814,1.030635838150289,1.0263445708693901,1.0128173148876567,47.11246200607903,7.702796958157705,0.5619993598345355,-0.03449242849130674,0,0
2016-03-02,1813.5,1775.5,1817.0,1775.5,2670.0,0.0171,0.017106001121705017,0.052219321148825104,-0.011716621253406001,0.271787215363068,0.25725966392241273,0.27868840255901833,7.890208213109961,0.03488372093023262,1.0405327868852459,1.039880730525531,1.0080359446740363,46.70750382848392,12.360722932134422,0.7170112290174876,-0.05679625034463742,0,0
2016-03-03,1839.0,1811.0,1840.0,1801.5,2670.0,0.0141,0.014061207609594728,0.07796014067995305,-0.0024410089503661414,0.2433633470475018,0.26408220038132896,0.2698223863011133,7.890208213109961,0.0,1.0437849671612747,1.0505669862609375,1.0040900268361255,49.34497816593886,17.903420228758705,0.8292320836820389,-0.06905927134312129,0,0
2016-03-04,1865.5,1833.0,1883.0,1828.0,3490.0,0.0144,0.01441000543773785,0.08934306569343065,0.02219178082191786,0.2386917868441635,0.26651297950393865,0.2732755436801131,8.157943507105037,0.30711610486891394,1.0458513535159377,1.0610484406104843,1.0013474533808213,55.76102418207681,24.15592186880599,0.9054477232977376,-0.06164567140176891,0,0
2016-03-07,1860.5,1858.0,1895.0,1837.0,3910.0,-0.0027,-0.002680246582685619,0.10448204214900558,0.0370680044593088,0.1751902114085725,0.25367164266655806,0.2597356647313406,8.271548374755515,0.12034383954154726,1.0285499921023535,1.0534212835829346,0.9995106385560196,60.215053763440864,28.380463930167252,0.8589298630938228,-0.04837409298575657,0,0
2016-03-08,1818.5,1852.0,1865.5,1812.5,3930.0,-0.0226,-0.02257457672668639,0.043615494978479274,0.040331807780320306,0.22697166093817936,0.24727864070300395,0.24490240183988263,8.27664912542186,0.005115089514066584,0.9993327052912545,1.026299452565043,0.9991091080599518,60.9642301710731,28.016438890718973,0.6665444365151643,-0.023645861974154525,0,0
2016-03-09,1838.0,1812.0,1863.5,1802.5,3250.0,0.010700000000000001,0.010723123453395766,0.04550625711035261,0.05967137503603337,0.2281433826059166,0.2442242666296777,0.24621358904759633,8.086717920303906,-0.17302798982188294,1.0037447339678578,1.0339105406748357,0.9999986606682462,65.80152671755725,28.96751398641345,0.7409155463790009,-0.024755168661588667,0,0
2016-03-10,1823.5,1835.5,1855.0,1816.5,2890.0,-0.0079,-0.007889009793253576,0.022714526079641084,0.0461847389558232,0.23504591317289392,0.24954197968337252,0.24711444741172636,7.969357742016346,-0.11076923076923073,0.9926896605358324,1.0227527669757703,1.0002977971026878,62.06896551724138,28.22584901595883,0.6810551422416415,-0.04496846723334247,0,0
2016-03-11,1842.0,1822.0,1864.0,1820.5,2440.0,0.0101,0.010145324924595522,0.01571546732837059,0.06875543951261975,0.22118592361015763,0.24175190103301292,0.24132300279569635,7.80016307039296,-0.1557093425605537,1.0005431830526887,1.0306624888093106,1.0026457986954853,67.81954887218046,28.79889385089109,0.7641340545489151,-0.05021715526601522,0,0
2016-03-14,1833.5,1836.5,1858.0,1830.0,2490.0,-0.0046,-0.0046145494028230205,-0.0029907558455682937,0.07473622508792488,0.2074857945482836,0.23615733446970655,0.24135303860020502,7.820439515262181,0.020491803278688492,0.9963513565966696,1.0240632999767278,1.0059310482396355,69.7063369397218,28.24160540132607,0.722883998957845,-0.05454049631851654,0,0
2016-03-15,1782.5,1828.5,1836.5,1781.5,2690.0,-0.0278,-0.027815653122443385,-0.04449209327258108,0.04087591240875921,0.2342441775356253,0.27487485256430777,0.257826745722359,7.897668150726906,0.08032128514056236,0.9749189358127905,0.9949577642987385,1.0080949545746927,59.51086956521739,23.41476567131008,0.4995566589457661,-0.01879382889200565,0,0
2016-03-16,1792.5,1782.0,1795.5,1767.5,2430.0,0.005600000000000001,0.005610098176718203,-0.03654931470034939,0.06411398040961713,0.24479708073340234,0.26030367327497894,0.25198482839011405,7.796057974316123,-0.09665427509293678,0.9856250736420408,1.0005395750381423,1.0124009228593756,65.42857142857143,20.16393949341932,0.5343689281221526,0.002510460251045954,1,1
2016-03-17,1826.0,1786.5,1832.0,1786.5,2870.0,0.0187,0.018688981868898225,0.004124278251306013,0.047919655667144845,0.24699592557208114,0.23236976199324852,0.24154618490435534,7.962415680121064,0.1810699588477367,1.003454231433506,1.0187931820083878,1.0152861486796152,62.82642089093703,20.059572094862006,0.6656621205376754,-0.04025191675794082,0,0
2016-03-18,1808.0,1822.0,1840.0,1803.0,2830.0,-0.009899999999999999,-0.009857612267250793,-0.016322089227421066,0.028441410693970326,0.2427237732658153,0.23741563857086392,0.24276019961443845,7.9483852851118995,-0.013937282229965153,0.9959080893925087,1.007897426368113,1.0164186830543793,57.6219512195122,18.313306217418358,0.5707206586079361,-0.030143805309734484,0,0
2016-03-21,1831.0,1800.5,1842.0,1799.0,2240.0,0.0127,0.012721238938053103,0.004112969564025182,0.02692091979809308,0.2538504473939368,0.23601397696384482,0.2453986101720825,7.714677473800927,-0.20848056537102477,1.007982383704927,1.0206053399230783,1.0182164688769917,57.36196319018405,18.571208379336667,0.6574951960909946,-0.05625341343528123,0,0
2016-03-22,1815.0,1827.0,1843.5,1803.5,2420.0,-0.0087,-0.008738394320043641,-0.014657980456026065,0.0008271298593878207,0.24957956592476283,0.22932972961966153,0.24382372862847415,7.791935956938058,0.0803571428571428,1.0013003901170352,1.0116304994054697,1.0182194347715305,50.24077046548957,17.285277499023778,0.5603681557561996,-0.040220385674931136,0,0
2016-03-23,1780.0,1810.0,1824.5,1773.0,2130.0,-0.019299999999999998,-0.019283746556473802,-0.029179165530406337,-0.032082653616095747,0.2706608134283486,0.23373178895688612,0.2517532224874236,7.664346632098617,-0.1198347107438017,0.9861495844875346,0.9925281588045054,1.0162859054628877,40.80996884735203,13.288775783689971,0.3443313116884663,-0.028370786516853985,0,0
2016-03-24,1770.0,1772.0,1780.5,1748.0,2130.0,-0.005600000000000001,-0.005617977528089901,-0.007012622720897643,-0.05119270972929513,0.21626105816228514,0.2212099874715049,0.2530819112117203,7.664346632098617,0.0,0.9815805109922756,0.9881459701881385,1.0137069696591068,34.31855500821018,9.208453633115823,0.19329966843844204,-0.01016949152542368,0,0
2016-03-29,1745.0,1775.0,1786.5,1737.5,2840.0,-0.0141,-0.01412429378531077,-0.02649930264993028,-0.062080085998387546,0.22350655119922633,0.2255179880156963,0.2511924309788873,7.951911381854188,0.33333333333333326,0.9713717693836978,0.9759780754495372,1.0109542852348858,32.203389830508485,3.912378402516424,0.0019752671553348055,0.014326647564469885,1,1
2016-03-30,1727.0,1738.5,1753.0,1726.5,2160.0,-0.0103,-0.010315186246418362,-0.054216867469879526,-0.05031619466593351,0.15994986749785203,0.21203857057765996,0.22434321327482157,7.6783263565068856,-0.23943661971830987,0.9689804424495031,0.9676786731539675,1.0091426116678028,34.775374376039935,-1.7174512328820128,-0.06738674533596038,-0.008685581933989606,0,0
2016-03-31,1712.5,1726.0,1729.0,1702.0,2670.0,-0.0084,-0.008396062536189963,-0.05282079646017701,-0.06828073993471162,0.15943353023783632,0.20229935778025632,0.22337847164759927,7.890208213109961,0.23611111111111116,0.9682565324502241,0.9610168540376737,1.0056505252356278,28.764805414551603,-7.265409480184189,-0.05594427672764603,-0.0011678832116788218,0,0
2016-04-01,1749.5,1716.0,1752.5,1709.0,2620.0,0.0216,0.021605839416058314,-0.04451119606772258,-0.0405812996983822,0.20853232938383992,0.23073488111073398,0.23111386989687577,7.8713112033234065,-0.01872659176029967,0.995731360273193,0.9817528829696692,1.0026561667025187,38.36477987421383,-8.57773677388036,0.1956855431358978,-0.002000571591883382,0,0
2016-04-04,1713.5,1742.0,1750.5,1702.0,2480.0,-0.0206,-0.020577307802229217,-0.05592286501377408,-0.06976112920738331,0.22549285688286314,0.2339700051017881,0.23118934141204564,7.816416983691801,-0.05343511450381677,0.9833572453371593,0.9619289102630078,0.9978974888826216,30.849478390461996,-12.37995631425315,0.060667892646100736,0.0014590020426028527,1,1
2016-04-05,1711.0,1710.0,1724.0,1695.0,2610.0,-0.0015,-0.0014590020426028527,-0.03876404494382024,-0.06681210799018267,0.2134049854341847,0.23446662434301788,0.22321333709319396,7.8674885686991285,0.05241935483870974,0.9875087603578349,0.961100968965033,0.9935803558890205,31.411229135053105,-15.417251323784512,0.09494399648490305,-0.005552308591466937,0,0
2016-04-06,1718.5,1700.5,1723.0,1690.0,2810.0,0.0044,0.0043834015195791665,-0.029096045197740117,-0.035904628330995836,0.22156184513202185,0.21198455179040626,0.21574730851052237,7.941295570906532,0.07662835249042144,0.9960669040324585,0.9654042413744676,0.9911052853330837,38.81118881118881,-17.022912640952654,0.16637026326788656,-0.019493744544661018,0,0
2016-04-07,1705.0,1712.0,1725.0,1692.0,3340.0,-0.0079,-0.007855688100087299,-0.022922636103151817,-0.04881450488145045,0.21269603167399978,0.20965203343466432,0.2161495648506726,8.114025442356757,0.18861209964412806,0.9915261277727008,0.9578382629701413,0.9876127075082161,34.887737478411054,-19.16383916989139,0.14124475337340017,-0.02287390029325509,0,0
2016-04-08,1703.5,1696.5,1706.5,1690.5,2480.0,-0.0009,-0.0008797653958944052,-0.013607411696583638,-0.06708652792990144,0.20695286773830357,0.1844512133755392,0.20553838786445236,7.816416983691801,-0.2574850299401198,0.9925916677071628,0.9571569040595589,0.9828627616238236,26.213592233009706,-20.74247004960239,0.1695496459443617,-0.0328734957440564,0,0
2016-04-11,1691.5,1698.5,1718.0,1690.5,2320.0,-0.006999999999999999,-0.0070443205165835465,-0.01226277372262774,-0.0644358407079646,0.2053185217618715,0.18336409129212447,0.1996952219453357,7.749753406274437,-0.06451612903225812,0.9873254117156556,0.950289796720943,0.9780589170845634,26.838966202783297,-22.700172647101226,0.15084927835573228,-0.02601241501625773,0,0
2016-04-12,1719.0,1690.5,1725.0,1680.0,2750.0,0.0163,0.016257759385161163,-0.017433552443555267,-0.06116876024030582,0.18088718973359122,0.19035222012888772,0.21078587061979007,7.919719760924575,0.18534482758620685,1.0059354622972747,0.9661645683453237,0.9739931269270298,28.125,-21.78156160357935,0.3051921912907762,-0.04944735311227455,0,0
2016-04-13,1746.0,1719.5,1762.0,1717.5,3440.0,0.015700000000000002,0.015706806282722585,0.018967026553837085,-0.0380165289256198,0.15772367986118374,0.20714416549544046,0.21588243079489758,8.14351740579748,0.25090909090909097,1.018967026553837,0.9815606026534742,0.97144142118282,37.07865168539326,-18.659783018443022,0.46467423933319113,-0.0403780068728522,0,0
2016-04-14,1721.5,1736.0,1757.0,1705.5,2580.0,-0.013999999999999999,-0.014032073310423776,0.0061367621274108775,-0.03286516853932586,0.18706083954705513,0.20006430287461652,0.21950270789430293,7.855932199718614,-0.25,1.0037900874635568,0.9689038975657802,0.9702104564915879,38.59649122807018,-17.955713950105974,0.3450557869088623,-0.01539355213476623,0,0
2016-04-15,1710.5,1707.0,1730.0,1705.0,2520.0,-0.0064,-0.006389776357827448,-0.004655222577829465,-0.033615819209039555,0.18986363077905796,0.20033824408609138,0.20060074206530656,7.83241092718792,-0.023255813953488413,0.9980411769609069,0.9645767347437476,0.9696922500614266,38.44660194174758,-18.076962241863612,0.30481077282453284,-0.0105232388190587,0,0
2016-04-18,1712.0,1701.5,1734.5,1693.5,3840.0,0.0009,0.0008769365682548269,0.004105571847507372,-0.018911174785100293,0.1829618954649032,0.19325484629624723,0.1990362782222372,8.253488028345904,0.5238095238095237,0.9983338887037654,0.9677328183145697,0.9706802689043964,42.94871794871794,-17.846293954871726,0.331029238328826,-0.002336448598130869,0,0
2016-04-19,1750.5,1710.5,1761.5,1705.0,2410.0,0.0225,0.022488317757009435,0.027590255356618743,0.013607411696583638,0.22393288471749964,0.21270653827723665,0.204401844898084,7.787796878181171,-0.37239583333333337,1.0168035847647499,0.9916442430250673,0.9737390495073542,54.61689587426327,-14.390969297486436,0.5925022720135256,-0.026278206226792333,0,0
2016-04-20,1770.5,1753.5,1782.5,1747.0,3900.0,0.011399999999999999,0.01142530705512712,0.04670410877919018,0.033868613138686054,0.21288973003686137,0.2122685504959024,0.20727729341159998,8.268988209506656,0.6182572614107884,1.0217230008244023,1.004681515108526,0.977747603510123,61.15384615384615,-9.924364858823083,0.7934605537926078,-0.02795820389720416,0,0
2016-04-21,1775.5,1768.5,1814.0,1759.0,5790.0,0.0028000000000000004,0.002824060999717659,0.032867946480511945,0.014861388968276712,0.20234160050882072,0.19357129389290884,0.20183640657952776,8.66406026722579,0.48461538461538467,1.0198580396340213,1.0083389336387472,0.9795982113278066,55.70175438596492,-5.912929872875111,0.9066033371501853,-0.02393691917769647,0,0
2016-04-22,1792.5,1766.5,1808.5,1765.0,3500.0,0.0096,0.009574767671078677,0.026632302405498187,0.04610446454625028,0.19137986073375876,0.16872229512494147,0.20339663152768284,8.160803920954665,-0.3955094991364422,1.025709147388212,1.01887114193145,0.9836501530641245,68.89952153110048,-1.346558532057088,1.032807141552806,-0.0546722454672246,0,0
2016-04-25,1741.5,1775.5,1792.0,1740.5,4220.0,-0.0285,-0.028451882845188292,0.011617775196050006,0.017825832846288803,0.25639832880651786,0.21572759016176118,0.21613638025422074,8.347827345782498,0.20571428571428574,0.9948992083571371,0.991422661631592,0.9864210215273844,55.92233009708738,-1.8219478401674678,0.5990084335471467,-0.004306632213608941,0,0
2016-04-26,1749.5,1740.0,1754.0,1727.0,3120.0,0.0046,0.004593741027849596,0.022800350774627276,0.018038987489089386,0.25012055875326095,0.21578678229813816,0.2162537033279653,8.045908742270779,-0.26066350710900477,0.9962984054669703,0.997728331226416,0.9894183414509622,56.007751937984494,-1.5354642742690885,0.670217225033707,-0.025150042869391265,0,0
2016-04-27,1733.5,1741.0,1762.5,1728.5,3260.0,-0.0091,-0.009145470134324096,0.012558411214953269,0.01671554252199403,0.2612358908348977,0.21692139727899856,0.2129541888246236,8.089789175789319,0.044871794871794934,0.9854631095951597,0.9904865297260235,0.9924659518980006,55.47024952015355,-2.569866446009428,0.5196137623170831,-0.020478800115373508,0,0
2016-04-28,1749.0,1735.0,1762.5,1729.5,2740.0,0.0089,0.008941447937698355,-0.0008568980291345785,0.026709715292045688,0.2267687249855949,0.2190248715328782,0.21190757583750125,7.916078096302786,-0.1595092024539877,0.9943957115009746,0.9999809418535953,0.9949577589797902,58.287795992714024,-2.1145420341704266,0.6464247954833684,-0.020297312750142904,0,0
2016-04-29,1797.0,1744.5,1807.0,1744.5,3320.0,0.0274,0.027444253859348233,0.01496752329850315,0.06237067691398157,0.27582865377256083,0.2394260669186141,0.22828643074667315,8.108021221376747,0.2116788321167884,1.0194918345017627,1.0273365665882173,0.9991805699802765,66.98872785829307,2.0953507903093396,1.0057219585603614,-0.06260434056761266,0,0
2016-05-03,1752.5,1792.5,1792.5,1751.0,4040.0,-0.0248,-0.024763494713411216,-0.01295409743734155,0.019488074461896376,0.3196248037641787,0.26232517323374877,0.2355157025938453,8.304247465078474,0.2168674698795181,0.9961024724940116,1.0033014007098966,1.0019519429465615,55.114503816793885,1.8199636779750108,0.6242776767091516,-0.031669044222539244,0,0
2016-05-04,1753.5,1755.0,1774.0,1740.0,3650.0,0.0006,0.0005706134094152215,-0.02175732217573223,0.004295532646048095,0.31074287895560776,0.25417602704113346,0.2230892555054819,8.202756381655638,-0.09653465346534651,0.9998370871176638,1.004919050575481,1.0033021088467862,51.243781094527364,1.6632362973373347,0.6167800594402743,-0.027944111776447067,0,0
2016-05-05,1728.0,1751.5,1757.5,1724.0,3520.0,-0.014499999999999999,-0.014542343883661268,-0.007751937984496138,0.0037757769387163354,0.27158176068435397,0.25474722841158576,0.22955929675748782,8.166500319155052,-0.03561643835616435,0.9863817989072821,0.9922575582118692,1.005546721937921,51.07438016528926,-0.5126981039868497,0.396783374177921,-0.0170717592592593,0,0
2016-05-06,1742.0,1733.5,1751.5,1725.0,3090.0,0.008100000000000001,0.00810185185185186,-0.004286939125464406,0.01841566793335292,0.2753977359304834,0.2546914748182497,0.23069605887354777,8.036249942132116,-0.12215909090909094,0.9949818448859696,1.0016963284551912,1.008247524305142,55.15548281505728,-1.0948381836110457,0.5002217877535475,-0.010907003444316832,0,0
2016-05-09,1729.5,1743.5,1743.5,1724.0,3350.0,-0.0072,-0.007175660160734787,-0.0023074704355350306,0.01022196261682251,0.2730394808804544,0.25730484126278114,0.23038834096257735,8.11701408773731,0.08414239482200658,0.9881647145247521,0.9954720745956525,1.0099438942899353,52.764612954186404,-2.5356050473210416,0.37189169069681066,-0.0078057241977450564,0,0
2016-05-10,1752.0,1731.0,1757.5,1726.5,3420.0,0.013000000000000001,0.013009540329575131,0.0017152658662091813,0.0008568980291345785,0.27977006279230143,0.24468529937608005,0.23412131075303125,8.137688184977605,0.020895522388059806,1.000775225427394,1.0087710880371572,1.0103544901445214,50.24958402662229,-1.8406434157857348,0.5593798834148964,-0.02168949771689499,0,0
2016-05-11,1770.0,1748.5,1786.0,1748.5,3200.0,0.0103,0.010273972602739656,-0.015025041736227096,-0.0002824060999717659,0.22326384551841014,0.24370565320312879,0.23389848339676084,8.071218539969863,-0.06432748538011701,1.013289715804539,1.018646408839779,1.009849381741647,49.91624790619765,0.1607156222071353,0.723557976951834,-0.023446327683615764,0,0
2016-05-12,1712.0,1762.5,1775.0,1710.0,3640.0,-0.032799999999999996,-0.03276836158192087,-0.023109843081312365,-0.035764573359617025,0.2596332851712262,0.2800393827310048,0.25742018147771384,8.200013648175434,0.13749999999999996,0.9833429063756461,0.9855506303609465,1.0075289686423186,40.96728307254623,-2.8998801813279442,0.1491722067842231,-0.0020443925233645244,0,0
2016-05-13,1710.5,1711.0,1728.5,1705.0,2920.0,-0.0009,-0.0008761682242990343,-0.02452238380382088,-0.045746164574616444,0.25889050211108705,0.2747996529611651,0.25094372573721857,7.979681302387741,-0.19780219780219777,0.9859601449275363,0.9847249141256165,1.0041957140938162,37.797619047619044,-5.38439392846999,0.14953699107593382,-0.00847705349313066,0,0
2016-05-16,1746.0,1705.0,1748.5,1691.0,2920.0,0.0208,0.020754165448699124,0.01041666666666674,0.0025839793281654533,0.2809158077911953,0.26631356342474144,0.2567981242416714,7.979681302387741,0.0,1.0049333991119882,1.0052295734779062,1.0044482217393986,50.70202808112324,-4.4376808365900615,0.4755817564321444,-0.00859106529209619,0,0
2016-05-17,1716.0,1740.5,1754.5,1713.0,2850.0,-0.0172,-0.01718213058419249,-0.014925373134328401,-0.019148328093741118,0.29690905004892443,0.2754025027746745,0.2632449754660094,7.955425088912672,-0.023972602739726012,0.9897824653922215,0.9879101899827288,1.0030224525043179,45.10948905109489,-6.038544586979697,0.16089604052329373,0.027680652680652784,1,1
2016-05-18,1701.5,1720.5,1720.5,1697.5,2840.0,-0.0084,-0.0084498834498834,-0.016189650187915627,-0.018459763484280356,0.29793950961528437,0.2750310050452781,0.26495761271611434,7.951911381854188,-0.0035087719298245723,0.9836884704327716,0.9797410773409084,1.0018892058891675,45.307917888563054,-8.380662401820473,0.07432072846109161,0.047017337643255885,1,1
2016-05-19,1685.0,1695.0,1705.0,1675.0,2980.0,-0.0097,-0.009697325888921582,-0.03824200913242004,-0.036592338479130904,0.2799342740168188,0.2730826164227916,0.25350389305406906,8.000014093678072,0.04929577464788726,0.979569803172494,0.9708644630956268,0.999899854308597,40.64327485380117,-11.43638818379759,0.007566839146768934,0.09881305637982196,1,1
2016-05-20,1666.0,1677.0,1700.0,1665.0,2940.0,-0.0113,-0.011275964391691429,-0.05875706214689269,-0.07289927657206452,0.2582072068259341,0.23786031683297576,0.2508867497775489,7.9865049385539955,-0.01342281879194629,0.9769623858590936,0.9606365803029139,0.9952539292029566,29.073482428115014,-15.215815640516894,-0.044342263617840466,0.10444177671068422,1,1
2016-05-23,1647.5,1667.0,1676.5,1643.0,3410.0,-0.0111,-0.01110444177671066,-0.03767523364485981,-0.059914407988587715,0.19850121494975337,0.22276020576522387,0.2516098552063618,8.134760782418645,0.15986394557823136,0.9713623920825436,0.9509928422996998,0.991997064353333,31.707317073170742,-19.479289395604383,-0.07967158210307984,0.10895295902883162,1,1
2016-05-24,1647.5,1645.0,1659.0,1637.5,3190.0,0.0,0.0,-0.03683133586670562,-0.06045052751639579,0.1994082441999384,0.2225308180275545,0.2475241293836899,8.068089626278244,-0.06451612903225812,0.9765443075490071,0.9517986442766908,0.988463421880846,31.468531468531467,-22.597631632261482,0.012877223859971157,0.11532625189681345,1,1
2016-05-25,1634.0,1643.5,1656.0,1626.0,3080.0,-0.008199999999999999,-0.008194233687405128,-0.06414662084765177,-0.05439814814814814,0.08140733166738308,0.21848904375879286,0.23163613929481225,8.033009498596668,-0.03448275862068961,0.9778157726009831,0.9455471326890805,0.9861987153521209,32.846715328467155,-25.86017746859102,0.01713051036356061,0.109547123623011,1,1
2016-05-26,1675.5,1638.0,1678.0,1635.5,3030.0,0.0254,0.02539779681762555,-0.02360139860139865,-0.03817451205510902,0.21003722587257614,0.24732421816604266,0.25058395358213037,8.016647877057803,-0.016233766233766267,1.006133653598696,0.9708822251195133,0.9847892220773576,38.971807628524054,-24.811058936158815,0.2749001201321307,0.07967770814682185,1,1
2016-05-27,1695.0,1665.5,1701.5,1665.5,2660.0,0.0116,0.011638316920322245,-0.003820158683514596,-0.01994796183868175,0.22362239542672743,0.2534747544297729,0.25337833667190124,7.886457270977689,-0.12211221122112215,1.0184112269859662,0.9826846519537743,0.9838648674017592,44.40842787682334,-22.150797306063623,0.39794543526480664,0.07079646017699126,1,1
2016-05-31,1692.5,1693.0,1705.5,1672.5,2920.0,-0.0015,-0.001474926253687281,0.004451038575667754,-0.03396118721461183,0.21462146188247763,0.24490668064749757,0.25081229813829226,7.979681302387741,0.09774436090225569,1.0162549322353749,0.9815767089390659,0.9817424108523706,39.68804159445408,-20.013546202073712,0.40354314927783147,0.10782865583456425,1,1
2016-06-01,1708.0,1690.0,1711.0,1662.0,3340.0,0.0092,0.009158050221565794,0.025210084033613356,-0.03502824858757059,0.2012875589640003,0.24383469356394374,0.231533104209469,8.114025442356757,0.14383561643835607,1.021880341880342,0.9906426417137112,0.9792497541898206,39.16083916083917,-16.87451988183011,0.515663017578111,0.09777517564402816,1,1
2016-06-02,1704.5,1700.5,1737.5,1700.0,3670.0,-0.002,-0.002049180327868827,0.03459787556904392,-0.0043808411214952825,0.17961018436152193,0.2007842766718758,0.21667702443968903,8.208219383496834,0.0988023952095809,1.014842221655184,0.989492627423662,0.979810419465592,48.38012958963282,-14.502068834552801,0.5092184306724662,0.11396303901437377,1,1
2016-06-03,1721.0,1703.5,1738.5,1701.0,2960.0,0.0097,0.009680258140217113,0.04461305007587257,0.0061385559777842325,0.17784393767326062,0.20508469476291574,0.21990618529740052,7.993282328101591,-0.19346049046321523,1.0183001563754701,1.000029053720329,0.9811856408213072,52.129817444219064,-11.161805833585731,0.6250199656631497,0.08439860546194078,1,1
2016-06-06,1733.0,1710.5,1750.5,1710.5,2780.0,0.006999999999999999,0.006972690296339401,0.0605875152998776,-0.0074455899198166975,0.14640209386506475,0.18618368163598276,0.21555064354496697,7.930565854233965,-0.060810810810810856,1.016890900708328,1.0078315822122281,0.9814539936084541,47.08520179372197,-7.4603256381435585,0.7132218411978837,0.07299480669359482,1,1
2016-06-07,1694.5,1723.0,1737.5,1692.5,3190.0,-0.0222,-0.022215810732833186,0.01133989853774997,-0.012529137529137535,0.1880504773054651,0.19591282942854843,0.22688001063486726,8.068089626278244,0.14748201438848918,0.9927187513076956,0.9873174331883158,0.9824272507324869,45.35637149028078,-7.546512657233961,0.4569125426345592,0.09722632044850998,1,1
2016-06-08,1734.0,1693.5,1760.0,1693.5,3610.0,0.0233,0.023310711124225447,0.023008849557522026,0.019100793417572648,0.22369359335235853,0.2171542837942597,0.24093692365172392,8.191740021277457,0.1316614420062696,1.0125547445255474,1.0104796961956468,0.9839231775693154,56.33528265107212,-4.3770408043019415,0.7505335596233874,0.0692041522491349,1,1
2016-06-09,1705.5,1725.5,1768.0,1699.0,3740.0,-0.016399999999999998,-0.016435986159169524,0.007680945347119605,0.012166172106824913,0.25327495416959606,0.22557204735652642,0.24284774153179003,8.227108234348146,0.03601108033241007,0.9948335486021416,0.9947216470794086,0.9856188837554211,53.81750465549348,-4.11745982773914,0.5751167171569354,0.09102902374670174,1,1
2016-06-10,1698.0,1703.5,1737.5,1695.0,3320.0,-0.0044,-0.004397537379067673,-0.005854800936768156,0.019207683073229287,0.24840517176827925,0.22016362236756964,0.23943168219257652,8.108021221376747,-0.11229946524064172,0.9912847671072933,0.9910313028929398,0.9876336480390876,56.22568093385214,-4.4654523979224905,0.5186547906909467,0.08421672555948168,1,1
2016-06-13,1713.5,1697.0,1722.5,1691.5,3280.0,0.0091,0.009128386336866967,0.005280140803754829,0.04006069802731416,0.25488748904987607,0.2144611594586889,0.21393020342570604,8.0959035329611,-0.012048192771084376,0.9995833159714987,1.0007689986469517,0.991069603416412,62.99212598425196,-3.4507405666081468,0.64693108852607,0.07878611030055449,1,1
2016-06-14,1684.5,1708.5,1715.0,1680.0,2840.0,-0.0169,-0.016924423694193225,-0.021208599651365456,0.02245827010622148,0.2659784893035673,0.2303224846751431,0.22195217580698556,7.951911381854188,-0.13414634146341464,0.9856641310708016,0.9859910639377207,0.9947919424925649,56.53710247349823,-4.9298040541357295,0.4242365617991462,0.09097655090531309,1,1
2016-06-15,1697.0,1681.0,1712.5,1681.0,2970.0,0.0074,0.007420599584446519,-0.020773225620311586,0.038555691554467586,0.2666920342089149,0.22684012354952052,0.21025904891604633,7.9966538754626075,0.045774647887323994,0.995975517732875,0.9943844914302457,0.998507181572761,61.17021276595745,-5.035283378504573,0.5471604647784442,0.05995875073659396,1,1
2016-06-16,1704.5,1694.5,1706.5,1680.0,3420.0,0.0044,0.004419563936358228,0.005901445854234355,0.01730826618919723,0.23105956189915655,0.20248333472465344,0.20284758978605036,8.137688184977605,0.1515151515151516,0.999539247717182,0.9997360626411331,1.0006786960656575,55.846774193548384,-4.4622511297511664,0.6148537978043451,0.059841595775887324,1,1
2016-06-17,1698.5,1704.0,1727.0,1692.0,3030.0,-0.0034999999999999996,-0.003520093869169849,-0.020472895040369088,0.0020648967551621933,0.16990264759652607,0.19763896943402476,0.2010452053320895,8.016647877057803,-0.11403508771929827,0.9989917237323026,0.9967917995265948,1.001402889057186,50.74626865671642,-4.441074853607915,0.5533084466997604,0.07550780100088317,1,1
2016-06-20,1723.0,1703.0,1727.5,1701.5,2520.0,0.0144,0.014424492198999106,0.010260920551158126,0.018020679468242262,0.16753102497345235,0.20631767218945746,0.20374381548919673,7.83241092718792,-0.16831683168316836,1.0119137511536203,1.011545988258317,1.0030542353927872,55.94541910331384,-2.419457260007448,0.752795805148463,0.05861868833430073,1,1
2016-06-21,1716.0,1715.5,1734.5,1700.5,3160.0,-0.0040999999999999995,-0.004062681369704002,0.010600706713780994,0.004683840749414525,0.16704667223975161,0.20423934870226748,0.19969690295829406,8.058643712215618,0.25396825396825395,1.0062829856747928,1.0077026220234309,1.0036548654872477,51.61290322580645,-1.3664012278700284,0.6701971846500022,0.061188811188811254,1,1
2016-06-22,1714.0,1710.0,1728.0,1708.0,2820.0,-0.0012,-0.0011655011655011815,0.00029180040852061495,0.005573481959519011,0.15865307392695222,0.20406736688996846,0.19470807880236274,7.944846711001996,-0.10759493670886078,1.005068062827225,1.007277393067377,1.0048007567033592,51.92697768762678,-0.6853299636272823,0.6326478280193192,0.05498833138856485,1,1
2016-06-23,1728.5,1716.5,1732.0,1706.5,2870.0,0.0085,0.008459743290548438,0.026120510537251507,0.004357931435212015,0.10999933866233325,0.20306322644770805,0.19583845891332594,7.962415680121064,0.01773049645390068,1.0098485164628803,1.0166251690944381,1.0059333592868207,51.53374233128835,1.0127780634988994,0.8384620304999026,0.03876193231125247,1,1
2016-06-24,1708.5,1716.5,1717.5,1683.0,3980.0,-0.0116,-0.011570726063060421,0.006776664702416113,-0.014137334102712007,0.13844122504840906,0.20661408641936327,0.19846306044949852,8.289288323000317,0.38675958188153303,0.9972067039106146,1.0049310341447155,1.0049730480681298,45.14851485148515,0.7362213546834937,0.4964274680326776,0.04506877377816809,1,1
2016-06-27,1696.0,1700.0,1716.0,1691.0,2600.0,-0.0073,-0.007316359379572757,-0.004986799647990647,0.0008852168781352532,0.14405246898241772,0.1854568231105017,0.18194984169423797,7.8636512654486515,-0.3467336683417085,0.9906128749634945,0.9978622840220439,1.005321876146956,50.33112582781457,-0.4859951135301799,0.2714374455807164,0.05837264150943389,1,1
2016-06-28,1731.0,1696.0,1742.5,1694.5,3240.0,0.0206,0.02063679245283012,0.01913453046806013,-0.0017301038062284002,0.18971945042781843,0.17921918218066565,0.1912354149800643,8.083637203141548,0.24615384615384617,1.0083215444786553,1.0187546592380428,1.005491595154953,49.32432432432432,1.3539890793342693,0.8568588512209081,0.04419410745233976,1,1
2016-06-29,1763.5,1728.0,1769.5,1718.0,3300.0,0.018799999999999997,0.018775274407856646,0.023505513639001663,0.03400762239812383,0.20232009113446675,0.17913023666755234,0.20048178680283266,8.101980731853192,0.0185185185185186,1.0238026124818578,1.036915810001666,1.0069914503829618,62.83185840707965,5.372734654036094,1.1774617870825996,0.03175503260561374,1,1
2016-06-30,1781.5,1761.0,1795.0,1758.0,4280.0,0.0102,0.010206974766090227,0.038170163170163196,0.049175500588928056,0.19830819592810553,0.17902367000883201,0.2009836836589094,8.361941906144946,0.2969696969696969,1.0286645219830075,1.0458597105760103,1.0089164282289729,67.65327695560254,9.895994182317509,1.1752065610400653,0.029188885770418116,1,1
2016-07-01,1851.5,1784.0,1856.5,1781.0,3900.0,0.0393,0.03929273084479368,0.08022170361726944,0.08053691275167796,0.2753739077753153,0.23455683233946784,0.23790253526374747,8.268988209506656,-0.08878504672897192,1.0570939194975735,1.0834243582741672,1.0114078400338835,73.71134020618557,18.91112920667092,1.333249803715246,-0.008101539292465598,0,0
2016-07-04,1840.0,1832.5,1882.0,1828.5,4090.0,-0.0062,-0.006211180124223614,0.0645067978015621,0.09231225883051342,0.29490867230679313,0.21842018340763097,0.23953010375901854,8.316544717929398,0.04871794871794877,1.0410604591011963,1.0730531472337779,1.014464278771654,78.42778793418647,24.84137882168693,1.0984803989130916,0.013994565217391397,1,1
2016-07-05,1827.0,1835.0,1844.0,1815.0,4310.0,-0.0070999999999999995,-0.00706521739130439,0.06935908691834936,0.07660577489687692,0.28261754128736566,0.2256521897045522,0.24174154102725431,8.368925174747135,0.05378973105134466,1.0238981626035788,1.0617668994508103,1.0163331723631213,73.72262773722628,28.167456111837055,0.9526311440356562,0.02586206896551735,1,1
2016-07-06,1837.5,1821.5,1839.0,1785.0,3350.0,0.005699999999999999,0.005747126436781658,0.08343160377358494,0.07802874743326482,0.25937992864794956,0.22561307929927596,0.2243110229025103,8.11701408773731,-0.22273781902552203,1.0182473084230526,1.0639529834110188,1.0181068461083516,74.0072202166065,31.289967309398207,0.9367080491707032,0.0257142857142858,1,1
2016-07-07,1813.0,1824.0,1847.0,1806.0,3220.0,-0.013300000000000001,-0.013333333333333308,0.047371461582899954,0.06741242272593473,0.2882860395001257,0.2367622195697725,0.22036224676492774,8.0774471493312,-0.03880597014925369,0.9981909705836086,1.04615266250565,1.01932083746069,69.37394247038917,31.425382437864528,0.7931949033908204,0.044125758411472704,1,1
2016-07-08,1809.0,1810.0,1833.5,1800.0,3260.0,-0.0022,-0.0022062879205736463,0.025800963992061332,0.049912942542077676,0.27893350110357995,0.23411907472551657,0.21047900813758413,8.089789175789319,0.012422360248447228,0.9924370077197383,1.0411710536413168,1.02024567788899,65.63636363636363,30.854264576259766,0.7492197218166038,0.04353233830845782,1,1
2016-07-11,1815.0,1803.0,1832.5,1800.5,2570.0,0.0033,0.0033167495854062867,0.018804378332865523,0.05769230769230771,0.27530127974156987,0.23152546484396422,0.208802276177322,7.852050207265889,-0.2116564417177914,0.993121238177128,1.0422249444912335,1.021962877486957,68.06569343065694,30.533824490088136,0.7493050822711044,0.020936639118457334,1,1
2016-07-12,1875.0,1810.0,1879.0,1810.0,2730.0,0.0331,0.03305785123966931,0.012692411558196115,0.09393232205367563,0.24098437661395333,0.2601618338287736,0.2323979405244342,7.912423121473705,0.0622568093385214,1.0240705340771663,1.0729306743726932,1.0249860008092964,74.24698795180723,34.72112841698913,0.943132905722548,-0.004666666666666708,0,0
2016-07-13,1875.0,1873.0,1892.5,1855.5,3340.0,0.0,0.0,0.01902173913043481,0.08475556841191789,0.2350105519690278,0.26143478879252724,0.2198900397040365,8.114025442356757,0.22344322344322354,1.0212815624635256,1.06952380046964,1.0277003269007985,73.07086614173228,37.60609726664711,0.8922897439814963,-0.008933333333333349,0,0
2016-07-14,1898.75,1870.0,1899.0,1856.75,3340.0,0.0127,0.012666666666666604,0.039272030651340994,0.1113549897570969,0.2300320769964271,0.2499132170830421,0.22130246017605018,8.114025442356757,0.0,1.0284758091037471,1.0790855833029442,1.0316415402112367,79.61089494163424,41.33242787801237,0.925119596690334,-0.016853192890059265,0,0
2016-07-15,1866.25,1894.5,1915.5,1862.0,3340.0,-0.0171,-0.017116524028966462,0.0156462585034014,0.10038325471698117,0.26732835460260523,0.26435672966857043,0.2347387790591144,8.114025442356757,0.0,1.0086280111179742,1.0577050233313812,1.0357028156888357,74.94505494505495,41.18830026152659,0.7759667197389297,0.006563965170797159,1,1
2016-07-18,1859.5,1867.5,1879.5,1835.5,3340.0,-0.0036,-0.003616878767582099,0.025648097076668597,0.07423454650491035,0.2491391140121377,0.26006649073650373,0.23478031295068147,8.114025442356757,0.0,1.0013847751663654,1.0513668617306986,1.0384231718300074,70.52715654952077,40.06753588665583,0.7266043106692809,0.011562247916106383,1,1
2016-07-19,1859.25,1860.5,1873.75,1854.5,3340.0,-0.0001,-0.00013444474321056,0.02777777777777768,0.05429543521406299,0.24737000209960333,0.2532905835147723,0.23237166114644603,8.114025442356757,0.0,0.9973943864354823,1.0479715543196946,1.0390638263036653,67.05253784505788,38.712891024444616,0.7041869567996611,0.02393438214333732,1,1
2016-07-20,1854.0,1861.5,1866.0,1821.0,3340.0,-0.0028000000000000004,-0.0028237192416297185,0.02148760330578514,0.04069604266067928,0.2508276490036007,0.25303445166988064,0.23188717424557126,8.114025442356757,0.0,0.9916142958109683,1.0426615802078012,1.0396387614410176,63.526119402985074,36.791583613601915,0.6642060362704078,0.046655879180151016,1,1
2016-07-21,1860.75,1854.0,1888.5,1850.75,3340.0,0.0036,0.00364077669902918,-0.007600000000000051,0.004995949230353736,0.14197985756053547,0.1915715859267761,0.2311895493072563,8.114025442356757,0.0,0.9963093280299843,1.0434209665510894,1.0369923350418495,52.258852258852265,35.405470016917434,0.6726508105523901,0.04474002418379697,1,1
2016-07-22,1841.0,1861.0,1868.25,1838.5,3340.0,-0.0106,-0.01061399973129118,-0.018133333333333335,0.0005434782608695343,0.15255631942387923,0.19539961237953465,0.2359660571503261,8.114025442356757,0.0,0.9883047662870509,1.0295940718646597,1.0342678712907543,50.23474178403756,32.340503865476194,0.565040314609443,0.07170016295491588,1,1
2016-07-25,1848.5,1844.25,1864.75,1836.5,3340.0,0.0040999999999999995,0.004073872895165698,-0.026464779460171117,0.011767925561029013,0.12220044136726357,0.1931746501462726,0.2298452024925893,8.114025442356757,0.0,0.9961699097330484,1.031193342940821,1.0325282081592806,55.18072289156627,30.16891495633604,0.5808851959534398,0.050987286989450986,1,1
2016-07-26,1837.75,1847.25,1849.75,1831.0,3340.0,-0.0058,-0.005815526102245117,-0.015271265907568665,0.00013605442176878313,0.08299522376373374,0.19378328225978503,0.22898317789212955,8.114025442356757,0.0,0.9925544432228074,1.02228320577778,1.0296041020859423,50.060168471720814,27.266172478162616,0.4773275219902782,0.04434770779485775,1,1
2016-07-27,1798.75,1833.5,1846.0,1791.5,3340.0,-0.0212,-0.02122160250306082,-0.032670072600161304,-0.007859900717043566,0.1420002993518717,0.2068176955232012,0.23629075282131698,8.114025442356757,0.0,0.9760658914728682,0.9987044834127609,1.0271000918759212,46.79415073115861,21.570107317449583,0.11961089656122592,0.06851980542043079,1,1
2016-07-28,1806.5,1798.25,1814.5,1796.5,3340.0,0.0043,0.004308547602501767,-0.028371655237326876,-0.0013819789939193416,0.1502609828818238,0.20761222361322706,0.2284844978053804,8.114025442356757,0.0,0.9842962501702699,1.001117586751517,1.0250658742840253,49.44690265486725,17.479798632361508,0.14741541382773007,0.0494049266537504,1,1
2016-07-29,1826.75,1807.5,1829.5,1788.75,3340.0,0.011200000000000002,0.011209521173539905,-0.014697950377562052,0.006473829201101955,0.17643853629524642,0.21270908819784357,0.22900575245096522,8.114025442356757,0.0,0.9974453978159127,1.0099469709883853,1.0231071433507726,52.445369406867854,15.691325461624729,0.3521666987926178,0.03065553578760083,1,1
2016-08-01,1824.0,1825.75,1849.0,1821.25,3340.0,-0.0015,-0.0015054057752840189,-0.01975010076582029,-0.027200000000000002,0.17210381270539585,0.1522494316437277,0.18261866118743167,8.114025442356757,0.0,0.9988070326403693,1.0065530799475753,1.0191960898313936,36.0655737704918,13.891908299803617,0.33577910323286786,0.03741776315789469,1,1
2016-08-02,1821.0,1822.25,1844.0,1816.5,3340.0,-0.0016,-0.00164473684210531,-0.01086366105377512,-0.028800000000000048,0.16317113427150406,0.1520060530899936,0.1815483865086879,8.114025442356757,0.0,0.9987268133116565,1.0029604130808951,1.015106958446029,35.483870967741936,12.084479944533086,0.3121070548119917,0.0709774848984075,1,1
2016-08-03,1808.25,1820.75,1823.25,1797.75,3340.0,-0.006999999999999999,-0.007001647446458037,-0.021774411685150152,-0.04766293614219885,0.16075617877977966,0.13730614541375913,0.18151925330246094,8.114025442356757,0.0,0.9948714925725064,0.9942176933086524,1.0097992883717644,24.14285714285714,9.513594709554127,0.21825632186598778,0.07479607355177653,1,1
2016-08-04,1795.5,1811.25,1816.25,1785.25,3340.0,-0.0070999999999999995,-0.00705101617586068,-0.022990069378315825,-0.03791024782317487,0.1618015863444309,0.12386467202910777,0.18144642506196243,8.114025442356757,0.0,0.9911479999211403,0.985996705107084,1.0057856750607985,27.214170692431566,6.373857335031516,0.12755932226976335,0.07671957671957674,1,1
2016-08-05,1785.5,1792.5,1806.5,1782.0,3340.0,-0.005600000000000001,-0.00556947925368978,-0.007366226546212662,-0.039795643990319984,0.10677100108925208,0.12441201901039711,0.17675034805818166,8.114025442356757,0.0,0.986658772449181,0.9791251576580694,1.0014714753139453,26.656151419558356,3.0435917870718185,0.07660110338907149,0.09521142537104454,1,1
2016-08-08,1795.0,1789.5,1804.5,1787.5,3340.0,0.0053,0.005320638476617123,-0.006365900913368416,-0.034556945004706185,0.10904732688783904,0.12881018489111212,0.17784525560933861,8.114025442356757,0.0,0.9928097345132744,0.9825566543809072,0.9971503380756017,30.849478390461996,1.1575593288462187,0.1729779537575776,0.10501392757660177,1,1
2016-08-09,1807.5,1794.25,1810.5,1782.75,3340.0,0.006999999999999999,0.0069637883008355494,-0.010537840426987799,-0.025080906148867266,0.09068877822772124,0.13485267052347052,0.1792258595908661,8.114025442356757,0.0,1.0012463647694225,0.988019860611306,0.9939448562188051,36.714285714285715,0.6638580088251729,0.2925981089913877,0.06901798063623787,1,1
2016-08-10,1819.5,1806.5,1851.0,1805.5,3340.0,0.0066,0.00663900414937757,-0.002467105263157854,-0.022168480451430828,0.10299272064892985,0.1377571880914125,0.13563869230847087,8.114025442356757,0.0,1.0082526865760257,0.9935655323680115,0.9913227648058414,38.55755894590846,1.226754604149619,0.40623509515705275,0.07062379774663374,1,1
2016-08-11,1833.5,1823.25,1838.5,1817.5,3340.0,0.0077,0.007694421544380381,0.0068643602416254,-0.004073872895165698,0.11278194791636575,0.13633598905764446,0.13920764289822324,8.114025442356757,0.0,1.0150062278811365,1.0002636819086934,0.990093094001951,47.85100286532951,2.7705994625473522,0.5600410568090811,0.04608671938914655,1,1
2016-08-12,1836.5,1833.0,1846.25,1811.25,3340.0,0.0016,0.001636214889555454,0.015622839762200913,-0.0064917500676223705,0.09798178206531222,0.1352226169558571,0.13050677604767275,8.114025442356757,0.0,1.0144006943896473,1.002173695555293,0.9898954989040573,46.470588235294116,4.187906978813089,0.6114621815776089,0.05976041383065622,1,1
2016-08-15,1865.75,1834.75,1869.5,1819.5,3340.0,0.0159,0.015927035121154454,0.039125591757170675,0.01523602230988974,0.1033817601782742,0.1491838118689119,0.13105507317653953,8.114025442356757,0.0,1.024875914699939,1.0176586895752369,0.9905229426603941,57.42705570291777,7.5839409932229955,0.9085184098114669,0.04944392335521908,1,1
2016-08-16,1874.25,1864.5,1883.75,1851.5,3340.0,0.0046,0.004555808656036442,0.04970596471576583,0.041973592772758916,0.07035721927910668,0.10902759884998615,0.1312553620117989,8.114025442356757,0.0,1.0224244077306734,1.021417477315458,0.9926117099337077,73.89240506329114,10.836287403450115,0.964171851275235,0.06882753101240491,1,1
2016-08-17,1884.75,1872.25,1894.0,1859.0,3340.0,0.005600000000000001,0.0056022408963585235,0.050000000000000044,0.043315804040963135,0.07010105212383272,0.10947432114340418,0.13245500566174165,8.114025442356757,0.0,1.021011085959719,1.026258831216564,0.9948038512174584,74.33903576982893,14.098538438204287,1.0024531831149226,0.09510545165141271,1,1
2016-08-18,1893.0,1883.25,1907.0,1882.75,3340.0,0.0044,0.004377238360525171,0.04730290456431541,0.03626659367729568,0.07185713971540458,0.10327149032724844,0.13240237179930245,8.114025442356757,0.0,1.0187395490976188,1.0292565121452812,0.9959344199476867,72.26890756302521,17.15188567696373,1.011504698289743,0.12585842577918638,1,1
2016-08-19,1887.75,1895.25,1897.5,1876.0,3340.0,-0.0028000000000000004,-0.0027733755942948024,0.03751030502885411,0.03495065789473695,0.09136823504383618,0.10437506312138427,0.1326698317321703,8.114025442356757,0.0,1.0106114488929678,1.0249391452279906,0.9969873171286631,71.07438016528926,18.929842793633043,0.9153610131569293,0.1093894848364454,1,1
2016-08-22,1853.0,1889.25,1890.0,1850.25,3340.0,-0.0184,-0.018408157859886143,0.010635396782110673,0.0175727622185613,0.1661364632405136,0.13649551447295916,0.1433748039652203,8.114025442356757,0.0,0.9905307369224895,1.005380476556495,0.9975422913208327,58.743169398907106,17.335024662321302,0.6518356601516857,0.11832164058283867,1,1
2016-08-23,1866.25,1853.5,1871.25,1848.0,3340.0,0.0072,0.0071505666486777475,0.016199292131772403,0.03207521083920928,0.16950373597735544,0.1330133402904741,0.1447714378533228,8.114025442356757,0.0,0.9953522924246175,1.0127297804508557,0.9999483185772104,65.80381471389646,16.944953195768903,0.734600884130485,0.09685197588747485,1,1
2016-08-24,1858.25,1867.0,1873.5,1852.25,3340.0,-0.0043,-0.004286671131949138,-0.004019831167091037,0.034948482316903284,0.1427698516988085,0.1297265155200783,0.1440267097577476,8.114025442356757,0.0,0.9916522136880825,1.008694157453815,1.0026843711954174,67.55244755244755,15.808060129999376,0.6574272262197297,0.10924256693125245,1,1
2016-08-25,1866.75,1854.5,1866.75,1843.0,3340.0,0.0046,0.004574196152293819,-0.00400160064025612,0.04550546065527872,0.14279745786914735,0.1245489291910834,0.12068350214827742,8.114025442356757,0.0,0.9967581380270409,1.013895175160677,1.0064173854569436,72.91960507757405,15.415245789239634,0.6994517387593088,0.11624481049953128,1,1
2016-08-26,1878.5,1865.5,1889.5,1865.5,3340.0,0.0063,0.006294361858845576,-0.003316089667064648,0.04651810584958227,0.1441017851937077,0.12493634803165414,0.12139833974010643,8.114025442356757,0.0,1.0035105124585035,1.0200507717578702,1.0094329194148643,73.25905292479109,15.869134886487927,0.7610637524741799,0.11897790790524354,1,1
2016-08-30,1881.0,1874.25,1888.5,1861.25,3340.0,0.0013,0.0013308490817141028,-0.006339144215530945,0.04066390041493784,0.14095036324679414,0.12400066173792434,0.11657084555448097,8.114025442356757,0.0,1.0057671007905893,1.021010969128124,1.0118899533125474,71.68141592920354,16.243331359984722,0.7531628034571038,0.0915736310473152,1,1
2016-08-31,1903.75,1878.75,1904.75,1873.5,3340.0,0.0121,0.012094630515683047,0.008475698582969038,0.04630392965100305,0.15953985691182115,0.1292558581705755,0.12167826540153746,8.114025442356757,0.0,1.0166889185580774,1.032528372496644,1.014339757136465,73.37031900138696,18.166210860758838,0.867394698153234,0.0653972422849638,1,1
2016-09-01,1940.5,1896.75,1947.25,1895.5,3340.0,0.019299999999999998,0.019304005252790635,0.04722072315164594,0.058358331060812674,0.11991242406755204,0.14534411291328503,0.13458033195281152,8.114025442356757,0.0,1.0294429708222812,1.0508170163222759,1.0168947384368032,76.35467980295567,22.397341969789522,1.018157288078968,0.031435197114145774,1,1
2016-09-02,1944.0,1935.75,1955.75,1924.25,3340.0,0.0018,0.0018036588508116846,0.04166108506363031,0.05853525728287501,0.12319794540899352,0.14529085142743334,0.12964736383162026,8.114025442356757,0.0,1.025258518392948,1.0511327794099092,1.0195207798527735,76.41277641277642,25.736292645300182,0.9727187315053989,0.03240740740740744,1,1
2016-09-05,1973.0,1942.25,1974.75,1938.75,3340.0,0.0149,0.014917695473251058,0.06175164805596656,0.05748358568940115,0.10983914539475033,0.14375455107376545,0.12948823604493814,8.114025442356757,0.0,1.0316339869281046,1.0642812190955677,1.0212333517422074,76.38376383763838,30.372378870896227,1.0562893623370018,0.012544348707552055,1,1
2016-09-06,1942.75,1970.25,1972.75,1931.5,3340.0,-0.015300000000000001,-0.015331981753674562,0.040712468193384144,0.036547952514339066,0.18190655490406912,0.1654866653261994,0.1428135969832709,8.114025442356757,0.0,1.0100828165038809,1.0461907133914028,1.0221404626956667,65.22222222222223,31.245410769914542,0.857798462557295,0.017887015828078834,1,1
2016-09-07,1919.25,1939.25,1959.0,1917.5,3340.0,-0.0121,-0.012096255308197135,0.021692840031940275,0.01830481496219649,0.21085732451780698,0.1760008685853188,0.15324893883289864,8.114025442356757,0.0,0.9948534720550938,1.032025918274983,1.0219724083805495,57.24789915966387,29.69869318914607,0.7036164285896824,0.04572098475967179,1,1
2016-09-08,1922.0,1917.75,1926.5,1893.5,3340.0,0.0014000000000000002,0.001432851374234767,0.021796916533758592,0.015319598520866284,0.2108213285320711,0.17546283063621035,0.152750917617989,8.114025442356757,0.0,0.9932633210904191,1.031226526451336,1.02083109775727,56.236559139784944,28.367803994081214,0.7011241664519509,0.05163891779396468,1,1
2016-09-09,1895.75,1918.5,1920.25,1892.5,3340.0,-0.0137,-0.013657648283038504,-0.004202232435981612,0.004237849291484519,0.22134636763800308,0.18593644595379738,0.1624849229977784,8.114025442356757,0.0,0.9802766440746828,1.0155214206318384,1.0195103472948954,51.57790927021696,24.907787627644666,0.5098745787455254,0.05683766319398664,1,1
2016-09-12,1882.75,1893.25,1894.75,1865.25,3340.0,-0.0069,-0.006857444283265179,-0.02976037103839213,0.016055045871559592,0.17341505109723093,0.16901676234860433,0.163880204950489,8.114025442356757,0.0,0.9777254349196929,1.0075500474943921,1.0196291041557435,56.4185544768069,20.876062125420503,0.39542550826846284,0.07860841853671485,1,1
2016-09-13,1892.25,1885.5,1914.25,1877.5,3340.0,0.005,0.005045810649316085,-0.02662037037037035,0.013931681178834587,0.17916856820355603,0.1678097128635631,0.16438956198021856,8.114025442356757,0.0,0.9864459794083149,1.0114026101287248,1.0193818919933568,55.70175438596492,18.23723374475594,0.4558966473946524,0.08865107676047024,1,1
2016-09-14,1950.25,1893.0,1964.25,1884.75,3340.0,0.030699999999999998,0.03065134099616862,-0.011530663963507326,0.04950894658953309,0.2563998338779114,0.20716226177341224,0.18704978690493826,8.114025442356757,0.0,1.018407310704961,1.0400085323094563,1.0205442013625032,66.54676258992805,20.588724514950172,0.857029770124659,0.060120497372131876,1,1
2016-09-15,1943.5,1955.0,1956.25,1930.75,3340.0,-0.0034999999999999996,-0.003461094731444736,0.0003860507013253578,0.04111423597160835,0.23888476702541278,0.20917699199272197,0.18782533162154466,8.114025442356757,0.0,1.0148257277660706,1.033923251525039,1.0210129856311938,63.89140271493213,21.6579697108009,0.7776849150110247,0.05531258039619247,1,1
2016-09-16,1933.25,1945.0,1955.5,1928.5,3340.0,-0.0053,-0.005273990223823022,0.007294516087013259,0.029145594889539606,0.22742670687161254,0.21135144558369426,0.18882406040121016,8.114025442356757,0.0,1.0084204251196929,1.0259642046886817,1.0206004044646528,59.96360327570519,21.431219141045176,0.6874989491472225,0.07060649165912314,1,1
2016-09-19,1955.5,1937.0,1957.5,1925.0,3340.0,0.0115,0.01150911677227473,0.017429760665973015,0.0396065922381712,0.23587711067512196,0.21498025678840801,0.19189048691952196,8.114025442356757,0.0,1.0174864809618493,1.0346606466518813,1.0203559728469451,62.64855687606113,22.78426391811945,0.8093967062820926,0.05433392994119157,1,1
2016-09-20,1983.5,1952.0,1987.0,1950.75,3340.0,0.0143,0.01431858859626689,0.04628774891204013,0.04189100459619177,0.21375329772659615,0.21702881928508275,0.1960521822919775,8.114025442356757,0.0,1.0253674027029023,1.0459980751736957,1.0199790190166058,63.30275229357798,25.81831023727318,0.9448471999071463,0.04171918326191082,1,1
2016-09-21,1932.25,1983.5,1983.5,1932.25,3340.0,-0.0258,-0.025838164860095825,0.026291329172752675,-0.00425148157691313,0.28294068496198277,0.2351301533463623,0.20736632570589145,8.114025442356757,0.0,0.9952356425444244,1.0167417957307983,1.0174371258685362,48.6873508353222,23.81286720826506,0.5860461883700177,0.06650278173114255,1,1
2016-09-22,1948.0,1937.75,1964.5,1937.75,3340.0,0.008199999999999999,0.008151119161599274,0.02946228035407583,0.002057613168724215,0.2841028678384676,0.2377081103138096,0.20770344703520338,8.114025442356757,0.0,0.9992488778968581,1.0227242897018805,1.0152991133539422,50.612557427258814,23.226689710230175,0.6777297719683608,0.07302361396303891,1,1
2016-09-23,1918.0,1950.25,1950.25,1914.0,3340.0,-0.0154,-0.015400410677618104,-0.016536341494680196,-0.027876330461226506,0.23473813835184396,0.23624310737401116,0.21544975435094352,8.114025442356757,0.0,0.9861906860584692,1.005487016391151,1.0117404176922578,41.60305343511451,20.109579821909392,0.4259170230775069,0.09332638164754958,1,1
2016-09-26,1946.25,1922.0,1949.0,1905.5,3340.0,0.0147,0.014728884254431751,0.0014149729868793148,0.0018015699395186324,0.2553751088875076,0.23757064740863018,0.22004131853121675,8.114025442356757,0.0,1.000514072741293,1.018343703535752,1.0099345895511465,50.53763440860215,19.69179196271898,0.6400045448956455,0.08015414258188835,1,1
2016-09-27,1958.0,1944.25,1975.25,1930.5,3340.0,0.006,0.006037251123956366,0.012802275960170695,0.020190178455125718,0.2539949362303064,0.23171399060381417,0.21998105631033563,8.114025442356757,0.0,1.004728219037496,1.0228459984676463,1.0097581816734496,56.17529880478087,20.077379344120118,0.724681248539536,0.08937691521961177,1,1
2016-09-28,2003.25,1957.5,2007.75,1951.5,3340.0,0.0231,0.02311031664964247,0.024418307338276657,0.042273673257023914,0.28052441966232855,0.24913887965626477,0.23168886312871415,8.114025442356757,0.0,1.0243621820041273,1.0441388536581129,1.0105200062546693,61.40350877192982,23.760362285740484,1.041120756463289,0.07325595906651694,1,1
2016-09-29,2064.0,2004.0,2071.0,2001.5,3340.0,0.030299999999999997,0.030325720703856307,0.04058482480463832,0.0887511538968746,0.3199189339940271,0.26145294451428425,0.24859327054428543,8.114025442356757,0.0,1.0492565224495725,1.0724631405745957,1.0136272396334316,71.52911068458093,31.221270718226833,1.2289472260377594,0.03597383720930236,1,1
2016-09-30,2131.25,2067.5,2156.75,2057.75,3340.0,0.0326,0.03258236434108519,0.10298874369258626,0.13198778382684906,0.2638087197186913,0.2763406138014507,0.26276336907515246,8.114025442356757,0.0,1.0680089485458613,1.1028555658091057,1.0186467449358894,77.92134831460675,42.075586205579384,1.2588935433835322,0.0010557184750732418,1,1
2016-10-03,2094.25,2121.25,2143.75,2060.75,3340.0,-0.0174,-0.01736070381231669,0.07507700205338819,0.10675122209010435,0.32562227660298687,0.29810437076280316,0.2735042588204561,8.114025442356757,0.0,1.0385936946510805,1.079862841821213,1.0224711307324188,71.37566137566137,47.148618724666676,1.0058785634851506,0.052763519159603645,1,1
2016-10-04,2072.25,2094.25,2102.75,2060.75,3340.0,-0.0105,-0.010504954040826076,0.08042231491136609,0.06255608255351874,0.3101792253146778,0.2868977186302576,0.27453342992605273,8.114025442356757,0.0,1.0165741016521541,1.0645074293346348,1.0231090008787878,63.97479954180985,48.8309249008787,0.8733211926162351,0.07117867052720483,1,1
2016-10-05,2047.0,2069.5,2086.5,2045.75,3340.0,-0.012199999999999999,-0.012184823259741795,0.0517662170841362,0.053254437869822535,0.3383449670506399,0.2938892097686016,0.272166683769561,8.114025442356757,0.0,0.9971468336812805,1.0482921083627796,1.0237381940024435,61.37362637362638,47.578248259439306,0.7564308848814603,0.05862237420615535,1,1
2016-10-06,2061.25,2044.75,2077.5,2036.25,3340.0,0.006999999999999999,0.006961406936980996,0.05273237997957092,0.06620975042027677,0.3382306886593631,0.2910796336090418,0.26713305778229407,8.114025442356757,0.0,0.9969253623063238,1.0519444066412629,1.0248688904658216,63.94335511982571,47.191356323730815,0.7762355552533216,0.05469981807155855,1,1
2016-10-07,2083.75,2061.0,2105.75,2056.0,3340.0,0.0109,0.01091570648878104,0.040184699862723106,0.06558424955254405,0.32222033789976856,0.2908231167810051,0.2682086919527261,8.114025442356757,0.0,1.0022331014343384,1.0595159404077896,1.025757432682739,63.96298312465977,48.14531442169482,0.8185098925371058,0.027474505098980195,1,1
2016-10-10,2102.0,2083.0,2118.5,2074.0,3340.0,0.0088,0.0087582483503299,0.018410852713178327,0.05974287874968498,0.2759963186954995,0.28820438801777276,0.2607614459341334,8.114025442356757,0.0,1.0083780218274025,1.0647620494896537,1.026174013409026,63.18131256952169,49.799893393926595,0.8455904739789407,0.0371075166508088,1,1
2016-10-11,2053.25,2107.0,2107.0,2048.75,3340.0,-0.0232,-0.02319219790675542,-0.03659824046920823,0.06262129641609526,0.2198657131710036,0.2830115773485173,0.2758680343824728,8.114025442356757,0.0,0.9902850744983205,1.0370516905386238,1.0275634369124333,63.53467561521252,46.639806908991886,0.6596577221756036,0.07098502374284665,1,1
2016-10-12,2028.25,2054.25,2067.5,2024.75,3340.0,-0.012199999999999999,-0.01217581882381591,-0.03151486212247823,0.04119609856262829,0.2098219829547737,0.2909493345733439,0.2816555106380899,8.114025442356757,0.0,0.982696267584918,1.0222819581241993,1.0283032170383326,58.79452054794521,41.63814590901188,0.556354884469344,0.10218168371749048,1,1
2016-10-13,2001.5,2030.25,2033.0,1993.0,3340.0,-0.0132,-0.013188709478614613,-0.034141633490167744,0.04353493222106364,0.21363703733074466,0.2883715014096937,0.268985053162949,8.114025442356757,0.0,0.9745078945538013,1.007766574776884,1.030253497116531,59.216335540838855,35.1110537191812,0.44570749153414485,0.11966025480889342,1,1
2016-10-14,2007.0,1999.75,2018.25,1991.5,3340.0,0.0027,0.002747939045715686,-0.019540791402051783,0.03121387283236987,0.21094043484820088,0.2835264430767862,0.2684386660318698,8.114025442356757,0.0,0.9799121155053357,1.009468482402203,1.0313478441284092,57.059848925043575,30.03585552237155,0.4504249455889415,0.2115097159940209,1,1
2016-10-17,1997.75,2007.25,2011.5,1977.0,3340.0,-0.0046,-0.004608868958644763,-0.03080654942389327,0.020301327885597464,0.19971809613424782,0.2844353466520736,0.2682317502774951,8.114025442356757,0.0,0.9797351735734052,1.0043991955756661,1.032347554406378,54.646405610753945,24.97937994911763,0.40304585403877147,0.22137404580152675,1,1
2016-10-18,1977.5,1996.25,2015.75,1975.75,3340.0,-0.0101,-0.010136403453885667,-0.050989802039592136,-0.012854112067889667,0.16962453153567986,0.2702854252151515,0.268737523080221,8.114025442356757,0.0,0.9770774144594047,0.9936395345428966,1.0308225057470302,46.803227808814405,19.117703873786468,0.322677090350019,0.1906447534766118,1,1
2016-10-19,2007.0,1977.5,2007.75,1967.75,3340.0,0.0149,0.014917825537294593,-0.045195052331113206,-0.02761627906976749,0.19621003111826812,0.24236414141959872,0.2691287544007879,8.114025442356757,0.0,0.9983478121835527,1.0069824810804031,1.0272669171360478,42.328398384925976,16.660633400249935,0.4224836826246694,0.16716492277030404,1,1
2016-10-20,2021.25,2005.0,2021.5,1994.5,3340.0,0.0070999999999999995,0.007100149476831019,-0.015585048094484355,-0.05161290322580647,0.17061123532850325,0.1907138725416995,0.2518406983727686,8.114025442356757,0.0,1.0077277826249533,1.0124516314851377,1.0216289030983876,32.73155416012558,15.682465554599048,0.4662283665581226,0.16178107606679037,1,1
2016-10-21,2003.5,2020.5,2029.25,1996.0,3340.0,-0.0088,-0.008781694495980208,-0.012202637741895672,-0.04333293541840755,0.16332930173227234,0.18208951301417875,0.253679164944277,8.114025442356757,0.0,1.0006421461952837,1.0017583479862333,1.016553114133094,34.83709273182957,13.321422763224746,0.3506671328929912,0.13226853007237338,1,1
2016-10-24,2030.75,2006.5,2033.75,1997.0,3340.0,0.013600000000000001,0.013601197903668538,0.0146140394703973,-0.02002654119917968,0.16332784334720107,0.19155717997541702,0.2492474112843713,8.114025442356757,0.0,1.012139767528792,1.0128849910636353,1.0125732574088697,43.185550082101805,13.493581000601125,0.46397041579149817,0.15129878123845875,1,1
2016-10-25,2060.0,2029.5,2078.75,2028.5,3340.0,0.0144,0.014403545488120173,0.026407573492775338,0.006350757205666913,0.179391958604418,0.1956461047809118,0.2490543630029577,8.114025442356757,0.0,1.0228582575233636,1.024616494170214,1.0102189271014732,52.10696920583469,15.808023140989008,0.6072272435417779,0.1479368932038836,1,1
2016-10-26,2067.5,2059.0,2071.75,2043.5,3340.0,0.0036,0.00364077669902918,0.034914278563383805,0.003032140691328067,0.16974904593303497,0.1940283752777837,0.24880315197526046,8.114025442356757,0.0,1.0215281454032117,1.026351714723038,1.0084805361353575,51.035625517812754,18.039474696666048,0.6355932261844464,0.12200725513905675,1,1
2016-10-27,2051.0,2065.75,2080.5,2041.75,3340.0,-0.008,-0.007980652962515156,0.03716814159292037,-0.01571685662867428,0.1620113585918989,0.19049120337167832,0.2398334416719661,8.114025442356757,0.0,1.008145495400604,1.016352824578791,1.0055305819057057,44.463229078613686,18.265945577078128,0.537876672136664,0.12055095075572897,1,1
2016-10-28,2069.75,2052.0,2069.75,2052.0,3340.0,0.0091,0.009141882008776303,0.03126557050323875,-0.015342530922930586,0.1508924882228983,0.1908812048737936,0.21765373283306663,8.114025442356757,0.0,1.0128987153718432,1.023336876715038,1.0021295606324407,44.55696202531645,19.730947599314504,0.6973681252854449,0.12187462253895398,1,1
2016-10-31,2061.75,2066.5,2117.5,2025.75,3340.0,-0.0039000000000000003,-0.003865201111245331,0.020037105751391504,0.0041397784000973825,0.15701228111163343,0.1629666271757162,0.18328036172921972,8.114025442356757,0.0,1.0061348624013107,1.0175995656662458,1.0006774713455475,51.66340508806263,20.01571046460731,0.660651181739877,0.13944464653813515,1,1
2016-11-01,2066.25,2064.0,2083.5,2053.25,3340.0,0.0022,0.002182611858857708,0.03132018966808081,0.0187353629976581,0.13505632654423022,0.1526425091535168,0.17427149883097415,8.114025442356757,0.0,1.0039390574026514,1.0184340882766099,1.0006548396523012,58.08510638297872,20.369690368017928,0.6980649713813715,0.1336963097398669,1,1
2016-11-02,2060.75,2071.75,2071.75,2044.25,3340.0,-0.0027,-0.0026618269812461737,0.014772867167302639,0.02960279790157383,0.12351221123985759,0.13911464899837706,0.1707270801900292,8.114025442356757,0.0,0.9991861189997921,1.013583303275732,1.0006282819387387,63.85964912280702,19.9761453878632,0.6502216777041454,0.14387965546524328,1,1
2016-11-03,2090.25,2060.5,2096.75,2057.25,3340.0,0.0143,0.014315176513405303,0.01468446601941742,0.041479820627802644,0.1231437744317136,0.14846623416952218,0.17198193778541607,8.114025442356757,0.0,1.0113705092536591,1.0257007912654112,1.0012180054503554,67.50788643533122,21.79344039899206,0.8435298758393583,0.11111111111111116,1,1
2016-11-04,2097.0,2091.25,2106.5,2076.5,3340.0,0.0032,0.0032292787944026013,0.014268440145102756,0.0496808910023776,0.12295359360679484,0.14440146428860673,0.17084837900084984,8.114025442356757,0.0,1.0125717833307466,1.0260090271180498,1.0017637187672375,71.09458023379383,23.50735027495898,0.8767940471530113,0.06866952789699576,1,1
2016-11-07,2102.25,2098.25,2123.75,2075.25,3340.0,0.0025,0.002503576537911334,0.024987810823988266,0.06308470290771173,0.10119044865641638,0.13054301378596278,0.1670620493489779,8.114025442356757,0.0,1.011530794610943,1.0259674237956768,1.0035701939640773,78.32009080590238,25.001070545019047,0.912889049076605,0.0353193007491972,1,1
2016-11-08,2133.0,2102.75,2136.75,2076.75,3340.0,0.0146,0.014627185158758493,0.030559246285783326,0.06278026905829592,0.11789629848860252,0.13009459297481243,0.1718961921004587,8.114025442356757,0.0,1.0218838223971256,1.0380193442423504,1.005101109730345,78.44243792325057,28.339443172045776,1.0223470108092478,0.02766057196436944,1,1
2016-11-09,2150.0,2130.0,2160.75,2076.25,3340.0,0.008,0.007969995311767564,0.04280344367648836,0.0636982065553493,0.10388386809534389,0.13049761367793694,0.14965686094208147,8.114025442356757,0.0,1.023844348447226,1.0438075510171054,1.0071789222542544,78.70680044593088,31.98814602031962,1.0168866995801626,0.011627906976744207,1,1
2016-11-10,2138.25,2143.0,2188.5,2134.5,3340.0,-0.0055000000000000005,-0.005465116279069759,0.034845735027223323,0.06725729972548034,0.1239555405554242,0.1246035200858637,0.14317887717453553,8.114025442356757,0.0,1.0132857191212807,1.0368571417025971,1.0106374073982138,80.87056128293241,33.54495712913467,0.9006079800485409,-0.0017537706068045944,0,0
2016-11-11,2133.5,2144.25,2226.5,2111.5,3340.0,-0.0022,-0.0022214427686192417,0.03530268106271994,0.05059707004801184,0.1228457372887822,0.12068663596350927,0.13263444803171548,8.114025442356757,0.0,1.0060797952068985,1.0345161994197465,1.014159411572515,76.24521072796935,34.00348483969765,0.8372884967713488,-0.032692758378251696,0,0
2016-11-14,2204.75,2128.75,2206.25,2127.25,3340.0,0.0334,0.033395828450902165,0.054778136586532744,0.07026699029126204,0.20769506033683915,0.17042103143148216,0.16913808774958208,8.114025442356757,0.0,1.031720564886772,1.06715876089061,1.017355829069285,80.4416403785489,39.658986779999395,1.0709618460760315,-0.08322939108742489,0,0
2016-11-15,2219.75,2202.25,2237.0,2164.25,3340.0,0.0068000000000000005,0.006803492459462435,0.058536003814973814,0.07363966142684397,0.20554537467857506,0.17049081926680756,0.16595149981159787,8.114025442356757,0.0,1.0302854490601068,1.0718683352782585,1.020191771529746,81.03975535168195,44.834562524908506,1.048911194331589,-0.10293952021624053,0,0
2016-11-16,2167.0,2220.0,2224.0,2161.75,3340.0,-0.023799999999999998,-0.023763937380335665,0.030800332976572697,0.056557776694295514,0.2823553804252397,0.2039126934681253,0.18706842962462633,8.114025442356757,0.0,1.0015020219526285,1.044379292341058,1.022218333495895,70.60390763765542,44.17058839314268,0.7988443164386975,-0.07302722658052607,0,0
2016-11-17,2174.0,2165.75,2186.0,2131.75,3340.0,0.0032,0.0032302722658053007,0.0192217533989687,0.050368401980915634,0.27328439422369777,0.2025687768682751,0.18315491245825008,8.114025442356757,0.0,1.0020247246868261,1.0458585396947573,1.0239524147422208,69.32344763670065,43.7054167697579,0.7979410729728212,-0.07359705611775524,0,0
2016-11-18,2141.0,2169.5,2192.5,2132.25,3340.0,-0.0152,-0.015179392824287041,-0.0041860465116279055,0.038438219958772946,0.28986241276288066,0.21589140227119297,0.19414510127503914,8.114025442356757,0.0,0.9873997331708202,1.029038330596387,1.0257339688388671,63.44359626802375,40.210420007621906,0.6387840625615996,-0.02872489490892105,0,0
2016-11-21,2180.0,2136.5,2190.5,2136.5,3340.0,0.0182,0.018215787015413376,0.019525312755758195,0.05505142165759236,0.306996301113803,0.22552796802328617,0.1963382070959349,8.114025442356757,0.0,1.0026281208935612,1.046475346224928,1.0283540414909873,67.27410782080486,40.125047387627546,0.7916540078388454,-0.06307339449541283,0,0
2016-11-22,2199.0,2175.5,2217.25,2175.5,3340.0,0.0087,0.008715596330275188,0.030700726505741738,0.06708722552468771,0.306307322159653,0.2242452643897505,0.19407600406510675,8.114025442356757,0.0,1.0070328088711522,1.0531399038173728,1.0306906391555086,70.16776075857038,41.11656402566496,0.8419128457657792,-0.06139154160982263,0,0
2016-11-23,2235.5,2200.25,2242.25,2179.0,3340.0,0.0166,0.01659845384265579,0.013947159541898069,0.06948929553881111,0.25138341163671835,0.226334441112772,0.1957192397494052,8.114025442356757,0.0,1.0216926466987677,1.0670899066803505,1.0322442063056398,70.76483202287348,44.33650937996026,0.943580671150101,-0.057034220532319435,0,0
2016-11-24,2241.0,2235.25,2285.0,2233.0,3340.0,0.0025,0.0024602997092373347,0.009573150129519092,0.06866952789699576,0.24930418635513296,0.2264682290674075,0.19578719358998573,8.114025442356757,0.0,1.0227872860635698,1.0656543241186913,1.0332166407014238,70.6599713055954,46.792745661759,0.916733317370295,-0.029451137884872858,0,0
2016-11-25,2431.5,2256.25,2444.0,2221.25,3340.0,0.085,0.08500669344042833,0.12205814490078448,0.15661790938280418,0.5074756142291892,0.40780698317909975,0.33795474767769745,8.114025442356757,0.0,1.0909178310473018,1.1485140720330642,1.037419518092614,80.84309133489461,63.38047784081209,1.2968729074379728,-0.11957639317293856,0,0
2016-11-28,2440.0,2422.5,2571.75,2396.75,3340.0,0.0034999999999999996,0.00349578449516752,0.12235510579576814,0.14392873886544777,0.5071752934603663,0.40848547439632166,0.3383526733711992,8.114025442356757,0.0,1.076380136123015,1.1445592391495552,1.0405320056088763,80.0097751710655,76.33234233618623,1.1376104049952975,-0.09190573770491806,0,0
2016-11-29,2354.5,2446.25,2498.25,2338.5,3340.0,-0.035,-0.035040983606557385,0.09971975712283987,0.0951162790697675,0.5702543835928785,0.4510615862145622,0.3681398363167982,8.114025442356757,0.0,1.0248733016198739,1.0979803907090977,1.0412460188231871,67.62931034482759,78.78941745551174,0.8798344949892756,-0.02537693777872163,0,0
2016-11-30,2342.5,2357.75,2405.75,2303.25,3340.0,-0.0051,-0.005096623486939955,0.0745412844036697,0.0955220390506255,0.5804356006117634,0.45086883260278754,0.3700966115919905,8.114025442356757,0.0,1.0094496429450874,1.086717001264164,1.0426120972030997,67.60017233950883,78.85932625321038,0.8178748310165455,-0.0294557097118463,0,0
2016-12-01,2348.25,2367.0,2403.75,2312.5,3340.0,0.0025,0.0024546424759872565,0.06787175989085958,0.10065619873447385,0.5826263058602041,0.44946904362754586,0.3689678595816272,8.114025442356757,0.0,1.0027145318957498,1.0839035760855769,1.0444467889741895,68.47311827956989,78.47410578128574,0.7993948465739654,-0.025338017672735025,0,0
2016-12-02,2268.5,2347.0,2347.0,2263.0,3340.0,-0.034,-0.0339614606621953,0.014761798255423786,0.028914842952715736,0.63512414757322,0.4640834731094826,0.39317038063343485,8.114025442356757,0.0,0.9667148618826574,1.0428406700965762,1.042298874981598,55.40483255616787,70.91617970463449,0.5938686480278081,0.013775622658144249,1,1
2016-12-05,2338.0,2273.25,2343.0,2257.5,3340.0,0.030600000000000002,0.030636984791712507,0.04328424810352516,0.053271764838382696,0.6567002495735814,0.4792124907321769,0.40365082440045696,8.114025442356757,0.0,0.9904831071369131,1.0697536089313902,1.0412792464793106,59.177337989910754,69.73072560236233,0.7399821598841196,-0.02566295979469635,0,0
2016-12-06,2364.75,2333.5,2368.5,2293.25,3340.0,0.011399999999999999,0.011441402908468845,-0.027452190006169053,0.09125519150899852,0.3777726658757107,0.4624789503188686,0.40400363539196404,8.114025442356757,0.0,1.0058791359037462,1.0769873047801581,1.0428948245901772,65.99272139102305,70.14120201109654,0.7775198830898209,-0.02674701342636643,0,0
2016-12-07,2319.75,2357.5,2398.0,2300.5,3340.0,-0.019,-0.01902949571836343,-0.0492827868852459,0.0670423183072677,0.3838187473763608,0.47513090963366555,0.41161554688190793,8.114025442356757,0.0,0.9940010712372791,1.0524624377112524,1.0436396612831618,61.10476190476191,66.07372680983553,0.6470254906760375,0.003556417717426541,1,1
2016-12-08,2298.25,2309.0,2349.25,2282.25,3340.0,-0.009300000000000001,-0.00926824011208105,-0.023890422595030825,0.07344698738907063,0.33226187979041166,0.47089495197162257,0.41401276286704924,8.114025442356757,0.0,0.9881910319410319,1.038823578157547,1.044828805288044,62.19464908879411,60.41888183095807,0.575034641065842,0.0373109974980963,1,1
2016-12-09,2322.0,2296.5,2328.0,2293.25,3340.0,0.0103,0.01033394974437063,-0.008751334044823866,0.06513761467889911,0.3414521836509384,0.46793864648522676,0.41332058824921597,8.114025442356757,0.0,0.9996617362157508,1.0455848580820437,1.0454401204217334,61.27879269261319,57.19450035940463,0.619700739526542,0.025839793281653645,1,1
2016-12-12,2349.25,2326.75,2349.25,2305.5,3340.0,0.011699999999999999,0.01173557278208448,0.0004258490365165457,0.06832651205093221,0.34989625923821743,0.468589639655045,0.41339538937004344,8.114025442356757,0.0,1.0113311398788474,1.053310018606945,1.0457599543953704,61.779694237553905,56.1902755556589,0.6771492345017943,-0.01841013089283816,0,0
2016-12-13,2342.5,2348.5,2393.5,2319.5,3340.0,-0.0029,-0.00287325742258171,0.03262067445448524,0.04786401252516215,0.260439388073083,0.46662669654841277,0.40081024196696136,8.114025442356757,0.0,1.0038568673666166,1.0459651642622987,1.0448727932644033,58.79934210526316,54.22468318171923,0.6416583202214559,-0.02956243329775876,0,0
2016-12-14,2357.25,2347.0,2365.5,2317.5,3340.0,0.0063,0.006296691568836721,0.008233532934131649,0.05187416331994643,0.19012884062683924,0.466707348316111,0.40075645678408417,8.114025442356757,0.0,1.0089887640449438,1.047926707738587,1.0439733457667537,59.41676792223573,53.24338222570714,0.6644045299277387,-0.0036058967016651122,0,0
2016-12-15,2322.5,2340.5,2382.0,2296.5,3340.0,-0.0147,-0.014741754162689524,-0.017866582091130123,-0.04482829529097265,0.19590459542674538,0.2892766248537361,0.39428493187578356,8.114025442356757,0.0,0.9966894522269564,1.028937244796243,1.0369434303393292,38.19068255687974,49.095714727684026,0.5407890493428281,0.017761033369214196,1,1
2016-12-16,2241.0,2325.0,2339.0,2239.0,3340.0,-0.0351,-0.03509149623250807,-0.03394762366634341,-0.08155737704918031,0.26449751046534953,0.3171626088680694,0.4164523704531639,8.114025442356757,0.0,0.9663796953689301,0.9907234801317429,1.0284590114238137,31.384471468662298,38.78519785911658,0.233200609524507,0.043953592146363185,1,1
2016-12-19,2176.5,2247.0,2248.75,2132.75,3340.0,-0.0288,-0.02878179384203483,-0.052975089742195114,-0.07559991505627517,0.3016438881226267,0.306951111871413,0.42598334344482164,8.114025442356757,0.0,0.9456582459189374,0.9611570095865456,1.0217202158615668,32.66796494644596,25.11986187537741,0.003259273614596673,0.0754651964162647,1,1
2016-12-20,2192.0,2179.25,2209.0,2140.5,3340.0,0.0070999999999999995,0.007121525384792049,-0.05598621877691645,-0.06424759871931696,0.29414993529679534,0.311546877305983,0.4220889276722841,8.114025442356757,0.0,0.9601401664476565,0.9671619400597857,1.0160904760328964,35.4448742746615,15.363603063326991,0.06419524564361066,0.05816605839416056,1,1
2016-12-21,2175.0,2195.25,2208.0,2160.75,3340.0,-0.0078000000000000005,-0.007755474452554756,-0.0741726082792381,-0.0737783455764931,0.260404207639588,0.31010390433806306,0.4219506632764699,8.114025442356757,0.0,0.9631961029307101,0.9593084158179299,1.0102588767532845,33.60151443445339,6.188601395043861,0.04501388647565132,0.07563218390804605,1,1
2016-12-22,2134.5,2181.0,2181.0,2100.0,3340.0,-0.018600000000000002,-0.018620689655172384,-0.08879402347918885,-0.059069869958122134,0.25731244688787086,0.2886918046886018,0.4219288940245378,8.114025442356757,0.0,0.9578652135587786,0.9414973387831918,1.0060927582136452,36.29856850715747,-4.301084828198327,-0.01372180586464928,0.09475286952447881,1,1
2016-12-23,2063.75,2136.75,2143.75,2055.5,3340.0,-0.0331,-0.03314593581635039,-0.12450949199278816,-0.1173011120615911,0.24085476243412782,0.2654472908599985,0.4351457581669494,8.114025442356757,0.0,0.9438754675683181,0.9112250116823719,0.9984761666471302,22.02957674655788,-18.11435939252533,-0.09436154766834876,0.15820714718352513,1,1
2016-12-28,2021.25,2069.0,2081.25,2017.0,3340.0,-0.0206,-0.02059357964869779,-0.12970936490850382,-0.14525848398350782,0.23935326959517542,0.25272152890487964,0.29574638843644546,8.114025442356757,0.0,0.9429985337243402,0.8948764587168826,0.9903172980987202,16.057312252964422,-32.12060744842256,-0.08730389875974741,0.15139146567717998,1,1
2016-12-29,1991.25,2019.75,2045.25,1959.0,3340.0,-0.0148,-0.014842300556586308,-0.11144578313253017,-0.14161008729388946,0.2135890182434036,0.2507690080098459,0.2931112372343624,8.114025442356757,0.0,0.9447277902977108,0.8845773685905624,0.983244513335692,16.547861507128303,-45.1212792022061,-0.04063374319897782,0.20790960451977392,1,1
2016-12-30,2008.75,1993.5,2031.25,1984.5,3340.0,0.0088,0.00878844946641566,-0.0770732827934758,-0.125965408462961,0.24120352229754777,0.2641543552590425,0.28411392900960714,8.114025442356757,0.0,0.9639906763102869,0.8944474129486151,0.9763463226594404,20.277207392197127,-53.3967766822102,0.06478408138016001,0.2036092097075295,1,1
2017-01-03,2014.0,2010.25,2031.75,1986.0,3340.0,0.0026,0.0026135656502799254,-0.08120437956204385,-0.13264427217915586,0.22789883617863058,0.254816754513249,0.2861430773607129,8.114025442356757,0.0,0.9784502203560399,0.8989198678846668,0.9688510896964493,17.129135538954117,-58.853114859624384,0.12430307607154256,0.17316285998013892,1,1
2017-01-04,2079.5,2012.75,2086.25,1999.5,3340.0,0.0325,0.03252234359483608,-0.04390804597701148,-0.11482387996168986,0.35282689253054433,0.3003652926564603,0.31607072062707275,8.114025442356757,0.0,1.0170125061133235,0.9290048769591602,0.9611305823099874,23.384311790823872,-57.23226169538066,0.2689855533004402,0.11721567684539558,1,1
2017-01-05,2042.5,2076.0,2089.75,2041.0,3340.0,-0.0178,-0.017792738639095917,-0.04310142890606694,-0.12806830309498396,0.3516339728131839,0.3016074575102964,0.3024474055892814,8.114025442356757,0.0,1.0053793685394838,0.914347534134149,0.9535098751878576,22.067039106145245,-58.26170993769256,0.2300522252965336,0.12386780905752759,1,1
2017-01-06,2064.0,2046.75,2069.5,2033.0,3340.0,0.0105,0.010526315789473717,0.00012113870381580405,-0.1244034362074451,0.3048932865400749,0.30641701628502144,0.2799333652178557,8.114025442356757,0.0,1.0159444493275906,0.9258373205741626,0.9460387474367736,23.034482758620683,-56.68920688038452,0.29103274023886877,0.09205426356589141,1,1
2017-01-09,2108.0,2056.75,2118.25,2056.75,3340.0,0.0213,0.02131782945736438,0.04291898577612874,-0.09235737351991391,0.2882373741621027,0.33113215113244965,0.2895112020888276,8.114025442356757,0.0,1.0313111545988258,0.947380247930789,0.9409599426452727,30.605786618444853,-51.30118645793118,0.3900716548140751,0.09807874762808355,1,1
2017-01-10,2175.0,2111.75,2191.25,2105.75,3340.0,0.0318,0.03178368121442121,0.09227871939736354,-0.029451137884872858,0.2812105374036127,0.3413603290392344,0.3117992704464342,8.114025442356757,0.0,1.050597753894457,0.9784589084747288,0.9397704183005556,43.871866295264624,-41.15044468583301,0.5316249357691948,0.04218390804597694,1,1
2017-01-11,2140.75,2175.0,2223.75,2127.25,3340.0,-0.015700000000000002,-0.015747126436781556,0.06571250777846926,-0.01642545371008497,0.33025122584567485,0.32559162756854115,0.3142699315875935,8.114025442356757,0.0,1.0247200615437217,0.9672682362952448,0.9427319196958066,46.48303000491884,-35.460827118680754,0.48086107612356727,0.06446338899918258,1,1
2017-01-12,2215.75,2142.5,2218.5,2135.25,3340.0,0.035,0.035034450543034,0.10017378351539219,0.010834854014598605,0.35867568395723093,0.3589003906133946,0.3383839345025535,8.114025442356757,0.0,1.0461873124009307,1.0045487861088234,0.9466958692833881,52.09158960810216,-24.616131564716397,0.6615687038368115,0.00913911768024378,1,1
2017-01-13,2294.75,2207.75,2303.25,2190.0,3340.0,0.035699999999999996,0.03565384181428399,0.1035104592450109,0.055057471264367885,0.36590551700406804,0.38468489076132223,0.36007600209024343,8.114025442356757,0.0,1.0679819822814687,1.0413050630182985,0.9514328823112813,59.507741167129815,-9.537055201186377,0.8558240743649365,-0.015905872099357232,0,0
2017-01-16,2273.5,2295.5,2326.25,2260.75,3340.0,-0.009300000000000001,-0.009260268003050465,0.11309669522643828,0.0651206371515578,0.3368037508274299,0.3759145936789681,0.3612011121473727,8.114025442356757,0.0,1.0420875145284594,1.0327401569437977,0.9569369839990006,61.384111384111385,0.6905636614219475,0.8398051024859745,-0.007917308115240829,0,0
2017-01-17,2288.75,2276.0,2303.5,2226.25,3340.0,0.0067,0.006707719375412369,0.1088905038759691,0.10902483343428226,0.33999137443509597,0.3336300647603495,0.36131105884924825,8.114025442356757,0.0,1.0338624850772755,1.0406050020270297,0.9651069454314974,70.27027027027026,9.912309908064799,0.8937853296134993,-0.01660294920808303,0,0
2017-01-18,2299.75,2287.25,2313.0,2265.5,3340.0,0.0048,0.004806116876024058,0.09096299810246689,0.13778602350030922,0.34167739306680456,0.30844236710559514,0.3583843288687508,8.114025442356757,0.0,1.026134208723089,1.0451113013050164,0.9736903039700153,76.59980897803247,17.901856854487505,0.8975207758953717,0.0006522448092183275,1,1
2017-01-19,2278.0,2295.25,2315.25,2271.0,3340.0,-0.0095,-0.009457549733666748,0.04735632183908045,0.14400502197112375,0.3345169033378161,0.30098188279324417,0.33734634614180065,8.114025442356757,0.0,1.009799730863611,1.0361688739964674,0.9838925752927072,77.82629791363415,22.22242090818645,0.8176937496569907,-0.00866988586479367,0,0
2017-01-20,2301.5,2285.5,2312.5,2242.75,3340.0,0.0103,0.010316066725197581,0.07509050566390285,0.14573739887990045,0.2948736764013094,0.30095005460061586,0.32063840099287166,8.114025442356757,0.0,1.0099360581745236,1.0478629560070571,0.994357585957381,78.08153477218225,27.228875127942956,0.8428683371972424,-0.02324570932000869,0,0
2017-01-23,2328.0,2305.5,2358.25,2305.5,3340.0,0.0115,0.011514229850097868,0.05066004738801766,0.15590863952333667,0.24182186514330362,0.29911891872161706,0.3217339124019259,8.114025442356757,0.0,1.014426443811569,1.0597955978421687,1.0044434544810117,78.94009216589862,32.9549703129037,0.8625504687101155,-0.0357603092783505,0,0
2017-01-24,2384.0,2332.25,2394.0,2325.0,3340.0,0.0241,0.02405498281786933,0.038893125612811774,0.1464294301514788,0.18863097491870412,0.28905882501651514,0.3270802273970308,8.114025442356757,0.0,1.0330888042839013,1.0838785940797375,1.0130267207985335,78.56472795497186,41.53290847419339,0.9180862049533535,-0.06270973154362414,0,0
2017-01-25,2382.0,2382.25,2399.5,2348.5,3340.0,-0.0008,-0.000838926174496657,0.04772377391686833,0.16621787025703805,0.16635835217313552,0.265492858494795,0.31682730622635963,8.114025442356757,0.0,1.0253351371295043,1.0819854569405067,1.0231215935827547,84.0863453815261,47.62066163789086,0.8665604844368779,-0.05803946263644,0,0
2017-01-26,2306.0,2394.25,2398.0,2303.5,3340.0,-0.0319,-0.031905961376994085,0.007536865101037682,0.11724806201550386,0.28534285945505916,0.32242520598386204,0.3149487241363138,8.114025442356757,0.0,0.9915690219144003,1.0481500560589074,1.0316489327163245,71.90045248868779,45.78490515203657,0.7038168075086074,-0.02341717259323506,0,0
2017-01-27,2273.25,2309.0,2330.75,2271.25,3340.0,-0.014199999999999999,-0.014202081526452748,-0.01152299162952497,0.0783918406072106,0.2978090172123166,0.3294281770203504,0.30900230410722823,8.114025442356757,0.0,0.9790804633062098,1.0343493938899864,1.0381032188100754,65.26558891454965,41.21233348759779,0.6227674331806353,-0.005278785879247794,0,0
2017-01-30,2348.75,2273.75,2365.0,2273.75,3340.0,0.0332,0.033212361156933934,0.03105794556628627,0.0798850574712644,0.3545758055810064,0.3316771219687473,0.31338159897810997,8.114025442356757,0.0,1.0072135265108586,1.0688403736106213,1.0438847833471208,65.80263756252842,43.18297012101357,0.7549644977451602,-0.03299627461415644,0,0
2017-01-31,2363.75,2354.0,2381.25,2334.25,3340.0,0.0064,0.006386375731772143,0.027047577666739153,0.10416909961462095,0.35269075000906974,0.31688898408028526,0.31342349589732243,8.114025442356757,0.0,1.0097950963489617,1.0749937467312458,1.0504760605381385,71.01790763430725,45.43138377829382,0.7683801779506898,-0.056372289793759967,0,0
2017-02-01,2339.5,2359.25,2379.75,2327.0,3340.0,-0.0103,-0.010259122157588618,0.004939862542955309,0.05585016360148942,0.35745224049176993,0.2976940533298174,0.3193092803648304,8.114025442356757,0.0,0.9987345439021786,1.0623789053039479,1.0529237881880775,62.897342365815526,44.7407519282624,0.6927044680903433,-0.03387475956400943,0,0
2017-02-02,2340.75,2337.25,2351.0,2316.5,3340.0,0.0005,0.0005343022013251097,-0.01814177852348997,0.02004575661836805,0.31934561032294556,0.26037449908894506,0.3065072711447465,8.114025442356757,0.0,1.0019108474990828,1.0603103660447015,1.051800833804737,55.72139303482587,43.78950757934035,0.6813406828627072,-0.041012495994873444,0,0
2017-02-03,2319.5,2332.75,2336.25,2281.25,3340.0,-0.0091,-0.009078286873865249,-0.026238455079764855,0.020233120738948784,0.3214313718885126,0.26022923122002006,0.29945088221534855,8.114025442356757,0.0,0.9966240063836971,1.0486657147270584,1.0512653387234716,55.72139303482587,40.850048245234575,0.6038616899299458,-0.010993748652726842,0,0
2017-02-06,2339.5,2319.25,2354.25,2297.25,3340.0,0.0086,0.008622547962922944,0.014527320034692037,0.02217367558711092,0.2571775517931113,0.2610893779109995,0.2991802495751646,8.114025442356757,0.0,1.0031546707503827,1.0550922463460375,1.050300472412536,56.23847572218808,39.67696702056264,0.657217865138154,-0.03066894635605899,0,0
2017-02-07,2336.75,2333.5,2355.75,2311.0,3340.0,-0.0012,-0.001175464842915197,0.02793357527768614,0.016088705294053707,0.23308846974441633,0.26094023397778804,0.29493020292876654,8.114025442356757,0.0,0.9980931750922903,1.0506575742815392,1.04830508020961,54.642409033877044,38.08635390128302,0.6281936383881922,-0.028672301273135803,0,0
2017-02-08,2390.25,2338.0,2402.5,2336.75,3340.0,0.0229,0.022895046538996544,0.017668972857903142,0.049275680421422274,0.18131561894538692,0.27107174532430345,0.28627032411757347,8.114025442356757,0.0,1.0183657942787583,1.0694790377186834,1.0467877437183466,63.044741429401505,40.67392078616285,0.8985041922135032,-0.010145382282188087,0,0
2017-02-09,2327.25,2391.75,2402.0,2325.5,3340.0,-0.0264,-0.026357075619705017,-0.015441565309360139,0.011188355420377993,0.24688059849594604,0.29682774352761804,0.29792150584604576,8.114025442356757,0.0,0.9937322719370482,1.0365600178160495,1.0428513102219583,52.74081958488558,37.21205528814971,0.510123033428765,0.01643570737995481,1,1
2017-02-10,2405.25,2333.0,2406.75,2333.0,3340.0,0.0335,0.03351595230422166,0.02810429578969864,0.03318298969072164,0.31622039975288746,0.32530752111181716,0.2959783127705649,8.114025442356757,0.0,1.0229354314443246,1.0647567471852912,1.0389231907551495,57.41007194244604,40.297920720895945,0.9656111870827018,-0.021723313584866455,0,0
2017-02-13,2417.75,2402.75,2458.5,2402.75,3340.0,0.0052,0.005196964972456142,0.032895439495888024,0.014156879194630934,0.3152254135182374,0.31062562734572263,0.2729495375922328,8.114025442356757,0.0,1.0234636026910575,1.0638695766962951,1.0337514615104162,53.53218210361068,43.25353699189736,0.9749872859047747,-0.05035673663530138,0,0
2017-02-14,2362.75,2423.25,2443.75,2348.5,3340.0,-0.0227,-0.022748423120670047,0.018646259969821166,-0.008081444164567575,0.3493336842917169,0.3268719475220769,0.28412338965402567,8.114025442356757,0.0,0.9975723031454508,1.0343770863203057,1.0278884835900892,48.186528497409334,40.688808577531745,0.6273490220537227,-0.015342291820971354,0,0
2017-02-15,2323.25,2367.25,2378.25,2320.5,3340.0,-0.0167,-0.016717807639403226,-0.006945928617225872,0.007480485689505656,0.36450419595198963,0.3040325403724398,0.2907314446461254,8.114025442356757,0.0,0.9818574253241362,1.013479616986935,1.024782740107625,51.74506828528073,35.064718696447926,0.37204674454255965,0.008823845905520322,1,1
2017-02-16,2295.5,2326.0,2347.75,2271.25,3340.0,-0.011899999999999999,-0.011944474335521371,-0.017652722798758957,0.009787748817772002,0.3706817544492005,0.30203154586237657,0.29365141991682964,8.114025442356757,0.0,0.9725517491829077,0.99770368063051,1.0217172412294364,52.27388860500766,28.04510732298968,0.1790745072178433,0.014158135482465584,1,1
2017-02-17,2254.0,2291.25,2297.25,2250.75,3340.0,-0.0181,-0.01807884992376385,-0.05700240560610814,-0.040340606705694504,0.3333137015159668,0.2724885218244673,0.2986535983158267,8.114025442356757,0.0,0.9629098454449752,0.9769770348270207,1.0159790255616936,39.593629873695775,18.915268129277138,-0.02231897254425277,0.03438331854480925,1,1
2017-02-20,2314.75,2261.25,2322.75,2257.5,3340.0,0.027000000000000003,0.026952085181898955,-0.005371146202599597,-0.020729772607086194,0.3632190041256431,0.2986435843406738,0.31141729395785606,8.114025442356757,0.0,0.9896172109996488,1.0003205116662646,1.0114406716442865,45.10978043912176,16.392855448969385,0.3438946578208469,-0.019224538287072046,0,0
2017-02-21,2266.75,2315.75,2324.0,2264.5,3340.0,-0.0207,-0.020736580624257428,-0.05758237189481341,-0.03109638811711901,0.28750471846137965,0.3078804301760226,0.3169778398545347,8.114025442356757,0.0,0.9773633717796701,0.9782843250086316,1.007862979465005,43.06812767984755,10.4007332014462,0.11226753734913746,0.020955111944413796,1,1
2017-02-22,2278.75,2272.25,2298.0,2250.25,3340.0,0.0053,0.005293923017536173,-0.05749146934132976,-0.02648723699668909,0.2876963687849845,0.30932271314994136,0.30465647041480265,8.114025442356757,0.0,0.9910224748769084,0.9815147164393396,1.0039585683519638,44.2110177404295,6.544788612060074,0.21117691523314294,0.015469007131102552,1,1
2017-02-23,2236.0,2279.5,2284.5,2225.5,3340.0,-0.018799999999999997,-0.018760285244103114,-0.05364511691884455,-0.03599913774520369,0.2801709818527961,0.3164212297701771,0.31009270744917716,8.114025442356757,0.0,0.9801490387626026,0.962821290292485,1.0010985422656833,42.50448833034111,0.03890850798779866,0.037784496374510014,0.029405187835420454,1,1
2017-02-24,2258.25,2233.75,2265.75,2233.75,3340.0,0.01,0.009950805008944519,-0.027978047993113098,-0.03472964308612947,0.28970259080300925,0.31736948581023205,0.2941233266413726,8.114025442356757,0.0,0.9939480633802817,0.9729118423178416,0.9991229622335229,42.73580688421993,-3.283805630621373,0.161652489133803,-0.0009963467286615568,0,0
2017-02-27,2255.5,2266.75,2274.75,2236.75,3340.0,-0.0012,-0.0012177571128085818,-0.01742539751688088,-0.03477051460361613,0.2842963621591609,0.3173665367799565,0.290098763742912,8.114025442356757,0.0,0.9952407967725668,0.9719783238706757,0.9968803241877222,42.73580688421993,-6.0690226266183345,0.1842524999790671,-0.0012192418532476212,0,0
2017-02-28,2250.75,2257.75,2279.25,2242.25,3340.0,-0.0021,-0.0021059632010640428,-0.001441881100266218,-0.05836209601506115,0.26255203836478086,0.29582613128134455,0.2633911051808721,8.114025442356757,0.0,0.9933483599451477,0.9704611028669367,0.9931284477745091,36.33692458374143,-8.560927422608984,0.19595512309385058,0.0018882594690659005,1,1
2017-03-01,2301.25,2253.75,2306.25,2246.0,3340.0,0.022400000000000003,0.02243696545595908,-0.005832163300572457,-0.011171984101407295,0.2437448749655684,0.29717500011325154,0.2753482414861995,8.114025442356757,0.0,1.016501285712032,0.9922139143494648,0.9923063064265363,47.389558232931726,-6.3872240300365775,0.4413087908597454,-0.025203693644758274,0,0
2017-03-02,2258.25,2299.0,2310.25,2236.0,3340.0,-0.0187,-0.018685497012493224,-0.003749862137421456,-0.06111630807608359,0.236889786485643,0.26122244776567516,0.28036886256074334,8.114025442356757,0.0,0.9980427748401862,0.9739503590451339,0.9880595543589096,34.12526997840173,-8.041590613861445,0.26280876938391007,-0.007970773829292566,0,0
2017-03-03,2248.0,2255.0,2268.5,2239.0,3340.0,-0.0045000000000000005,-0.004538912875013845,-0.01349424026330226,-0.0702099059042498,0.2342232194209418,0.25755129855650327,0.28044814920565025,8.114025442356757,0.0,0.9954453441295547,0.9702759474002244,0.9835867201598217,31.578947368421055,-10.06376852866606,0.2398960244248879,-0.0579403914590747,0,0
2017-03-06,2244.75,2244.5,2254.0,2199.75,3340.0,-0.0014000000000000002,-0.0014457295373665469,0.003913237924865864,-0.04994180509998947,0.20261365484214838,0.24473673037983742,0.2791873454952106,8.114025442356757,0.0,0.9934563042344351,0.9700350389461667,0.9811239316876877,35.57457212713936,-11.792668393214626,0.25112334255925256,-0.03775476110925491,0,0
2017-03-07,2234.5,2245.5,2249.25,2208.75,3340.0,-0.0046,-0.004566210045662156,-0.010516993246983297,-0.038200796298288986,0.19305491978127579,0.23737540015892927,0.27694385636976565,8.114025442356757,0.0,0.9904071424048628,0.9676895482744061,0.9804959758224547,38.31468071099407,-13.830494003408148,0.2342571964538483,-0.03445961065115233,0,0
2017-03-08,2243.75,2232.75,2252.75,2221.0,3340.0,0.0040999999999999995,0.0041396285522488085,-0.005209487918421685,-0.02254410803746465,0.19597511047036748,0.23499647685541908,0.27776371441548764,8.114025442356757,0.0,0.9952475247524752,0.9736385333044044,0.9808526795400304,42.83737024221454,-14.531576814774326,0.2937640388500506,-0.04501392757660172,0,0
2017-03-09,2252.0,2244.0,2255.75,2203.5,3340.0,0.0037,0.0036768802228412945,0.000555370432078206,-0.0008873114463177068,0.19727608201342312,0.22311725412043418,0.2638775970600656,8.114025442356757,0.0,0.9988278156185648,0.9779823685239067,0.981557364336276,49.69512195121951,-14.257136546588299,0.3481601236399808,-0.04174067495559508,0,0
2017-03-10,2261.25,2248.75,2283.75,2231.0,3340.0,0.0040999999999999995,0.00410746003552398,-0.01738185768604017,-0.023112647154120314,0.1291929124509446,0.1879610689562527,0.2502163683311656,8.114025442356757,0.0,1.0054787994282992,0.9821700039091342,0.9800680685773853,40.3254972875226,-13.141753014002916,0.4109812960955257,-0.041017136539524546,0,0
2017-03-13,2271.25,2269.5,2295.5,2268.5,3340.0,0.0044,0.004422332780541716,0.005756669987822427,0.001985221131576065,0.06666921321171367,0.16751343242767497,0.21742956447000578,8.114025442356757,0.0,1.00909206308908,0.987621663538262,0.981308774062229,50.94339622641509,-11.320392662102677,0.5051834373693813,-0.03412217941662077,0,0
2017-03-14,2230.5,2273.75,2284.0,2190.5,3340.0,-0.0179,-0.017941662080352194,-0.007784697508896765,-0.02117388919363683,0.13020654602915754,0.18216512717915986,0.2216588476147848,8.114025442356757,0.0,0.9920892108272971,0.9717789807321563,0.9817062070060076,40.97287184284378,-13.015105860333733,0.18179309102894126,-0.00851826944631251,0,0
2017-03-15,2260.25,2222.5,2265.5,2216.5,3340.0,0.013300000000000001,0.01333781663304201,0.0069050005568549455,0.010845259391770945,0.1561277773163591,0.17380546173848,0.21788095647348746,8.114025442356757,0.0,1.0043323705843146,0.9858750490702104,0.9835928948412411,54.76892822025565,-11.821332943160542,0.493825068429084,-0.003981860413671101,0,0
2017-03-16,2244.75,2259.5,2286.25,2237.0,3340.0,-0.0069,-0.00685764849021131,0.004587155963302836,-0.005978080371969452,0.16012851933954425,0.1713122075992546,0.21210080889597524,8.114025442356757,0.0,0.9967964475457933,0.9804827977811102,0.9845464983017216,47.27272727272727,-11.987791963116706,0.3388161451640636,-0.0008909678137877242,0,0
2017-03-17,2294.0,2243.75,2294.75,2241.75,3340.0,0.0219,0.021940082414522832,0.02239554317548742,0.017069385945466697,0.20541244679013793,0.1955597718880107,0.22335944062148097,8.114025442356757,0.0,1.0154293663842164,1.002366820813458,0.9861137842603815,56.54761904761905,-8.052820631594386,0.8767076243385177,-0.04435483870967738,0,0
2017-03-20,2267.75,2290.5,2312.5,2261.5,3340.0,-0.011399999999999999,-0.01144289450741065,0.006993783303730128,0.00755303787626338,0.22331644930280442,0.2025795937016995,0.21767884856729064,8.114025442356757,0.0,1.002811162526256,0.9919334555647492,0.9876765321409436,52.69413629160063,-6.972112943004049,0.6329528948647702,-0.03230073861757243,0,0
2017-03-21,2269.75,2271.75,2299.75,2254.25,3340.0,0.0009,0.0008819314298313952,0.003758982863460547,-0.013688212927756682,0.22231671282960166,0.17653328397778795,0.19514673394930593,8.114025442356757,0.0,1.0031569144318344,0.9937790750706923,0.9876571845558437,44.10112359550562,-5.886406201880618,0.6572127439685085,-0.03987223262473838,0,0
2017-03-22,2366.0,2268.5,2372.75,2252.25,3340.0,0.0424,0.04240555127216661,0.04171711612548146,0.04771393778368216,0.3368894805212303,0.23723613427603016,0.23302795964272033,8.114025442356757,0.0,1.0394778133433753,1.0362875851345728,0.9913778269996653,66.82279469164715,2.709362967967081,1.3555317685511383,-0.08421386306001688,0,0
2017-03-23,2365.5,2367.75,2391.75,2336.5,3340.0,-0.0002,-0.00021132713440408235,0.060524546065904516,0.052268683274021344,0.298471814283556,0.2351167875426161,0.23287072010505033,8.114025442356757,0.0,1.0305265123226288,1.035490331264979,0.9944984592871915,68.92109500805154,9.373177981745812,1.1467434726510746,-0.0829634326780807,0,0
2017-03-24,2353.0,2364.0,2373.0,2337.0,3340.0,-0.0053,-0.0052842950750370266,0.04103528370755449,0.04822363292126064,0.306799142431171,0.2373136613145796,0.2222564430271443,8.114025442356757,0.0,1.019197747629287,1.0308043895707537,0.9986445567924968,66.92728694292416,13.490147830355909,0.9760527177620257,-0.06874203144921376,0,0
2017-03-27,2296.0,2346.0,2348.5,2280.5,3340.0,-0.0242,-0.024224394390140236,0.022831050228310446,0.02752293577981657,0.3515988897356111,0.2634386702714952,0.23878249779949823,8.114025442356757,0.0,0.9913644214162349,1.007625212573372,1.0023510419034034,58.39017735334243,12.014951582624235,0.6218293203629938,-0.051720383275261295,0,0
2017-03-28,2326.5,2298.0,2339.5,2276.0,3340.0,0.013300000000000001,0.013283972125435639,0.014167393199651324,0.03688022284122572,0.33595527491390026,0.2676556960876962,0.24242121166936695,8.114025442356757,0.0,1.0025239311767058,1.021552197299572,1.005478220414735,60.670535138620245,13.155296954542337,0.7749665524596411,-0.0868257038469804,0,0
2017-03-29,2343.75,2327.25,2351.25,2306.5,3340.0,0.0074,0.007414571244358514,0.033513394333590574,0.04074156305506227,0.32257563915203286,0.2683832219094639,0.24283680113678802,8.114025442356757,0.0,1.00525412824362,1.0288178745445766,1.0080533903566256,61.562696912413365,15.274880400295388,0.8460332293092713,-0.09045333333333339,0,0
2017-03-30,2328.0,2343.25,2356.5,2317.75,3340.0,-0.0067,-0.006719999999999948,0.025663619341337096,0.029519071310116107,0.32969401894812844,0.27142186798960083,0.23277623178332457,8.114025442356757,0.0,0.9949477218957491,1.0214184905412027,1.0096661607071038,58.27650340979541,15.505039733574904,0.7348148613977198,-0.10180412371134018,0,0
2017-03-31,2331.5,2324.75,2347.0,2302.5,3340.0,0.0015,0.0015034364261168331,-0.014581572273880017,0.02652724270776008,0.19056992182806945,0.2712440823608043,0.22189576863727217,8.114025442356757,0.0,0.9985468895789038,1.021795976801601,1.0104091232566244,57.59294265910524,15.787870667242714,0.7298700082578872,-0.09264422045893206,0,0
2017-04-03,2270.25,2336.0,2339.5,2269.0,3340.0,-0.0263,-0.026270641218099966,-0.04026632847178191,0.01782111634162753,0.23827347192303247,0.285067245637889,0.24140044960939924,8.114025442356757,0.0,0.9780140316327159,0.9955999619930272,1.0123115444091637,54.76333133612942,10.943503214507018,0.3874511172503986,-0.08809602466688693,0,0
2017-04-04,2314.25,2283.25,2317.5,2272.5,3340.0,0.0194,0.019381125426715107,-0.016468338291542706,0.023891162482026385,0.2822320699342674,0.2910585397811366,0.24983369001917582,8.114025442356757,0.0,0.9993522616862788,1.0141915975224962,1.0132994707758058,56.25724217844728,10.533317851656648,0.6140713147985801,-0.0860970076698715,0,0
2017-04-05,2314.0,2309.0,2340.25,2301.25,3340.0,-0.0001,-0.00010802635843143449,0.007839721254355503,0.030849760552400074,0.23673438049657033,0.288545297548985,0.24892964237718868,8.114025442356757,0.0,0.9981359666014512,1.0135601262935048,1.0149445575686153,58.31831831831832,10.07196672290911,0.5956802853021234,-0.09237251512532407,0,0
2017-04-06,2301.75,2309.0,2339.25,2285.25,3340.0,-0.0053,-0.005293863439930879,-0.010638297872340385,0.0033783783783782884,0.22277653837379552,0.27549651390323054,0.24994704624132205,8.114025442356757,0.0,0.9943685006325794,1.007227562466269,1.0142134074044749,51.02175346077785,8.618521061093816,0.5077455101284333,-0.08927989573150863,0,0
2017-04-07,2256.0,2300.5,2318.5,2220.75,3340.0,-0.0199,-0.019876181166503692,-0.03744000000000003,-0.005181347150259086,0.23693636239886812,0.28468210529824417,0.26026816115705625,8.114025442356757,0.0,0.97991095667282,0.9872401255930479,1.01387941754583,48.52664576802508,3.731992168661691,0.22780834353608057,-0.07635195035460995,0,0
2017-04-10,2252.75,2254.75,2272.0,2234.5,3340.0,-0.0014000000000000002,-0.0014406028368794122,-0.032323883161512024,-0.007489811653265788,0.23776145247110014,0.2846779402789351,0.2599311983297063,8.114025442356757,0.0,0.9830896792493999,0.9858574512778621,1.0133886892953003,47.875,-0.3982739683569889,0.21968010893552234,-0.07069137720563756,0,0
2017-04-11,2255.0,2253.75,2275.25,2217.75,3340.0,0.001,0.0009987792697814246,-0.03281149474587175,-0.04691462383770073,0.23723726840953285,0.20785824169700726,0.2594587136931029,8.114025442356757,0.0,0.9887872713605613,0.9867809280700154,1.0098563484104552,31.862745098039213,-3.4502115518512255,0.21332044560073823,-0.05886917960088689,0,0
2017-04-12,2243.25,2252.25,2258.5,2228.25,3340.0,-0.0052,-0.005210643015521099,-0.01189296333002976,-0.0516804058338618,0.1844332038882271,0.2074784727317505,0.2521444315826601,8.114025442356757,0.0,0.9853014996548911,0.9824703550820642,1.006887037260076,30.73286052009456,-6.739334028357462,0.15406547736890672,-0.06352390504847882,0,0
2017-04-13,2240.25,2243.25,2269.75,2235.25,3340.0,-0.0013,-0.0013373453694416337,-0.03197580209571138,-0.04791755206119852,0.11343448480842191,0.20757121676075635,0.24773604694100876,8.114025442356757,0.0,0.9885740402193783,0.981414349392708,1.0036235682133585,31.68155970755484,-9.478796549512936,0.13996988766789498,-0.05557415467023774,0,0
2017-04-18,2117.75,2247.5,2247.75,2098.5,3340.0,-0.0547,-0.054681397165494916,-0.08480985306828004,-0.07763501742160284,0.3153539090686535,0.2904258548404097,0.310985242108969,8.114025442356757,0.0,0.9462236902995198,0.9295171909290416,0.9999477479360435,26.1219022103148,-21.289158393159596,-0.24736088441350465,-0.006256640302207517,0,0
2017-04-19,2160.0,2118.5,2161.25,2114.75,3340.0,0.02,0.019950419076850467,-0.061583577712609916,-0.07156673114119927,0.3707710136929429,0.3000449080456875,0.3090786842650422,8.114025442356757,0.0,0.9739130434782609,0.9492384485517888,0.9959627022114891,28.37662337662337,-26.929309029712385,0.0159438059972636,-0.02256944444444442,0,0
2017-04-20,2157.5,2157.0,2186.5,2129.25,3340.0,-0.0012,-0.0011574074074074403,-0.04366134751773054,-0.07946666666666669,0.3642370951206298,0.2952688904527474,0.30745383140855553,8.114025442356757,0.0,0.9789971801769682,0.9492104578134796,0.991234350702441,24.848075624577987,-31.240773955448276,0.06807553757279979,-0.023870220162224842,0,0
2017-04-21,2142.75,2157.25,2183.75,2115.5,3340.0,-0.0068000000000000005,-0.006836616454229394,-0.0488292087448674,-0.07957474226804129,0.36275803386378025,0.29527686110085144,0.3076445970631215,8.114025442356757,0.0,0.9792870433845853,0.9441194937378145,0.9868745092300164,24.915368991198378,-35.439320276688704,0.07464518598020574,-0.033718352584295896,0,0
2017-04-24,2158.0,2150.0,2168.5,2133.0,3340.0,0.0070999999999999995,0.0071170225177925595,-0.04301552106430151,-0.07441561226678106,0.3701331125412254,0.2988852000879548,0.26382553759345456,8.114025442356757,0.0,0.9925424619731266,0.9521533387505378,0.9827708737894677,27.230971128608928,-37.10838853091764,0.1623763158553565,-0.04390639481000924,0,0
2017-04-25,2168.5,2152.75,2187.25,2143.5,3340.0,0.0049,0.004865616311399368,-0.03332218878858795,-0.044818852549278754,0.37595293888368275,0.2855122507075348,0.2653835336481059,8.114025442356757,0.0,1.0022945245051915,0.9580930920979964,0.9809022024874633,34.59500378501136,-37.15556863288157,0.22535640408199126,-0.03527784182614713,0,0
2017-04-26,2193.75,2167.5,2198.75,2156.25,3340.0,0.0116,0.011643993543924314,-0.020756611985269457,-0.052068704763962415,0.3885178554710785,0.275402207640235,0.2707727065607482,8.114025442356757,0.0,1.017088073121057,0.9703566636686669,0.9782158812539362,30.658105939004813,-34.754862802421485,0.32933937216834075,-0.04056980056980053,0,0
2017-04-27,2211.5,2189.25,2217.0,2182.0,3340.0,0.008100000000000001,0.008091168091168166,0.044268681383543784,-0.044295592048401056,0.13732186260006365,0.27962191191113306,0.26214560471187565,8.114025442356757,0.0,1.0189902580305423,0.9784820954515958,0.9752506173255686,34.422492401215806,-31.061946692489528,0.40650009855386904,-0.07020122089079806,0,0
2017-04-28,2251.25,2209.0,2259.5,2205.75,3340.0,0.018000000000000002,0.017974225638706764,0.04224537037037046,-0.021939828391441263,0.12931285930889888,0.29315460462678417,0.2659879604554724,8.114025442356757,0.0,1.031112492434528,0.9962017847923887,0.9737838862958709,42.91725105189341,-24.643713880519954,0.5670587200377749,-0.08495280399777905,0,0
2017-05-02,2242.75,2258.5,2276.0,2231.0,3340.0,-0.0038,-0.0037756801776790416,0.039513325608343086,-0.0058732269503546375,0.13613700264313008,0.28122253737120423,0.2641186138554841,8.114025442356757,0.0,1.0215212935549989,0.9924697240128035,0.9733937975054314,47.92482380579483,-20.012406533472586,0.554196633657578,-0.07546538847397166,0,0
2017-05-03,2192.25,2250.0,2250.0,2187.5,3340.0,-0.0225,-0.022516999219707956,0.023101155057752898,-0.02685606480967706,0.20914838630914415,0.29671099791324124,0.27321719800528194,8.114025442356757,0.0,0.9953139187962122,0.9715805218547449,0.9729417444225488,41.7462482946794,-20.184317796800315,0.3719228343312021,-0.04036948340745805,0,0
2017-05-04,2194.5,2191.25,2201.0,2162.75,3340.0,0.001,0.0010263427984946727,0.016913809082483855,-0.02682926829268295,0.20771986394432537,0.29671601905386047,0.2731294047085582,8.114025442356757,0.0,0.9939823352421625,0.9736312816114052,0.9720784406518974,41.7462482946794,-19.909498213404277,0.3962868479531519,-0.03679653679653683,0,0
2017-05-05,2179.25,2195.0,2195.5,2160.75,3340.0,-0.0069,-0.006949191159717483,0.004957343786027302,-0.028530034548088667,0.21400444420296744,0.2971975515728478,0.2600393813270852,8.114025442356757,0.0,0.9863888394949969,0.9681611195438896,0.9713502964400748,41.35135135135135,-20.68381907298408,0.3487167695933482,-0.019731559022599487,0,0
2017-05-08,2166.75,2185.75,2185.75,2151.0,3340.0,-0.005699999999999999,-0.005735918320523115,-0.012307692307692353,-0.03280883829929693,0.2020363604155673,0.297622011832667,0.24854412638258974,8.114025442356757,0.0,0.9824461969458973,0.9654565505564158,0.9718856073469478,40.31620553359684,-22.051918674386798,0.30697338511616185,-0.018114687896619408,0,0
2017-05-09,2169.25,2167.25,2190.75,2156.75,3340.0,0.0012,0.001153801776854646,-0.019104680081392766,0.024318262306693317,0.19195502766249997,0.1764023573738175,0.24876822646400837,8.114025442356757,0.0,0.9862789036113275,0.969396115116487,0.9763706471684783,59.922928709055874,-22.67305746552165,0.33626514904181976,0.006338596289040099,1,1
2017-05-10,2191.25,2171.75,2197.25,2153.5,3340.0,0.0101,0.010141754062463981,-0.026651860077734568,0.01446759259259256,0.15956284210790647,0.16105261445518632,0.2526534571413348,8.114025442356757,0.0,1.0001793166405843,0.981592572821514,0.9797287388269952,56.530825496342736,-21.14633649030793,0.4807807159646858,0.00604677695379352,1,1
2017-05-11,2177.25,2191.25,2218.75,2161.0,3340.0,-0.0064,-0.00638904734740442,-0.029205216809720214,0.009154113557358068,0.16030931928966666,0.1639612243502348,0.24497885677215034,8.114025442356757,0.0,0.9980517992207197,0.9770536188417612,0.9821021218671234,53.93818544366899,-20.826012803285266,0.41397434055819404,0.023998162820071167,1,1
2017-05-12,2124.5,2177.75,2183.25,2116.0,3340.0,-0.0242,-0.024227810311172382,-0.030904322043562527,-0.008517092521292735,0.1686399453948285,0.19341526597110745,0.2572328617666305,8.114025442356757,0.0,0.9782111788985546,0.9562712398442599,0.9844918995212695,46.83982683982684,-24.545690680366533,0.11274464901118154,0.0586020240056484,1,1
2017-05-15,2131.75,2129.0,2146.0,2124.75,3340.0,0.0034000000000000002,0.003412567662979482,-0.028594212804739172,-0.012164040778498642,0.1724449062827845,0.19119773376235344,0.2578007006691174,8.114025442356757,0.0,0.9856175693527082,0.962596425211665,0.9867867222147559,45.32502226179876,-26.601897670326252,0.1883371349844741,0.07177201829482827,1,1
2017-05-16,2091.0,2129.0,2131.75,2081.5,3340.0,-0.0191,-0.01911574997068133,-0.04049558334289316,-0.03573899008531245,0.19491920753296427,0.2040472454940474,0.2640370316522534,8.114025442356757,0.0,0.9724450645273806,0.947575924653137,0.9878108387183091,37.540192926045016,-31.16044277447918,-0.008020800951026807,0.1006695361071257,1,1
2017-05-17,2115.5,2088.0,2123.25,2086.75,3340.0,0.011699999999999999,0.011716881874701102,-0.02365293642552213,-0.035669515669515706,0.22155506217208837,0.2041455271771437,0.26902704387140186,8.114025442356757,0.0,0.9872004266524449,0.9618167903068146,0.9885032523871948,37.389202256244964,-32.42243175608655,0.14957922087954026,0.09040415977310334,1,1
2017-05-18,2070.25,2113.0,2115.25,2043.5,3340.0,-0.021400000000000002,-0.021389742377688536,-0.045637893281087916,-0.06387067601175678,0.2426769832684976,0.21259967261075025,0.20486479806221433,8.114025442356757,0.0,0.9725027681777003,0.9441053743663022,0.9869074673473885,29.089563286454478,-36.65136977009706,-0.02848723369208195,0.10807873445236083,1,1
2017-05-19,2115.0,2073.0,2135.25,2067.75,3340.0,0.0216,0.021615746890472076,-0.03479749001711352,-0.06052193225985558,0.2823464822576041,0.22051550478972493,0.2070798801839373,8.114025442356757,0.0,0.9986340871148883,0.9674431369858313,0.9854540464509931,30.123997082421596,-35.977160296514285,0.2371099574203301,0.1028368794326242,1,1
2017-05-22,2100.25,2117.0,2129.0,2093.75,3340.0,-0.006999999999999999,-0.006973995271867595,-0.03536571362957863,-0.06353806710511645,0.28249686308533534,0.22076870694406028,0.20814120886349546,8.114025442356757,0.0,0.9968470835522858,0.9638374521006859,0.9840051529663975,29.584527220630378,-36.21557554887522,0.1830340194888969,0.08879895250565406,1,1
2017-05-23,2096.25,2100.75,2127.75,2074.5,3340.0,-0.0019,-0.0019045351743840477,-0.013297246410920227,-0.04379062606910711,0.24835262975139566,0.2050827188192614,0.20715649963892224,8.114025442356757,0.0,0.9968580163043479,0.9650354479329712,0.983951425151591,34.13223140495869,-36.308743332931044,0.19211298555049164,0.08598688133571852,1,1
2017-05-24,2083.75,2091.0,2098.75,2072.0,3340.0,-0.006,-0.005963029218843174,-0.022516711621906937,-0.050467076782866216,0.2464426251391388,0.20448932209055262,0.20567840753820593,8.114025442356757,0.0,0.994155534351145,0.9618232522357918,0.9829076971686838,32.29416466826538,-36.965114179893135,0.16872857953971038,0.09670065986802645,1,1
2017-05-25,2093.5,2079.0,2104.0,2070.25,3340.0,0.004699999999999999,0.004679064187162574,0.0011956001912960534,-0.03934839967878856,0.22179943868041244,0.2067525229267283,0.2056056823139847,8.114025442356757,0.0,0.998637091553375,0.9686972213867616,0.9824878289006184,36.04556550040684,-36.28033220324096,0.24157645424035976,0.09839980893240985,1,1
2017-05-26,2122.25,2096.25,2130.5,2088.75,3340.0,0.0137,0.013732983042751279,0.003190735050815352,-0.020537671628014342,0.22645646101925315,0.2175808285881911,0.20741980409599484,8.114025442356757,0.0,1.0118859088974033,0.984015115510786,0.983029825313844,43.12210200927357,-33.03692373488684,0.39041234379410084,0.0910590175521262,1,1
2017-05-30,2100.75,2127.25,2127.25,2089.25,3340.0,-0.0101,-0.010130757450818706,0.014732520227025647,-0.0315777342399447,0.18735974370116798,0.2202704373762337,0.20641098316780476,8.114025442356757,0.0,0.9995581762876612,0.9761962848081414,0.9829259832745003,40.0,-31.83440229973894,0.3042507816177938,0.09877424729263362,1,1
2017-05-31,2115.75,2102.0,2122.75,2073.0,3340.0,0.0070999999999999995,0.007140307033202342,0.00035460992907809796,-0.03445521962350262,0.1377638740955569,0.21735943638210897,0.19611646485740145,8.114025442356757,0.0,1.0066440101954122,0.9850662879890122,0.9823143346009502,38.748137108792854,-29.332889468215853,0.4029306904366515,0.09476544960415922,1,1
2017-06-01,2104.5,2122.25,2128.75,2096.75,3340.0,-0.0053,-0.005317263381779513,0.0020235686227829675,-0.03341370995521875,0.1345199814243884,0.21702680192223286,0.19627794262086165,8.114025442356757,0.0,1.0010022593303547,0.9800299589422786,0.9800964850909358,39.06836964688205,-27.93617269744118,0.3527396541161346,0.08838203848895221,1,1
2017-06-02,2111.25,2103.25,2118.5,2079.5,3340.0,0.0032,0.0032074126870991204,0.007155635062611854,-0.006236761590962536,0.13446691986079948,0.19330194025683559,0.18380136841340536,8.114025442356757,0.0,1.0031903881073192,0.9839178845085849,0.980397650514276,47.689625108979946,-25.985056450282173,0.4164677377421489,0.09745411486086453,1,1
2017-06-05,2106.0,2108.0,2121.25,2087.5,3340.0,-0.0025,-0.00248667850799289,0.010677864427114603,-0.012079277588835424,0.1283299172104897,0.19267888585313167,0.18354094134456722,8.114025442356757,0.0,0.9991866612444082,0.9822570301416718,0.9803247649216128,45.47848990342406,-24.579081539257004,0.39812288016628516,0.09081196581196571,1,1
2017-06-06,2070.5,2103.25,2114.5,2066.25,3340.0,-0.0169,-0.016856600189933513,-0.010986386434201134,-0.009803921568627416,0.16582495190258612,0.18871343353416548,0.19007146486970594,8.114025442356757,0.0,0.9838775371665195,0.9667854752603154,0.9807434468129578,46.33273703041145,-26.029339582878492,0.16099323841684188,0.09695725670127997,1,1
2017-06-07,2063.25,2070.75,2090.25,2059.0,3340.0,-0.0034999999999999996,-0.0035015696691620413,-0.027800683237130364,-0.024698652800756338,0.12686452106577015,0.18025588333785816,0.18972964094859215,8.114025442356757,0.0,0.984375,0.9648230631641708,0.9804466801275274,40.03813155386082,-27.44729856767708,0.13748357365267572,0.07185265963891929,1,1
2017-06-08,2092.0,2062.75,2111.25,2060.25,3340.0,0.0139,0.013934326911426043,-0.004165179102701422,0.010505977538944666,0.1566341622625796,0.1673967171084013,0.19762808930914927,8.114025442356757,0.0,0.998687194175916,0.9794351393424394,0.98234455129009,54.425228891149544,-25.95199807351446,0.37889798535731545,0.059512428298279074,1,1
2017-06-09,2104.75,2093.75,2133.25,2085.75,3340.0,0.0060999999999999995,0.006094646271510573,-0.005199101973295539,-0.004846335697399562,0.15458901697769364,0.14082327624821503,0.1950658316770725,8.114025442356757,0.0,1.0055281612039106,0.9867750190463167,0.9833676120523416,47.602339181286546,-23.467623064429972,0.5552227642589559,0.06651621332699853,1,1
2017-06-12,2056.25,2099.75,2108.5,2052.75,3340.0,-0.023,-0.02304311675971016,-0.022927061059634157,-0.02094988691822397,0.20513088029659332,0.1692052823726591,0.2080540199491138,8.114025442356757,0.0,0.9856032593809916,0.9663812888217003,0.9842822118703906,41.111111111111114,-25.122683976806,-0.007084369996498,0.09799392097264437,1,1
2017-06-13,2060.0,2057.5,2084.0,2055.5,3340.0,0.0018,0.0018237082066869803,-0.024274718768502068,-0.01729278473464524,0.20346667189570672,0.16975308620316826,0.19301896880218664,8.114025442356757,0.0,0.9908780127467317,0.971053034737144,0.9860195074812723,42.669362992922146,-25.833940429786253,0.08200058553073154,0.12754854368932045,1,1
2017-06-14,2073.5,2058.5,2085.5,2053.25,3340.0,0.0066,0.006553398058252391,-0.015432098765432056,-0.004919016196760606,0.21227289861451204,0.17123318905473855,0.1943073042199212,8.114025442356757,0.0,0.9996040013085175,0.9800230019063223,0.9883026753782823,47.93554884189325,-25.019865680073053,0.26638341925053877,0.11345551000723408,1,1
2017-06-15,2103.75,2075.0,2114.5,2071.5,3340.0,0.0146,0.01458885941644561,0.016058922965467293,0.004896106997850591,0.20442658766966307,0.1816606467794302,0.19029005604462673,8.114025442356757,0.0,1.0118699969079603,0.9957087300522999,0.9900291080626967,51.906976744186046,-21.683825740211432,0.6440244528798859,0.0948306595365418,1,1
2017-06-16,2113.75,2099.75,2123.25,2097.25,3340.0,0.0048,0.004753416518122444,0.02447594814007026,-0.00400518317823062,0.20046403363129567,0.17266680976362553,0.18654477152034296,8.114025442356757,0.0,1.013164201588606,1.0017179077068894,0.9910042566875694,48.300000000000004,-18.025289311656252,0.7431358639627285,0.10100532229450021,1,1
2017-06-19,2136.25,2110.5,2149.5,2109.75,3340.0,0.0106,0.010644589000591287,0.02115200764818348,0.016898726645245832,0.19416522759091848,0.17207421477369778,0.1726984168150823,8.114025442356757,0.0,1.020855733620057,1.01306892504436,0.9928803743688962,57.07171314741036,-13.158626419635311,0.9725957608906068,0.09093036863662962,1,1
2017-06-20,2127.5,2132.25,2147.0,2113.0,3340.0,-0.0040999999999999995,-0.0040959625511994835,0.010808884665637342,0.005553586198747462,0.19707978251527733,0.1712228402394393,0.15734614149582374,8.114025442356757,0.0,1.015097812010088,1.009545803247313,0.9938950470059351,52.400408580183864,-9.893763738768484,0.837597884581631,0.09858989424206821,1,1
2017-06-21,2183.0,2127.0,2187.5,2117.75,3340.0,0.026099999999999998,0.026086956521739202,0.06164133738601829,0.03730102162033733,0.1549869346205319,0.2001190651829268,0.17830008586439228,8.114025442356757,0.0,1.0326569917723978,1.0356565365045602,0.9963390672133027,63.581314878892734,-2.7957230202682695,1.1865399385487128,0.08165368758589087,1,1
2017-06-22,2204.5,2180.5,2209.0,2175.5,3340.0,0.0098,0.009848831882730114,0.07014563106796112,0.0441681468324453,0.14750102302150497,0.2024204021727034,0.1797810007731943,8.114025442356757,0.0,1.032742726162392,1.0456374459473348,0.9992896500086393,65.34979423868313,4.512379799300106,1.1510264373932015,0.07246541165797238,1,1
2017-06-23,2229.5,2202.75,2229.75,2186.25,3340.0,0.0113,0.011340440009072417,0.07523510971786829,0.058641975308642014,0.14590632669009312,0.20343159859227203,0.1795566555510847,8.114025442356757,0.0,1.0336628417200668,1.0566225518654992,1.0026455339899492,69.08809891808346,12.180980244269449,1.1263780885774977,0.05763624130971068,1,1
2017-06-26,2249.0,2224.5,2257.25,2216.25,3340.0,0.0087,0.008746355685131268,0.06904337492572776,0.08621106013040336,0.14313449084947297,0.1797977301977111,0.180504664749988,8.114025442356757,0.0,1.032768065076918,1.0637719204890796,1.006708121540148,79.02439024390245,19.605883951931446,1.08352370353654,0.053023566029346325,1,1
2017-06-27,2284.75,2251.75,2293.5,2240.5,3340.0,0.0159,0.01589595375722541,0.08089887640449445,0.10735490124803104,0.14284315709358394,0.17879214007954083,0.18220036781323123,8.114025442356757,0.0,1.0375458172499918,1.0780809474938362,1.0117509862705742,82.96130952380952,28.051539176431106,1.0881624017618767,0.045847466900098555,1,1
2017-06-28,2301.5,2284.5,2303.5,2271.25,3340.0,0.0073,0.007331217857533545,0.07735517846693973,0.1001434034416826,0.14476410185195657,0.176269277854872,0.17556117099691687,8.114025442356757,0.0,1.0340666570387842,1.082400893574494,1.0154499925815403,82.33024691358025,35.68501219646441,1.033625922213738,0.024875081468607396,1,1
2017-06-29,2306.75,2301.75,2322.75,2296.25,3340.0,0.0023,0.002281121008038234,0.0842538190364277,0.09597339351466916,0.12031381945632148,0.17734536103080098,0.17541720797572105,8.114025442356757,0.0,1.024636715527635,1.081627070959675,1.019180100924396,81.91153238546603,41.677790064621604,0.967469287095834,0.024276579603337956,1,1
2017-06-30,2294.0,2306.25,2315.25,2277.0,3340.0,-0.0055000000000000005,-0.005527256963259952,0.05084745762711873,0.1156231003039514,0.11004531789581756,0.12971767509420679,0.17556194523215143,8.114025442356757,0.0,1.0118462507876496,1.0719000058407804,1.0235633766385475,92.3419412288513,44.88093181244176,0.8783332745380874,0.017436791630339954,1,1
2017-07-03,2332.5,2289.0,2336.5,2285.75,3340.0,0.0168,0.016782911944202228,0.058063052846450525,0.13228155339805836,0.12419327101033713,0.13169772695249568,0.18084083565267664,8.114025442356757,0.0,1.0205963245405676,1.0862099074451366,1.0291718293930299,93.18541996830427,49.95027726372609,0.9207359379407831,0.004608788853161849,1,1
2017-07-04,2286.75,2334.75,2335.25,2285.75,3340.0,-0.0196,-0.01961414790996785,0.02567840322942372,0.1028454304316373,0.20383555295293215,0.1791534247942044,0.19843578200810869,8.114025442356757,0.0,0.9970103237258842,1.0618308175102833,1.0332738719426076,80.66139468008626,49.70318008437653,0.7735920529760639,0.03957581720782777,1,1
2017-07-05,2276.5,2285.5,2302.0,2242.5,3340.0,-0.0045000000000000005,-0.004482343937903144,0.012227656736327308,0.08211527035056454,0.20552543232214063,0.18190073995985614,0.18630479171701617,8.114025442356757,0.0,0.9908442275108423,1.0541303945175033,1.0361128383563094,76.35392829900839,48.1255036038674,0.7240933865525815,0.10355809356468271,1,1
2017-07-06,2285.25,2273.5,2296.5,2256.5,3340.0,0.0038,0.0038436195914781646,0.00021884232410540605,0.08113542282672981,0.18223360407907885,0.18203475025248836,0.1840073264768341,8.114025442356757,0.0,0.9946217337913669,1.054901176343871,1.0385551292351622,76.26339969372128,47.0389991977263,0.7234628707762002,0.05283885789300946,1,1
2017-07-07,2299.5,2285.0,2307.25,2273.0,3340.0,0.0062,0.006235641614702914,-0.0008689984792527028,0.07641895845523705,0.180515105927662,0.18064495604618108,0.18117784385833874,8.114025442356757,0.0,1.0009483093664984,1.0581251773511975,1.0406393079276943,75.64807541241163,46.788444472712854,0.7362310394709034,0.025766470971950506,1,1
2017-07-10,2315.5,2294.25,2319.5,2272.25,3340.0,0.006999999999999999,0.006958034355294629,0.0037932155630215902,0.08836662749706226,0.1851925417347654,0.17547324490475139,0.1812936997128383,8.114025442356757,0.0,1.0073648228713488,1.0623387050524746,1.0437247560605938,78.87864823348694,47.33529254317,0.7566643076731421,0.012740228892247796,1,1
2017-07-11,2308.25,2315.75,2341.0,2303.75,3340.0,-0.0031,-0.0031310732023320798,0.006211857018308731,0.057375171781951506,0.18240008112525022,0.1534385478322019,0.1540973822200938,8.114025442356757,0.0,1.0033221044134313,1.055662480705833,1.0445147397907655,72.58791704238052,46.64595365201103,0.7186211662480555,0.049388064551066924,1,1
2017-07-12,2316.25,2309.0,2345.75,2307.0,3340.0,0.0034999999999999996,0.0034658290913029965,-0.006966773847802754,0.05069176684055332,0.14810058677898197,0.15112373582479408,0.15369952280495613,8.114025442356757,0.0,1.0078163848831427,1.0560931960925122,1.044971283318922,71.18483412322274,46.21247214296045,0.7267449179972608,0.030221262817053507,1,1
2017-07-13,2290.5,2316.5,2330.5,2285.25,3340.0,-0.0111,-0.011117107393416092,0.0016398819285010635,0.027360394707333535,0.10591978771111273,0.15861967842538732,0.16421077644626955,8.114025442356757,0.0,0.9963801326766822,1.0414085499619217,1.0440066316033898,61.53119092627599,43.29208096472439,0.6229464724969297,0.030342719930146256,1,1
2017-07-14,2317.0,2295.5,2319.0,2266.5,3340.0,0.0116,0.011569526304300304,0.017790467823413092,0.030235660293463695,0.11878387923651702,0.1613835818023451,0.16226490299500948,8.114025442356757,0.0,1.005377427203273,1.0501824335043097,1.0429627934934749,62.52302025782689,42.62462826422916,0.706810690981887,0.0038843331894691246,1,1
2017-07-17,2297.25,2316.75,2332.75,2289.75,3340.0,-0.0085,-0.008523953388001715,0.005251066622907752,0.00547105810263715,0.13516048825636073,0.15424422056715537,0.1685627863003199,8.114025442356757,0.0,0.9960667110581167,1.0382307857441464,1.0403613838772905,52.44618395303326,40.04044591182719,0.6057702321031707,0.0389596256393514,1,1
2017-07-18,2271.25,2301.25,2308.25,2264.5,3340.0,-0.0113,-0.011317880074001474,-0.012285279408567051,-0.013143601998696464,0.14599973879815922,0.15831774290405354,0.17475224698915928,8.114025442356757,0.0,0.9865196078431373,1.0233852254038345,1.0362509615106097,44.287063267233236,35.48542616664827,0.4273412356738634,0.04744083654375353,1,1
2017-07-19,2211.5,2273.75,2276.0,2209.5,3340.0,-0.0263,-0.02630709961474964,-0.04491470524724683,-0.0412918608431776,0.19204433701925527,0.19039879868340417,0.201044368120381,8.114025442356757,0.0,0.9668061453909568,0.9942491055204841,1.030889983702677,35.0822239624119,26.74590441567716,-0.015280475722485667,0.08546235586705864,1,1
2017-07-20,2216.5,2211.25,2234.25,2203.5,3340.0,0.0023,0.002260908885372004,-0.039748727390880534,-0.03378378378378377,0.19860665592087537,0.19121301435514826,0.18089242816654036,8.114025442356757,0.0,0.9745764042650085,0.9946412478076982,1.0264860507369287,37.56019261637239,19.992764531974444,-0.00332519837578572,0.0835777126099706,1,1
2017-07-21,2244.75,2215.5,2254.25,2214.75,3340.0,0.0127,0.012745319196932003,-0.030868861305990314,-0.03762057877813507,0.22292790281693695,0.1839988113719866,0.1829867186622579,8.114025442356757,0.0,0.9914504298446251,1.0052132117787986,1.0215341524279364,35.43568464730291,16.727566451785606,0.18951917991520972,0.06570887626684496,1,1
2017-07-24,2257.75,2242.25,2265.25,2238.25,3340.0,0.0058,0.0057912907896202626,-0.01429818816852213,-0.012681753580408905,0.22455829096704866,0.16966653325336922,0.17999235849384423,8.114025442356757,0.0,0.9992570814365199,1.0080028573660889,1.0175460136394585,44.59962756052142,15.015772326831211,0.2827561657558158,0.03244380467279373,1,1
2017-07-25,2322.75,2252.75,2323.75,2252.75,3340.0,0.0288,0.028789724283025064,0.0024816573154942123,0.020316274983527283,0.28405087004925145,0.20985202650947382,0.20322845062733716,8.114025442356757,0.0,1.0276518084282713,1.0329837304969796,1.0150518051048014,57.153905645785,18.68868835626199,0.7645993181859062,0.012269938650306678,1,1
2017-07-26,2308.75,2316.5,2347.5,2304.25,3340.0,-0.006,-0.0060273382843611945,0.005005985417346759,0.01028333880319443,0.28110259991614145,0.21190097265944896,0.19793942933250647,8.114025442356757,0.0,1.0207158985047289,1.0231893371151268,1.0122681422414406,53.57686453576864,20.23654349776689,0.6555518789636434,0.016350839198700617,1,1
2017-07-27,2303.25,2311.75,2334.0,2298.0,3340.0,-0.0024,-0.0023822414726584196,0.014089157952669185,0.0016307893020222064,0.2697435775517791,0.2107779097971783,0.19661550927394594,8.114025442356757,0.0,1.0162304407431335,1.017752394419098,1.0094119726478354,50.586395621579356,20.77988819840175,0.6160335608205971,-0.016498426136980382,0,0
2017-07-28,2327.25,2307.0,2327.75,2289.25,3340.0,0.0104,0.010420058612829797,0.05234004069635989,0.0050744979486072594,0.183324967340784,0.21342535371479934,0.1997449049021346,8.114025442356757,0.0,1.019382391590013,1.0251337075063414,1.0066173351211694,51.792524790236456,22.88330768524247,0.7743002402331327,-0.0207326243420346,0,0
2017-07-31,2330.5,2321.0,2346.0,2320.0,3340.0,0.0014000000000000002,0.0013964980126759396,0.05143243852921264,0.00963933716018639,0.18440714980821366,0.21281817898263408,0.19855029989596573,8.114025442356757,0.0,1.0135756446101274,1.0236456808199121,1.0044525203932233,53.43629343629344,24.529766739773095,0.7997311410617939,-0.008474576271186418,0,0
2017-08-01,2337.25,2327.0,2339.75,2301.5,3340.0,0.0029,0.00289637416863342,0.04120726138768238,0.009066378845115963,0.18152064957161865,0.21269196424556697,0.19013797252446377,8.114025442356757,0.0,1.0107027027027027,1.0234674626604243,1.0020341213164132,53.25581395348837,26.078647574635852,0.8156257216229899,-0.01711412985346028,0,0
2017-08-02,2361.25,2334.0,2364.0,2321.5,3340.0,0.0103,0.01026847791207608,0.045842099435278394,0.030888452302990643,0.18344705031241146,0.20892371025450485,0.17881108930316122,8.114025442356757,0.0,1.0145939475784176,1.031293675751223,1.0016409603673755,61.02883865939205,28.909495549817166,0.9185554547501023,-0.015775542615140248,0,0
2017-08-03,2364.25,2353.5,2386.5,2344.25,3340.0,0.0013,0.0012705134992059275,0.017866752771499295,0.020392749244712904,0.09666912332677051,0.20454705453690586,0.17745560202334765,8.114025442356757,0.0,1.0133016990662789,1.030207958865758,1.000787451815263,57.947855340622375,31.037259683650973,0.8852031129195489,0.0006344506714603959,1,1
2017-08-04,2358.0,2361.75,2374.75,2348.75,3340.0,-0.0026,-0.002643544464417946,0.021331889550622707,0.026444662095984395,0.08555361597548117,0.20042979545378958,0.17796507035599707,8.114025442356757,0.0,1.0075846597585727,1.0255703956071835,1.0008103203224712,60.70484581497797,31.852034891826406,0.8152649091769383,0.016221374045801484,1,1
2017-08-07,2368.25,2364.25,2389.75,2345.0,3340.0,0.0043,0.004346904156064424,0.02822099207641382,0.04270776004402865,0.07673974661830217,0.19114740492312768,0.1774584728450118,8.114025442356757,0.0,1.0079650994877407,1.0282507543906623,1.0020913084064809,68.09701492537314,32.945069201458864,0.8407027422007914,0.023751715401667983,1,1
2017-08-08,2389.5,2369.25,2395.0,2342.5,3340.0,0.009000000000000001,0.008972870262852206,0.026748308088946127,0.08048835631924023,0.07199418042165465,0.1370227505552719,0.1783794086744734,8.114025442356757,0.0,1.0131746320188988,1.035906662186914,1.0060863735525316,88.77995642701525,35.1211494246586,0.9019516638836487,0.0312826951245031,1,1
2017-08-09,2358.75,2386.5,2421.5,2348.0,3340.0,-0.0129,-0.012868801004394248,0.012121862261317284,0.06417775772614487,0.12398977787302438,0.15761299466680964,0.18468365705815568,8.114025442356757,0.0,0.9984277918033531,1.0217304985019673,1.0096559939356748,77.86483839373165,33.97282311035997,0.7308476128320182,0.044197138314785445,1,1
2017-08-10,2362.75,2358.25,2394.5,2353.75,3340.0,0.0017000000000000001,0.0016958134605193909,0.010910257781580945,0.052567101013475837,0.12373213469598011,0.15331874182557542,0.1844991146801273,8.114025442356757,0.0,0.9985811534920228,1.022636282975178,1.0124882907782344,75.54112554112554,33.005070891346804,0.7284222190451691,0.053327690191514066,1,1
2017-08-11,2334.0,2363.25,2368.5,2327.0,3340.0,-0.012199999999999999,-0.012168024547666967,-0.011540497617787193,0.03377256117816407,0.13058428792293406,0.16692063494473758,0.18540327173855112,8.114025442356757,0.0,0.9880560007257113,1.0096101854989294,1.014260275256476,65.45086119554205,29.57728700589405,0.5852787291246494,0.06491002570694082,1,1
2017-08-14,2343.25,2338.25,2349.0,2329.25,3340.0,0.004,0.003963153384747287,-0.0088823094004441,0.008825745344957392,0.13404776130097723,0.11654144644561867,0.18175601104049366,8.114025442356757,0.0,0.9932332192921371,1.0134543370684466,1.0147363890106007,55.366492146596855,27.292529978763014,0.6184170682994948,0.06049290515309935,1,1
2017-08-15,2377.25,2344.5,2388.75,2342.5,3340.0,0.014499999999999999,0.014509762082577593,0.008163698049194146,0.029669734704926842,0.1629214893536433,0.12591644348090597,0.1846793344028829,8.114025442356757,0.0,1.0064716110985106,1.0268196199683968,1.0155275814212028,66.23222748815166,27.903702906466606,0.7545721357021967,0.03722788936796717,1,1
2017-08-16,2512.25,2381.5,2517.5,2374.0,3340.0,0.056799999999999996,0.05678830581554317,0.06080439142826988,0.09074134375339193,0.37333211803383,0.26181663100822133,0.25967815694039803,8.114025442356757,0.0,1.0544437948764072,1.0814601703245061,1.0185186134203574,80.69016152716594,38.83378194775605,1.2112172453846783,-0.010946362822171318,0,0
2017-08-17,2406.0,2515.5,2535.5,2400.5,3340.0,-0.042300000000000004,-0.042292765449298386,0.006905210295040876,0.033838221076377684,0.48250544311030713,0.3320214545842454,0.2882470858832612,8.114025442356757,0.0,1.008850352666337,1.033930777632545,1.0191741507073921,59.31401537551744,38.478900490672004,0.760111597684175,0.034600997506234465,1,1
2017-08-18,2358.75,2397.75,2453.0,2356.5,3340.0,-0.0196,-0.019638403990024922,0.0,0.012121862261317284,0.4925050068473765,0.34520821734051493,0.2998319326561953,8.114025442356757,0.0,0.9890381418751965,1.0127664751218324,1.0191762924675956,53.0262453133369,33.99312270531345,0.523442713449468,0.07090620031796502,1,1
2017-08-21,2345.0,2360.0,2397.5,2344.0,3340.0,-0.0058,-0.005829358770535253,-0.007512432546820436,0.003315862659107882,0.4937468159795837,0.3463008457119918,0.2992339752980272,8.114025442356757,0.0,0.9843192516415316,1.0064377682403434,1.018983752299203,50.817941952506594,28.994372329829275,0.4242062594251339,0.10788912579957355,1,1
2017-08-22,2422.25,2355.0,2422.75,2321.0,3340.0,0.0329,0.03294243070362479,0.03781062553556125,0.025833774483853933,0.5229366569987524,0.37122024309174184,0.31750569260436995,8.114025442356757,0.0,1.0113929524746865,1.0378995629445538,1.0191915698492955,55.787476280834916,30.9099454278994,0.8217411951456173,0.052017752089998925,1,1
2017-08-23,2386.25,2415.75,2421.25,2377.25,3340.0,-0.0149,-0.014862214882856883,0.018350581457377668,0.009305276514750993,0.537671063225731,0.37814329989856565,0.30968375629208905,8.114025442356757,0.0,0.9938123782183815,1.0214528280349295,1.0188462620365766,51.96428571428571,29.186705599573997,0.6074616659940483,0.08580408590885291,1,1
2017-08-24,2360.0,2384.75,2407.0,2346.5,3340.0,-0.011000000000000001,-0.011000523834468257,-0.007256283520874929,0.0008481764206955678,0.536696669830716,0.38131989328306176,0.31167250873432495,8.114025442356757,0.0,0.9838896995324736,1.0092155059975625,1.0178979971470725,50.17241379310344,25.409959801318564,0.43892529542352327,0.07436440677966094,1,1
2017-08-25,2326.0,2368.0,2377.75,2320.25,3340.0,-0.0144,-0.014406779661017,-0.0741367300228879,-0.017840177346141628,0.3571783279645158,0.3857612714366545,0.3161783629343343,8.114025442356757,0.0,0.9805923182317781,0.9945483698556922,1.0164770558143086,46.50103519668737,19.449148024322312,0.2349043840930793,0.08233018056749786,1,1
2017-08-29,2386.75,2345.25,2408.25,2338.5,3340.0,0.026099999999999998,0.026117798796216674,-0.008000831255195351,-0.0011508683825067756,0.3386194607594091,0.4009251713484099,0.3267852034843301,8.114025442356757,0.0,1.0073711184805547,1.0192236519956728,1.0150981975093745,49.78624174115818,19.403507480814824,0.5852779354732838,0.0719597779407144,1,1
2017-08-30,2379.0,2385.25,2408.5,2364.75,3340.0,-0.0032,-0.003247093327746975,0.008585055643879125,0.008585055643879125,0.31402111060575266,0.3968984394935036,0.3271819985882428,8.114025442356757,0.0,1.0028755965733729,1.0143583511880017,1.01416038898051,51.63240628778718,18.528393009624324,0.5252983331800621,0.07566204287515754,1,1
2017-08-31,2400.5,2380.75,2402.25,2371.25,3340.0,0.009000000000000001,0.009037410676755009,0.0236673773987206,0.0159771452756321,0.31233510620966337,0.3984038557154849,0.32827727149822034,8.114025442356757,0.0,1.0085680416547875,1.0207835007707435,1.0125900782893287,52.959623676989416,19.346711950889585,0.6471552772249501,0.06894397000624863,1,1
2017-09-01,2401.75,2398.5,2414.0,2381.25,3340.0,0.0005,0.0005207248489897953,-0.008463205697182397,0.02902742073693232,0.2350373467761604,0.3936218087158145,0.3267199237727652,8.114025442356757,0.0,1.0103363831673202,1.0186402578675036,1.0119905965609586,55.55100368701351,19.867084774377872,0.642356151432494,0.055896741958988194,1,1
2017-09-04,2392.25,2408.0,2419.0,2384.25,3340.0,-0.004,-0.00395544915166024,0.0025144054478785094,0.020911127707244237,0.21664471488669484,0.3944173489214124,0.32716863733837853,8.114025442356757,0.0,1.0059773222197192,1.0124997354739953,1.011366052596839,54.01310401310401,19.290543997630266,0.5731385554951157,0.06427003866652736,1,1
2017-09-05,2331.0,2393.25,2407.0,2323.75,3340.0,-0.0256,-0.02560351133869787,-0.012288135593220284,-0.01945525291828798,0.26199794825127126,0.40583904506550456,0.33961023399113105,8.114025442356757,0.0,0.9819314266801065,0.9855576969829363,1.0089252053496873,46.37397099176794,13.732963115590337,0.21300215833956998,0.0711068211068211,1,1
2017-09-06,2351.25,2337.25,2365.75,2315.25,3340.0,0.0087,0.008687258687258614,0.010855546001719674,-0.06408597870434873,0.2511821514393106,0.313680953970937,0.3406948331140301,8.114025442356757,0.0,0.9889589905362776,0.9937203495190767,1.0036598171298965,34.608030592734224,10.837616691022959,0.34775080465060215,0.06879319510898463,1,1
2017-09-07,2346.5,2351.0,2364.75,2317.25,3340.0,-0.002,-0.002020202020202033,-0.01686393631507277,-0.024729842061512852,0.18375495601520295,0.2619952548794078,0.3391203858279923,8.114025442356757,0.0,0.9893538526404554,0.991185705636361,1.0013310952293788,42.94187425860024,8.066759900366833,0.32457746935914444,0.055827828681014324,1,1
2017-09-08,2265.25,2344.0,2358.5,2258.25,3340.0,-0.0346,-0.03462603878116344,-0.04781420765027322,-0.03963963963963968,0.26744751051452725,0.2883237943344094,0.3569075905456079,8.114025442356757,0.0,0.9616854171088941,0.9573771184649846,0.999044539839519,39.73655323819978,-0.6775496638260847,-0.04136503446036317,0.08961483279991178,1,1
2017-09-11,2279.0,2272.0,2297.5,2257.5,3340.0,0.0060999999999999995,0.006069970201964425,-0.05061445532180797,-0.02814498933901921,0.2605468317670517,0.29025906414724467,0.3577503378158884,8.114025442356757,0.0,0.974705199486772,0.9638435322602814,0.9977303084877299,42.75521405049397,-6.423916990030648,0.07432341859870001,0.09850811759543654,1,1
2017-09-12,2310.75,2279.5,2320.0,2257.0,3340.0,0.0139,0.013931548924967174,-0.0378890392422192,-0.046031582206626065,0.2883428106719687,0.25512538145093866,0.3593436561912979,8.114025442356757,0.0,0.9938099041533546,0.9775435380384967,0.9946389540798339,36.402439024390254,-8.320086069079025,0.23951919665437976,0.07140538786108408,1,1
2017-09-13,2297.25,2308.5,2325.25,2275.0,3340.0,-0.0058,-0.0058422590068160085,-0.03971156860696001,-0.037297014143530594,0.28817912690571335,0.24997821891974686,0.359505932359145,8.114025442356757,0.0,0.9938044620233608,0.9723809523809523,0.992509448223734,38.516129032258064,-10.787795905153416,0.20695930074904223,0.08238110784633812,1,1
2017-09-14,2324.0,2294.5,2326.25,2271.5,3340.0,0.0116,0.011644357383828519,-0.0030030030030030463,-0.015254237288135575,0.2655130459307555,0.25365404242666295,0.3581126997773581,8.114025442356757,0.0,1.0058117967107705,0.9842209838680648,0.9919423511576001,45.36082474226804,-10.464345823387248,0.3330373914475532,0.06723321858864018,1,1
2017-09-15,2365.75,2324.75,2367.75,2310.25,3340.0,0.018000000000000002,0.017964716006884762,0.006166932482722043,0.017089423903697387,0.28391148855837967,0.2575839359381404,0.2999226916979031,8.114025442356757,0.0,1.0229638323501251,1.0018810193501484,0.9931237676449546,55.02210991787745,-6.761194382420399,0.5840433102780032,0.026524358025995953,1,1
2017-09-18,2396.25,2364.25,2408.0,2364.25,3340.0,0.0129,0.01289231744689845,0.021201789899850887,0.003980307950141482,0.2912154191385544,0.23830726964122567,0.2672429474611152,8.114025442356757,0.0,1.0329776915615907,1.0142499382737822,0.9928750308631088,51.299589603283174,-1.3497658245983075,0.7457734054616156,0.00657276995305156,1,1
2017-09-19,2424.5,2391.5,2452.25,2379.0,3340.0,0.0118,0.011789254042775088,0.07030129124820661,0.0191256830601092,0.12283417295706289,0.24236342843459063,0.2603154545835502,8.114025442356757,0.0,1.0350053361792957,1.0253934128676405,0.9934622094560064,55.89378238341968,5.158900604745213,0.8621156330055927,-0.0010311404413281267,0,0
2017-09-20,2464.25,2422.25,2472.75,2422.25,3340.0,0.016399999999999998,0.016395133017117036,0.08128565160157963,0.02655696729847956,0.125338137811233,0.24874674068544558,0.263857852314314,8.114025442356757,0.0,1.0402225203901645,1.0411077547054226,0.9943402148032581,57.88497217068646,13.370432415715186,1.0213902838612687,0.0061884954854418694,1,1
2017-09-21,2463.0,2442.25,2510.25,2423.75,3340.0,-0.0005,-0.0005072537283149492,0.06588769879909129,0.025502237951493756,0.14130426424398052,0.24890255934890504,0.2395491316132023,8.114025442356757,0.0,1.0302360322677024,1.0390541780482403,0.9947281906951586,57.57575757575758,19.55188403495731,0.9524198276347962,-0.006597645148193276,0,0
2017-09-22,2488.75,2458.5,2489.75,2374.0,3340.0,0.0105,0.010454730004060053,0.08336053977581881,0.040338593374438236,0.09459709010798355,0.24982032956567926,0.23455631613200503,8.114025442356757,0.0,1.02922931497947,1.0480602200347424,0.9958715285872205,61.47443519619501,26.22621924621535,0.9814059004501957,-0.008136614766449002,0,0
2017-09-25,2485.5,2473.0,2511.0,2465.5,3340.0,-0.0013,-0.0013058764439980441,0.06949225473321863,0.06628056628056633,0.12185971752317266,0.2148120842688771,0.23009061969240105,8.114025442356757,0.0,1.0181706460674156,1.0444703583472532,0.998395639260463,71.3103448275862,30.89726570237235,0.908215507047905,0.00844900422450201,1,1
2017-09-26,2485.0,2487.75,2512.0,2460.5,3340.0,-0.0002,-0.00020116676725001614,0.050406847722709536,0.056884635832004316,0.11862147150455975,0.21490835935044508,0.2220035147865876,8.114025442356757,0.0,1.0109110985195193,1.0421909075658446,1.000423886212764,69.51130561633843,34.16492585232572,0.8643865255934216,0.004024144869215318,1,1
2017-09-27,2465.75,2474.5,2487.5,2447.75,3340.0,-0.0077,-0.007746478873239426,0.02900365153886275,0.050820370764969036,0.13899071560274978,0.21936834066236685,0.20863828821872107,8.114025442356757,0.0,0.9990449592660657,1.0328397595660461,1.0027555957143157,66.68999300209937,34.8001020284737,0.7711946720481391,0.018351414376964303,1,1
2017-09-28,2484.75,2463.25,2489.5,2446.0,3340.0,0.0077,0.007705566257731,0.024850484636007364,0.096898797042269,0.13149094889332938,0.13259907177974442,0.20885882916324128,8.114025442356757,0.0,1.003244505969891,1.0411981618314639,1.0097106460926946,87.20338983050847,36.41683433709704,0.8084788632066228,0.01338162793037534,1,1
2017-09-29,2489.25,2485.75,2514.25,2467.5,3340.0,0.0018,0.0018110473890733392,0.010145074566298096,0.09225537516454585,0.09592248830328111,0.13418823379087122,0.20735379300348225,8.114025442356757,0.0,1.0036142149521945,1.0418723077727978,1.0148235991698784,86.7891513560805,37.62747264912878,0.7967510498921757,0.010947072411368941,1,1
2017-10-02,2526.0,2488.75,2547.75,2485.5,3340.0,0.0148,0.01476348297680019,0.025578562728379994,0.09315157416423236,0.1227778800329775,0.13514168088983633,0.21205258533142574,8.114025442356757,0.0,1.014748923959828,1.0547927091525329,1.0188813184212908,87.01633705932932,41.07879927366457,0.8676933781990629,-0.0015835312747426444,0,0
2017-10-03,2598.0,2532.75,2598.75,2487.0,3340.0,0.0285,0.028503562945368266,0.04389753892516324,0.1309174012406138,0.19270008869580868,0.15223239942878375,0.22877226450086147,8.114025442356757,0.0,1.0371701099277129,1.081051091245761,1.024244786996793,93.05654974946313,49.05828538378637,0.9904537942312472,-0.04763279445727486,0,0
2017-10-04,2548.25,2597.25,2623.75,2544.0,3340.0,-0.0191,-0.019149345650500416,0.0252464292898813,0.09649311531841653,0.2446904189171852,0.19217092467057523,0.2191252478938689,8.114025442356757,0.0,1.0136813093140877,1.0584997750008653,1.0291114264945136,80.12088650100739,50.78228976768514,0.8192342583083438,-0.04767978024134212,0,0
2017-10-05,2591.0,2537.0,2594.0,2531.0,3340.0,0.0168,0.016776218973805657,0.042655935613682194,0.09521293458734026,0.25442041182008307,0.19087856838451367,0.2229046459687586,8.114025442356757,0.0,1.0245156188216686,1.073214846621955,1.0328664773469733,80.17414601473544,54.964546310423884,0.8793871501258023,-0.07226939405634891,0,0
2017-10-06,2535.5,2587.75,2589.25,2507.0,3340.0,-0.021400000000000002,-0.021420301042068712,0.02828753928824912,0.05811163275952014,0.2955655103728017,0.2218912701554014,0.2397963322535209,8.114025442356757,0.0,0.9986355516169416,1.0476875875913791,1.034479705363384,67.4827369742624,53.1875160084619,0.7227835037175814,-0.03598895681325187,0,0
2017-10-09,2517.5,2540.0,2540.0,2487.25,3340.0,-0.0070999999999999995,-0.007099191480970268,0.013180400442700524,0.03835842441740556,0.30135885982265204,0.2237216980923578,0.19984083242382233,8.114025442356757,0.0,0.9897222768245766,1.0375132651273968,1.0344959545960999,61.98453608247422,49.753232825917166,0.6573127844984259,-0.02363455809334658,0,0
2017-10-10,2558.5,2516.5,2559.25,2482.75,3340.0,0.0163,0.016285998013902736,0.02781962438485497,0.038246931114943594,0.3132061142373766,0.22359343469445406,0.2035544938364517,8.114025442356757,0.0,1.0019440831340298,1.0519282953704465,1.0348288439625501,62.106615285806036,49.76622198117775,0.7559007056281162,-0.0316591752980262,0,0
2017-10-11,2559.0,2559.25,2563.5,2506.5,3340.0,0.0002,0.00019542700801244983,0.013064133016627011,0.03897685749086488,0.3044376562381575,0.2234131921614285,0.20202820546909966,8.114025442356757,0.0,1.0002931691586046,1.04954474612419,1.0350946834315715,62.35521235521235,49.249148276824144,0.7466879974959418,-0.037416959749902334,0,0
2017-10-12,2566.0,2560.75,2584.75,2538.75,3340.0,0.0027,0.0027354435326298887,-0.012317167051578148,0.031039678553490768,0.24340739079362234,0.22068796523133993,0.19840841134799364,8.114025442356757,0.0,1.0048249723787812,1.0500398982424313,1.0350159446822316,60.44624746450304,48.84119425458948,0.7638104332050618,-0.041991426344505034,0,0
2017-10-13,2536.0,2558.5,2564.75,2528.25,3340.0,-0.011699999999999999,-0.011691348402182333,-0.004807220641616761,0.020317843492255072,0.22427204032474196,0.22822476015651333,0.20543357941993642,8.114025442356757,0.0,0.993758222072942,1.0358666090277517,1.034597450693685,56.36822194199243,45.571814957914285,0.6253500025263946,-0.019420347003154537,0,0
2017-10-16,2546.0,2542.5,2583.5,2529.25,3340.0,0.0039000000000000003,0.0039432176656151174,-0.017367811655731424,0.024547283702213374,0.19363064814927142,0.22829146248695883,0.19928510395145344,8.114025442356757,0.0,1.0001964250638382,1.0377787892580792,1.034212188941501,57.51231527093596,43.28871932709535,0.6561415698341628,-0.03210919088766695,0,0
2017-10-17,2496.75,2543.0,2549.25,2490.75,3340.0,-0.019299999999999998,-0.019344069128043984,-0.015282981660421968,0.012572239683666275,0.18530260466913975,0.24257724400639277,0.2112295554267538,8.114025442356757,0.0,0.9829862624615081,1.0154171510297871,1.032788861576807,53.555045871559635,37.07787552144464,0.36052660997293856,-0.02723540602783614,0,0
2017-10-18,2513.0,2499.25,2529.0,2465.5,3340.0,0.006500000000000001,0.006508460999299137,-0.001787487586891734,0.011369353053627185,0.18797246652909802,0.2419883374345473,0.20893902775741505,8.114025442356757,0.0,0.9896344636503003,1.0197897926332735,1.031348009329667,53.2602423542989,33.0855862090807,0.43960596375530564,-0.029546358933545513,0,0
2017-10-19,2477.5,2515.5,2516.5,2469.25,3340.0,-0.0141,-0.014126541981695162,-0.0316591752980262,-0.004720297278296703,0.16287093620214582,0.250154351890994,0.20881034019337996,8.114025442356757,0.0,0.9801206606666008,1.0036052823462691,1.029183690003588,48.73451803984922,26.74877166282249,0.2060002023762515,-0.0021190716448031832,0,0
2017-10-20,2468.25,2484.0,2533.5,2459.5,3340.0,-0.0037,-0.0037336024217962116,-0.03546307151230954,-0.02286223277909738,0.15974929849402786,0.24080872060108996,0.20927342815936156,8.114025442356757,0.0,0.9814951572130542,0.9971250050497569,1.0247038918717188,43.388666285060104,20.74130987686158,0.163727686785706,0.02977818292312362,1,1
2017-10-23,2503.5,2464.5,2504.75,2463.0,3340.0,0.0143,0.014281373442722511,-0.02435697583787999,-0.036374133949191645,0.19472899652826542,0.2122780804435421,0.21204127308836648,8.114025442356757,0.0,0.9990593466735078,1.0083170549972813,1.0188967747318032,38.18750000000001,18.61020665564638,0.37505204757031196,-0.0015977631316157481,0,0
2017-10-24,2475.75,2496.25,2517.25,2463.5,3340.0,-0.0111,-0.011084481725584183,-0.023757886435331277,-0.028450897674874964,0.19368173365662142,0.20259746823983016,0.21568729478196905,8.114025442356757,0.0,0.9913905295825408,0.9949364036409669,1.0145635805711761,40.41005291005291,14.514781548932206,0.20650543507355995,0.007775421589417242,1,1
2017-10-25,2486.5,2473.0,2495.75,2454.5,3340.0,0.0043,0.004342118549934382,-0.023369992144540497,-0.0403319181783095,0.1943276274670047,0.18650787232539268,0.2162337887755392,8.114025442356757,0.0,0.9990959316926168,0.9967296790809697,1.0090059092928558,34.898843930635834,11.998254396390166,0.2592230738928335,0.010456464910516772,1,1
2017-10-26,2480.25,2487.25,2505.75,2466.75,3340.0,-0.0025,-0.0025135732957972667,-0.006608591168519085,-0.021790573851311335,0.15902753975102518,0.16620357084240966,0.21458961524100384,8.114025442356757,0.0,0.9975294100748359,0.9921529148221238,1.0053250459072103,40.69081718618366,9.391308571505306,0.22218125239638284,-0.015623425057957885,0,0
2017-10-27,2428.5,2484.5,2486.75,2421.75,3340.0,-0.0209,-0.020864832174176007,-0.033625149224035034,-0.035352532274081416,0.18767296433420222,0.18442133310567388,0.22485492324681738,8.114025442356757,0.0,0.9814812141857076,0.9706396655952836,1.0019437155180821,36.535552193645984,3.1136010611658094,-0.024332744539519207,0.010397364628371486,1,1
2017-10-30,2412.0,2432.25,2447.0,2396.75,3340.0,-0.0068000000000000005,-0.006794317479925871,-0.026437941473259285,-0.057260113347664676,0.17725978989815122,0.16366360522662823,0.22547727921636063,8.114025442356757,0.0,0.9785131630420608,0.9638425830341861,0.9975519555336937,26.06209150326798,-3.1565526983445125,-0.013138422887332234,0.03378938640132678,1,1
2017-10-31,2422.0,2415.0,2438.5,2402.25,3340.0,0.0040999999999999995,0.004145936981757803,-0.01873797224754381,-0.053536537710042964,0.183515983273363,0.16653150539839365,0.21878517973845937,8.114025442356757,0.0,0.9852107969898597,0.9678708439897697,0.9936746437705516,28.288431061806662,-7.23537341934707,0.0813758830578972,0.039327002477291595,1,1
2017-11-01,2479.5,2428.5,2483.5,2428.5,3340.0,0.023700000000000002,0.02374071015689516,-0.009586578789694378,-0.033710054559625835,0.22437847934283137,0.20261999792897975,0.2109238087571756,8.114025442356757,0.0,1.0100090197561755,0.9906475466873538,0.9910042745510819,38.18306010928961,-5.761681694556046,0.38314423293437866,0.01734220608993753,1,1
2017-11-02,2446.75,2482.0,2488.25,2442.25,3340.0,-0.0132,-0.013208308126638424,-0.011713622134706614,-0.03519321766561512,0.22859456290639488,0.20406969339187772,0.20582842853728228,8.114025442356757,0.0,0.9983532977762234,0.9777743735929986,0.9886712007870645,37.898305084745765,-7.1539553381580845,0.23760371782196346,0.017063451517318917,1,1
2017-11-03,2468.5,2454.25,2483.5,2444.25,3340.0,0.0089,0.008889343006028394,-0.007239091091896244,-0.030439905734485517,0.23508922308356955,0.2081257527310819,0.1985172842734736,8.114025442356757,0.0,1.008285922684172,0.9867323111361312,0.9867251731090533,39.81603153745072,-6.428198730288841,0.3711259541357739,0.02187563297549122,1,1
2017-11-06,2506.5,2471.5,2514.25,2464.0,3340.0,0.0154,0.015393963945716127,0.010583610523132725,0.0039050765995793935,0.25386960989407586,0.2045691776231798,0.19459857643297782,8.114025442356757,0.0,1.0222416429975967,1.0016417627136704,0.9867274593020297,51.32024373730535,-2.754991146000066,0.5822101962912773,0.019948134849391508,1,1
2017-11-07,2495.0,2505.0,2507.25,2478.75,3340.0,-0.0046,-0.0045880710153600734,0.027383158328186052,-0.007162753680859502,0.20797199334781682,0.20351386020296772,0.19371413059585,8.114025442356757,0.0,1.0136242944820881,0.9969133644327683,0.986082313135825,47.53086419753086,-0.7631049629139852,0.5388500706630144,0.024849699398797664,1,1
2017-11-08,2511.0,2494.75,2528.75,2478.25,3340.0,0.0064,0.006412825651302523,0.04104477611940305,0.013521695257315836,0.19396712687239923,0.19521957344396532,0.18588757870354045,8.114025442356757,0.0,1.0142966371885684,1.0027020911256939,0.986443907364482,54.85507246376812,2.082539254181029,0.6573406026072958,0.005276782158502691,1,1
2017-11-09,2518.0,2511.5,2520.75,2486.5,3340.0,0.0028000000000000004,0.00278773397052956,0.03963666391412057,0.02015598095816884,0.19463145836110934,0.19409232607204002,0.18628366278654931,8.114025442356757,0.0,1.0115206381544024,1.0050525377443529,0.9874259142489358,57.25747629467542,4.846704503993806,0.7393864647504808,-0.006354249404289081,0,0
2017-11-10,2516.5,2513.0,2558.5,2513.0,3340.0,-0.0006,-0.0005957108816521117,0.014922363379713754,0.005192730177751237,0.1489467692535262,0.18515215753855316,0.18586581607065222,8.114025442356757,0.0,1.0087760741027074,1.0040897755610974,0.9874385464909157,52.10355987055016,6.837469819328817,0.7442532493178111,-0.013312139876813012,0,0
2017-11-13,2522.0,2516.0,2534.5,2479.75,3340.0,0.0022,0.0021855752036559206,0.030755083273730444,0.018681207714833947,0.10415750440834995,0.17755442551535164,0.18185124684851997,8.114025442356757,0.0,1.0066429080541697,1.0063378267838023,0.988809284711976,58.064516129032256,8.758012789242912,0.8098965263871024,0.0015860428231562196,1,1
2017-11-14,2474.25,2518.0,2519.25,2462.25,3340.0,-0.0189,-0.018933386201427482,0.002329349807575376,-0.004926603659762718,0.1676887128665877,0.19648151190286958,0.1922519388306416,8.114025442356757,0.0,0.9872600572869906,0.9889121666405762,0.990089799887994,48.10810810810811,6.353788474625617,0.4538827282839058,0.02273416186723254,1,1
2017-11-15,2426.75,2469.25,2470.0,2417.25,3340.0,-0.0192,-0.01919773668788527,-0.031817275084779606,-0.021570406209051485,0.16604725282025537,0.21227155628179703,0.19207938649911255,8.114025442356757,0.0,0.9727288344260887,0.9714998682248385,0.9901652360443431,42.671232876712324,0.6085553110410729,0.13523634314519134,0.028536107963325508,1,1
2017-11-16,2403.75,2430.5,2439.5,2401.75,3340.0,-0.0095,-0.009477696507674827,-0.036573146292585124,-0.010191476219888806,0.1686517385111742,0.19705945845237963,0.19189110375235569,8.114025442356757,0.0,0.9685705651254155,0.9647028133402898,0.9919360849448742,46.319702602230485,-5.73438868106723,0.04173870272908479,0.0642745709828394,1,1
2017-11-17,2444.25,2402.0,2446.5,2400.5,3340.0,0.0168,0.01684867394695777,-0.02658303464755074,0.01337064676616917,0.20638892363097802,0.2080177175143958,0.1972434377880799,8.114025442356757,0.0,0.9886885672185143,0.9821557130850291,0.9940740684046147,54.47605829285219,-7.4078133052998965,0.32310678867481185,0.05400429579625654,1,1
2017-11-20,2458.0,2445.75,2465.25,2426.25,3340.0,0.005600000000000001,0.005625447478776691,-0.023828435266084247,0.014863748967795187,0.21082974590500073,0.20854152251947783,0.1980148292778562,8.114025442356757,0.0,0.997709547418167,0.9884685373038293,0.9959010095236179,54.94505494505495,-7.537615352144712,0.4275096657727913,0.046480878763222044,1,1
2017-11-21,2477.5,2455.75,2482.25,2448.0,3340.0,0.0079,0.007933279088689904,-0.015497715080468932,-0.000806614236741332,0.22147444425153415,0.1847519866637681,0.19336233609712217,8.114025442356757,0.0,1.0079039897713074,0.9973932909952797,0.9969260100098777,49.693251533742334,-5.997857806486081,0.5579286315947803,0.030575176589303643,1,1
2017-11-22,2463.25,2476.25,2486.25,2444.5,3340.0,-0.0058,-0.005751765893037386,-0.023295003965107086,0.0067436395218145595,0.2200716830883493,0.176958224243891,0.19052022167211605,8.114025442356757,0.0,1.005540085433949,0.9929323399195147,0.9986836914991329,52.6829268292683,-5.8598955378761275,0.46985248379564776,0.056936973510606004,1,1
2017-11-23,2458.25,2454.5,2467.25,2425.25,3340.0,-0.002,-0.002029838627829128,-0.006466606042235035,-0.0041523192221997185,0.19102415742374335,0.17298838510483566,0.18989541951207187,8.114025442356757,0.0,1.004436207626191,0.9923535724257644,0.999836123951806,48.23731728288908,-6.083886403918314,0.44340509233345204,0.03732329909488463,1,1
2017-11-24,2486.75,2459.5,2497.5,2452.75,3340.0,0.0116,0.01159361334282516,0.024724425672195238,-0.00787951326550973,0.15232521743936558,0.16697668132347654,0.19422664952477553,8.114025442356757,0.0,1.0125350822342112,1.0045242471369997,0.9999293086384843,46.488888888888894,-3.916541510886418,0.6194091425896078,0.026239067055393583,1,1
2017-11-27,2464.25,2487.0,2489.0,2445.75,3340.0,-0.009000000000000001,-0.0090479541570323,0.02516900676027034,-0.012324649298597223,0.1507975473115601,0.17012873034039663,0.18201114206442642,8.114025442356757,0.0,0.9998550913648945,0.9965323061680468,1.000142982794404,44.73909324208726,-3.9687181159370084,0.441096171541419,0.03489905650806535,1,1
2017-11-28,2428.75,2465.25,2465.25,2425.5,3340.0,-0.0144,-0.014406005884143203,-0.00634141352153017,-0.03275587415372361,0.15202959426153104,0.17577814620199667,0.18780863818187798,8.114025442356757,0.0,0.9863373315735274,0.9830773745475887,0.998682580426923,36.808340016038485,-6.796278497489766,0.16849244927693963,0.04580545548121462,1,1
2017-11-29,2438.75,2428.0,2447.25,2420.75,3340.0,0.0040999999999999995,0.004117344312918103,-0.007831570382424768,-0.03147339158061957,0.1495732263474863,0.176615455604704,0.18780147119562451,8.114025442356757,0.0,0.9915057354435893,0.9881149339906135,0.9973904948412833,37.41064336775219,-8.136432317824074,0.26539521168943275,0.05853408508457192,1,1
2017-11-30,2472.25,2439.0,2488.75,2428.25,3340.0,0.0137,0.013736545361353159,-0.0021190716448031832,-0.017583945956685887,0.16727366374005614,0.18919627256626434,0.1748850696962574,8.114025442356757,0.0,1.0054321776641635,1.001759249566941,0.9961804940852649,43.61932227829848,-6.42132283440651,0.5040348425096189,0.03620184042875918,1,1
2017-12-01,2541.75,2472.25,2549.25,2458.25,3340.0,0.0281,0.0281120436849025,0.031868466456916655,0.007831086439333834,0.23157961016234802,0.22649015452717275,0.19340291452348632,8.114025442356757,0.0,1.029003947197201,1.0288993162260536,0.9957635797004581,52.404138770541685,0.5397609242186263,0.9511834879769038,0.007081735025081137,1,1
2017-12-04,2499.5,2542.0,2559.75,2498.75,3340.0,-0.0166,-0.016622405822759867,0.01678022983829952,0.010205112660402138,0.2634387999538528,0.22279857472472317,0.20177345129212043,8.114025442356757,0.0,1.009491114701131,1.0118511471627079,0.9965474515768518,53.115360888340525,2.617079983833719,0.667642822798992,0.04180836167233437,1,1
2017-12-05,2495.0,2512.0,2525.25,2456.5,3340.0,-0.0018,-0.0018003600720144508,0.003317583190911799,0.028124034202122283,0.25617274871510926,0.2039310143433973,0.19463031712142084,8.114025442356757,0.0,1.0071942446043165,1.0097671532255887,0.9982616471567716,59.42028985507247,3.855810529300925,0.6368198318860006,0.03677354709418834,1,1
2017-12-06,2512.5,2493.75,2516.25,2458.75,3340.0,0.006999999999999999,0.007014028056112176,0.019579993912955285,0.045241809672387,0.24882984359165056,0.19775486052810257,0.19544300201250758,8.114025442356757,0.0,1.0114443454006958,1.0164931492070344,1.001054301589014,65.24176594253679,6.1783964492046834,0.7556181391410047,0.04019900497512441,1,1
2017-12-07,2441.5,2504.0,2517.75,2435.5,3340.0,-0.028300000000000002,-0.02825870646766171,0.005249613998970615,-0.0011250894957552937,0.2982240606278444,0.22787699958679516,0.21765602305843498,8.114025442356757,0.0,0.9821420874937145,0.9882848208653648,1.0014981897877333,49.64493221433183,2.2638595323296613,0.2923544927538491,0.06625025599016987,1,1
2017-12-08,2453.75,2439.75,2467.25,2413.5,3340.0,0.005,0.005017407331558532,0.006150691952844678,-0.001729048006509304,0.2986804630399574,0.22760126133538702,0.21831273814565877,8.114025442356757,0.0,0.9862197660231107,0.9929051707277595,1.0010342611656369,49.44912508101102,0.14832366261407515,0.3954352489294302,0.07376464595007648,1,1
2017-12-11,2493.5,2449.0,2499.0,2443.5,3340.0,0.016200000000000003,0.016199694345389704,0.008595409040347946,0.0064581231079716694,0.3034103074768909,0.23576218570845842,0.22644160023056048,8.114025442356757,0.0,1.0009749103942653,1.0078819725141472,1.0003969857951265,51.97044334975369,1.6601024124088326,0.7054715649557449,0.03629436534990971,1,1
2017-12-12,2517.25,2495.75,2520.5,2486.0,3340.0,0.0095,0.009524764387407236,-0.009639028228582647,0.021922257180554183,0.2505157550693297,0.23673801064580208,0.22888704876406774,8.114025442356757,0.0,1.0119307414001035,1.016177702423123,1.000671848260331,56.498194945848375,4.720212801422349,0.8508401851121192,0.03505809911609892,1,1
2017-12-13,2522.5,2514.5,2524.25,2503.75,3340.0,0.0021,0.002085609295858548,0.009201840368073588,0.026136479202684804,0.226362252166165,0.23613989487935916,0.21830547291617172,8.114025442356757,0.0,1.0127036017435191,1.0177081897435727,1.0019447356931765,57.72699939867709,7.482747005903548,0.8492415661042755,0.029534192269573767,1,1
2017-12-14,2488.5,2521.25,2524.25,2479.0,3340.0,-0.013500000000000002,-0.013478691774033713,-0.0026052104208417193,0.0007037297677692234,0.2434886038877388,0.2402101404580512,0.21245562012950053,8.114025442356757,0.0,0.9994262600763073,1.0034274193548387,1.0014328917050692,50.20771513353115,6.849601473734765,0.5857028428976455,0.04520795660036159,1,1
2017-12-15,2522.5,2488.75,2534.5,2485.25,3340.0,0.0137,0.013662849105886998,0.003980099502487455,0.023638023739474434,0.25484652800682694,0.24265299387646494,0.21281075817823347,8.114025442356757,0.0,1.0125003583818344,1.0163993875413007,1.0023830629842394,56.730213749277866,8.987739857662746,0.8238019538530237,0.03706640237859271,1,1
2017-12-18,2556.5,2521.75,2566.75,2517.5,3340.0,0.013500000000000002,0.013478691774033713,0.04710219127585491,0.05259907359752969,0.1618803878779254,0.23532857672610588,0.21022929261988055,8.114025442356757,0.0,1.0194252186049162,1.029407817029958,1.0053846581583348,64.81159420289856,13.272745829598989,0.9982338062682409,0.041756307451593866,1,1
2017-12-19,2557.0,2555.5,2560.25,2537.5,3340.0,0.0002,0.00019557989438689916,0.042078451349974566,0.048487954894925744,0.16643335748067264,0.23580429904102107,0.20996365936767084,8.114025442356757,0.0,1.0136625561014285,1.0287530509883862,1.0079469386660331,64.01896858328394,16.5185739178155,0.9331064060786438,0.04380132968322248,1,1
2017-12-20,2524.25,2552.75,2571.0,2512.5,3340.0,-0.0128,-0.012807978099335204,0.012332063364748347,0.02103347153402768,0.18172413744974755,0.24029641411028185,0.21477407638814683,8.114025442356757,0.0,0.9989399892585578,1.0153963736562115,1.0092619595933185,56.17577197149643,16.260820153110217,0.6985792796750113,0.04476577201148846,1,1
2017-12-21,2502.0,2523.25,2523.25,2479.5,3340.0,-0.0088,-0.008814499356244454,-0.006058198430827333,-0.015638831513720808,0.1823318183812063,0.2105319277107581,0.21624029273931109,8.114025442356757,0.0,0.9909892068521636,1.0066621291319786,1.0083361633052668,44.68227424749164,14.098639053661373,0.5404115741838441,0.0402677857713829,1,1
2017-12-22,2483.0,2504.0,2512.0,2476.75,3340.0,-0.0076,-0.0075939248601119,-0.01565906838453912,-0.006601320264052801,0.18510134780415358,0.20084264660351786,0.2180198240957091,8.114025442356757,0.0,0.9856666902955981,0.9994666559326981,1.0083149921435974,47.646219686162624,10.728284755760797,0.41514121456065706,0.016008860249697943,1,1
2017-12-27,2526.0,2487.5,2543.0,2484.5,3340.0,0.0173,0.017317760773258195,0.015069318866787196,0.012424849699398832,0.19802343508290954,0.21419052191603533,0.22252281285506073,8.114025442356757,0.0,1.0006083327438635,1.0167206131450517,1.009152133860739,53.984575835475574,11.395633556485336,0.6816924289028425,0.0009897070467141944,1,1
2017-12-28,2530.5,2524.0,2554.75,2507.75,3340.0,0.0018,0.0017814726840854611,0.0031714568880079064,0.0071641791044776415,0.1812745188199622,0.2124706249287084,0.21960279747334985,8.114025442356757,0.0,1.0019372993763878,1.0177637753050006,1.0089082220902839,52.3936170212766,12.147594770084652,0.6947471167557395,0.002667457024303488,1,1
2017-12-29,2496.0,2529.25,2538.75,2486.75,3340.0,-0.013600000000000001,-0.013633669235328938,-0.02366516722080969,0.0223223428220356,0.17257967356476844,0.18065030561838144,0.21891958870614028,8.114025442356757,0.0,0.9916708052500887,1.0029567669109989,1.0095366615657135,58.026509572901325,9.846167290481844,0.4117994284414199,0.008313301282051322,1,1
2018-01-02,2558.25,2507.5,2565.5,2489.0,3340.0,0.024900000000000002,0.024939903846153744,0.000488854125928917,0.04258787570045852,0.2433653730416139,0.20588553991220246,0.23357816917792698,8.114025442356757,0.0,1.0163308740068104,1.0258475213446727,1.0104449860009501,63.41463414634146,12.896659523950348,0.8743387226180558,-0.003420306850385968,0,0
2018-01-03,2576.25,2555.75,2578.5,2546.5,3340.0,0.006999999999999999,0.0070360598065084545,0.020600178270773428,0.03318628433928206,0.22753073730021667,0.1980724619374504,0.2306090915966472,8.114025442356757,0.0,1.0204702354006339,1.0312459345593312,1.0110313126494832,61.25084976206662,16.575573273545615,0.9650583218253636,0.0028141678796700376,1,1
2018-01-04,2572.25,2573.5,2593.25,2547.75,3340.0,-0.0016,-0.0015526443474042084,0.02807753796962431,0.02184924024232804,0.2155434986989874,0.1959196857882004,0.21040121918138244,8.114025442356757,0.0,1.014851554904254,1.0280775379696243,1.0110625785086218,57.90229885057471,18.9499293648405,0.8831459998405812,0.015744970356691645,1,1
2018-01-05,2553.25,2572.5,2588.5,2538.5,3340.0,-0.0074,-0.007386529303139322,0.02829238824003233,0.012190287413280432,0.21507634417732974,0.19956667801772138,0.20315458624899538,8.114025442356757,0.0,1.0033824561403508,1.019454786835827,1.0109202343757797,54.25017277125086,19.078556737053532,0.7294096381407492,0.02036619994125144,1,1
2018-01-08,2603.5,2551.5,2605.25,2550.25,3340.0,0.0197,0.019680798981690062,0.03068091844813936,0.046212577858147474,0.22155839577304895,0.20269192902485167,0.2127051819101303,8.114025442356757,0.0,1.0186975964225824,1.0375816993464053,1.012310411969666,65.21164021164022,22.970460726826786,0.9808663835495386,-0.006625696178221618,0,0
2018-01-09,2550.0,2600.25,2607.25,2544.0,3340.0,-0.020499999999999997,-0.02054926061071638,0.007705986959098965,0.01090188305252715,0.26827085305788173,0.22003918879089007,0.2257371057712065,8.114025442356757,0.0,0.9966777408637874,1.015023003871019,1.0118599419892083,53.459119496855344,21.490095354406094,0.640101388014145,0.01509803921568631,1,1
2018-01-10,2552.0,2551.25,2579.75,2541.75,3340.0,0.0008,0.0007843137254901489,0.022435897435897356,-0.0017602190494817593,0.24792005815307774,0.2123897578285635,0.19952454045036042,8.114025442356757,0.0,0.9943502824858758,1.0149404106955842,1.0108568436322867,49.3844049247606,20.24490772240233,0.6362734718432664,0.004310344827586299,1,1
2018-01-11,2550.25,2552.5,2574.5,2541.75,3340.0,-0.0007000000000000001,-0.0006857366771160223,-0.003127137691781523,-0.002639812280015641,0.19615868190385233,0.21240347661329612,0.19948257968657537,8.114025442356757,0.0,0.9941110956424893,1.0130894212052595,1.0095141619989672,49.079754601226995,18.899021028126754,0.605224610866383,0.0008822664444663175,1,1
2018-01-12,2540.0,2551.75,2563.25,2516.75,3340.0,-0.004,-0.004019213802568422,-0.014070839398350299,0.006239477072397692,0.18970903735749786,0.2053718747033224,0.1934423036756208,8.114025442356757,0.0,0.9921182953198019,1.0075333613203712,1.0084754446798736,52.287581699346404,16.81151411918563,0.5143493877320833,-0.0009842519685039353,0,0
2018-01-15,2581.5,2536.5,2586.5,2536.5,3340.0,0.0163,0.01633858267716537,0.0035960734765283497,0.03177458033573144,0.2193785557974927,0.21085869644731708,0.19861845788068638,8.114025442356757,0.0,1.0078079250439196,1.022065907381257,1.008823817756419,60.9353507565337,18.294960112246827,0.8137055324036141,-0.0013558008909548835,0,0
2018-01-16,2561.75,2579.0,2579.25,2530.75,3340.0,-0.0077,-0.007650590741816732,0.003329090375012278,0.03171566653242053,0.2197873837893163,0.2109104644835235,0.20096761523998682,8.114025442356757,0.0,0.999623724845309,1.013049925852694,1.0098580608714074,60.809883321894304,17.673215974477444,0.6413424377349595,0.0036108129208549666,1,1
2018-01-17,2559.75,2561.75,2569.0,2531.75,3340.0,-0.0008,-0.0007807163072118817,-0.016804301901286678,0.013361045130641402,0.17466928115825034,0.19962934511663324,0.19429388665952183,8.114025442356757,0.0,1.001285257261005,1.0120188981358849,1.0105716036587604,55.22041763341067,16.825146168823267,0.6101892830487506,-0.02246313116515286,0,0
2018-01-18,2604.0,2554.75,2613.5,2550.5,3340.0,0.0173,0.017286844418400227,0.021176470588235352,0.029045643153526868,0.15574194924080734,0.2112726691810518,0.1975503259052715,8.114025442356757,0.0,1.015529896792345,1.0280976508521418,1.0112545709209524,60.12396694214876,19.498878985831652,0.9261046915404916,-0.060099846390168965,0,0
2018-01-19,2586.75,2605.75,2630.75,2571.25,3340.0,-0.0066,-0.006624423963133674,0.013616771159874697,0.03635817307692313,0.16623713111188262,0.20306903932070278,0.1945568390451956,8.114025442356757,0.0,1.0068533140569393,1.020055404574985,1.0125911379908166,63.1236442516269,19.99540607624158,0.771845234329018,-0.051222576592248936,0,0
2018-01-22,2613.5,2586.5,2623.5,2577.25,3340.0,0.0103,0.010341161689378486,0.0248014900499951,0.021596794683865994,0.17187879898177463,0.18012813203181008,0.19742365310405027,8.114025442356757,0.0,1.0137001482220283,1.0292375398328253,1.0128027634615846,58.9041095890411,22.2904582858082,0.9120648604640578,-0.0692557872584657,0,0
2018-01-23,2603.25,2611.0,2632.75,2596.0,3340.0,-0.0039000000000000003,-0.0039219437535871204,0.024901574803149584,0.010480349344978102,0.17169964440428262,0.17970148096377492,0.19184882134352493,8.114025442356757,0.0,1.0061980618977941,1.0230287072878392,1.0114147048008286,54.46280991735537,23.016889979504413,0.810716508771538,-0.06578315567079607,0,0
2018-01-24,2634.75,2609.25,2648.5,2594.25,3340.0,0.0121,0.012100259291270454,0.020627542126670617,0.02429779376032659,0.15994228454244286,0.18547311739325564,0.19130838438489642,8.114025442356757,0.0,1.0153877916179204,1.0329584882482472,1.0107725567471648,59.46969696969697,25.83655139217808,0.9997078173808763,-0.09877597495018497,0,0
2018-01-25,2584.0,2635.0,2654.0,2581.25,3340.0,-0.019299999999999998,-0.019261789543599916,0.008685468917732031,0.012043474003720744,0.20196102460750534,0.20287601897951307,0.20300346168124567,8.114025442356757,0.0,0.9946112394149346,1.011865136860242,1.0104386352575254,54.25017277125086,23.702821144077006,0.6040807627358152,-0.09142801857585137,0,0
2018-01-26,2605.5,2588.25,2623.25,2588.25,3340.0,0.0083,0.008320433436532548,0.017872839144447594,0.0007681966583445998,0.20536593240135068,0.18768013439522566,0.1967328954469156,8.114025442356757,0.0,1.0003702332469455,1.0191103563594168,1.0093319035062271,50.3003003003003,23.476077261444516,0.7458814991937398,-0.08405296488198044,0,0
2018-01-29,2597.0,2610.0,2649.5,2585.5,3340.0,-0.0033,-0.003262329687200194,-0.0026881720430107503,0.018431372549019498,0.17898441116374564,0.16355566836775298,0.1974326465380986,8.114025442356757,0.0,0.9974896774990055,1.014799980462072,1.0096642965299243,58.159722222222214,22.35283259828293,0.6687187432363255,-0.10146322680015407,0,0
2018-01-30,2601.0,2598.25,2624.25,2582.25,3340.0,0.0015,0.0015402387370042625,0.005508843142939979,0.019200626959247735,0.17354593626613235,0.16353601483865446,0.189812047594073,8.114025442356757,0.0,0.9982455178463732,1.0148758718236355,1.0095526090258569,58.44827586206896,21.53715278984282,0.6870538007554953,-0.07843137254901966,0,0
2018-01-31,2616.0,2598.5,2635.75,2590.0,3340.0,0.0058,0.005767012687427853,0.0009565716472164087,0.02578178609940207,0.1649832756528996,0.16422414160108628,0.17138183179897104,8.114025442356757,0.0,1.0038648137488693,1.0194888915591438,1.0101566599379337,60.840890354493,21.849230970809913,0.7996254177702684,-0.08591360856269115,0,0
2018-02-01,2663.25,2617.75,2668.25,2617.5,3340.0,0.0181,0.018061926605504652,0.023048112935753373,0.04852362204724403,0.19245086253924115,0.17522777736540804,0.18020714444537256,8.114025442356757,0.0,1.0186460126219163,1.0364655289836742,1.0121839010165758,68.11168258633357,25.61397335224183,1.0825072418108694,-0.09837604430676805,0,0
2018-02-02,2669.0,2666.75,2684.75,2626.5,3340.0,0.0022,0.0021590162395568324,0.012999335800360612,0.033895022273871867,0.18239008662978523,0.1650358257248287,0.17983583318567403,8.114025442356757,0.0,1.018938412663785,1.0371963185813196,1.0131442228244627,64.36781609195403,28.730350165589698,1.0236775700652336,-0.1080929186961409,0,0
2018-02-05,2637.25,2668.0,2673.5,2635.75,3340.0,-0.011899999999999999,-0.011895841139003327,0.020607585139318818,0.02947204059724795,0.14874003435977712,0.17094146716587125,0.18338814607661133,8.114025442356757,0.0,1.0039017891130566,1.0233600434605459,1.0137560388816669,61.92733017377567,28.311781000370956,0.7809217762829096,-0.10399089961133756,0,0
2018-02-06,2602.75,2623.0,2636.0,2589.0,3340.0,-0.0131,-0.013081808702246622,-0.0010554596046824516,0.01679851548002742,0.17020311540600644,0.18257370115057966,0.17773324751210395,8.114025442356757,0.0,0.9909171255693794,1.0086581904026817,1.0136269499613155,56.16045845272206,24.909064064654103,0.5322437591786233,-0.09653251368744598,0,0
2018-02-07,2522.75,2606.25,2611.25,2501.75,3340.0,-0.030699999999999998,-0.030736720776102233,-0.02859068155564115,-0.031201996927803344,0.2518684416161098,0.21211253161090957,0.19524809514559124,8.114025442356757,0.0,0.9643539755351682,0.9771535919020814,1.0108587991825353,39.44119558154646,15.577487387785823,0.01450393642884635,-0.04756713903478349,0,0
2018-02-08,2528.5,2521.5,2536.75,2480.5,3340.0,0.0023,0.00227925874541679,-0.02787389465590162,-0.022518604426403743,0.25259245739067115,0.21185820536040847,0.1954347118187459,8.114025442356757,0.0,0.9703939252720742,0.979349166284722,1.009214626467336,42.196918955123905,8.547591274709248,0.07790790432465129,-0.06644255487443151,0,0
2018-02-09,2537.25,2516.0,2539.75,2488.75,3340.0,0.0034999999999999996,0.0034605497330433277,-0.030103211009174347,-0.029175435240099468,0.24923377261889906,0.20631554793463266,0.1958770523847561,8.114025442356757,0.0,0.977974477926297,0.9826526166308962,1.0070173335515684,39.26812104152005,3.640435160193647,0.13569875134394385,-0.07340624692087894,0,0
2018-02-12,2516.75,2538.0,2547.5,2498.25,3340.0,-0.008100000000000001,-0.00807961375504973,-0.0550079789730592,-0.03322769614904442,0.19422538429409683,0.20780188491052273,0.1973815396603555,8.114025442356757,0.0,0.977961891280514,0.9744521308174803,1.0043553894545092,38.16689466484268,-1.8810168971644998,0.06721016885700223,-0.05244859441740335,0,0
2018-02-13,2549.5,2519.5,2564.5,2503.25,3340.0,0.013000000000000001,0.013012814145227036,-0.04477332334207573,-0.03235601100673691,0.22630287388317966,0.20906258781257941,0.19414526042335126,8.114025442356757,0.0,0.9973036784531776,0.9872439842139061,1.0021108668383696,38.37764144512611,-3.572969171194927,0.26140565474584837,-0.0566777799568543,0,0
2018-02-14,2583.5,2557.0,2592.5,2536.75,3340.0,0.013300000000000001,0.01333594822514228,-0.020381078775239314,-0.00019349845201233062,0.25011388104659515,0.20335793577387049,0.19800928067700746,8.114025442356757,0.0,1.0136483380976402,1.0003162085944206,1.0020032690252938,49.92857142857143,-2.1456044950514297,0.446543306142006,-0.0646409909038127,0,0
2018-02-15,2612.75,2587.25,2620.75,2569.0,3340.0,0.0113,0.011321850203212636,0.0038420900970128624,0.002782575321435443,0.25096007396606884,0.2061006281985694,0.20144902294379077,8.114025442356757,0.0,1.0245504453532015,1.0111131177358392,1.0016801898840315,51.01327742837177,1.330485829506415,0.6115214688126139,-0.08267151468758971,0,0
2018-02-16,2605.25,2614.0,2638.5,2602.0,3340.0,-0.0029,-0.0028705387044302144,0.03270240808641356,0.0031767423950712637,0.13210725112729063,0.20597686001580667,0.1929029449298032,8.114025442356757,0.0,1.016909694147824,1.0075348381524498,1.0012366231991616,51.156271899089,3.44046559000617,0.5632647771768616,-0.0796468669033682,0,0
2018-02-19,2586.25,2606.0,2615.75,2571.5,3340.0,-0.0073,-0.007292966126091538,0.02283962823808583,-0.005670895809304133,0.15048867997042623,0.2083458914977216,0.19320996285585895,8.114025442356757,0.0,1.0062530396720628,1.000409382927765,1.0010517779606467,48.0161398789509,3.5387065352406353,0.4623319844128218,-0.08390526824552924,0,0
2018-02-20,2588.5,2581.25,2603.25,2556.0,3340.0,0.0009,0.0008699855002416435,0.02019903438762438,-0.010512232415902156,0.15115195593609962,0.2065985233379042,0.1896130406572965,8.114025442356757,0.0,1.0042677012609118,1.000782918837414,0.9997956402329149,46.16991643454038,3.754835976261802,0.4794510256783577,-0.07881012169209967,0,0
2018-02-21,2563.0,2586.0,2592.25,2546.75,3340.0,-0.009899999999999999,-0.009851265211512472,0.018376874937916066,-0.03764197878531872,0.15682419216539364,0.19086778836559357,0.19210111550580478,8.114025442356757,0.0,0.9918319397415521,0.990783484364782,0.9968857961100753,35.13713862120089,1.8471899716346343,0.3509188872240997,-0.06944986344127979,0,0
2018-02-22,2552.5,2561.75,2562.75,2515.5,3340.0,-0.0040999999999999995,-0.004096761607491173,0.001176701313983175,-0.04364930685650059,0.14224603912164852,0.18964159241585718,0.18664923194750302,8.114025442356757,0.0,0.9876048475133694,0.9866958734658378,0.9936401581216838,32.96783625730994,-0.506061912009045,0.3021765470849292,-0.06640548481880504,0,0
2018-02-23,2537.5,2547.5,2558.5,2515.75,3340.0,-0.0059,-0.005876591576885359,-0.01780530288368487,-0.03782349037823496,0.11102508427475503,0.1859226672714412,0.17600414001997658,8.114025442356757,0.0,0.9843037834393139,0.9809290638489787,0.9909178348228667,34.66564181398924,-3.540591884528112,0.24210037710284477,-0.058522167487684684,0,0
2018-02-26,2578.0,2543.5,2595.75,2542.25,3340.0,0.016,0.015960591133004964,-0.013300162663859916,-0.009509172990106673,0.13602738580127138,0.195050017073685,0.18285227510019322,8.114025442356757,0.0,1.001943256898562,0.9966302197766795,0.9902790907024072,46.264150943396224,-2.6469547759938905,0.4743696751728783,-0.07147013188518236,0,0
2018-02-27,2571.0,2581.75,2586.75,2557.5,3340.0,-0.0027,-0.0027152831652443865,-0.013146531043086052,0.019125953820235964,0.1359830680456292,0.13946753730531997,0.18275574227634617,8.114025442356757,0.0,1.0011264550043808,0.9938056261535934,0.9914932623932344,59.341723136495645,-2.475051573854671,0.4432831818415426,-0.0915013613380008,0,0
2018-02-28,2502.25,2567.25,2567.25,2501.25,3340.0,-0.026699999999999998,-0.026740567872423182,-0.03247945867568869,-0.010381649199129872,0.20245084542645791,0.18332826707444283,0.20396913814726464,8.114025442356757,0.0,0.9789300135529755,0.9679478293946419,0.9915030732340131,45.91439688715953,-7.796494346265263,0.10987974229518664,-0.07972824457987815,0,0
2018-03-01,2447.5,2501.5,2506.5,2443.5,3340.0,-0.0219,-0.021880307723049275,-0.054471701757774826,-0.03537294314710804,0.22157972940256448,0.2027247274492502,0.21337786143600038,8.114025442356757,0.0,0.9651161153125748,0.9486832457435227,0.991023063445355,37.78080326752893,-16.24438832070382,-0.08222931123001129,-0.038202247191011285,0,0
2018-03-02,2454.25,2457.0,2468.0,2423.0,3340.0,0.0028000000000000004,0.0027579162410622526,-0.042430745220444765,-0.024833614780967572,0.22965069575900746,0.202148921867548,0.2004681557539131,8.114025442356757,0.0,0.9737431275860114,0.9529310127258079,0.9909891795272163,41.15983026874116,-22.139525898161537,-0.0006876048644108213,-0.03952327594988281,0,0
2018-03-05,2432.5,2457.0,2463.5,2410.5,3340.0,-0.0089,-0.008862177854741748,-0.04701273261508321,-0.04589135124534227,0.22969832310281313,0.19231173755756845,0.1999698467953982,8.114025442356757,0.0,0.9717228785025396,0.9467037261661905,0.9900636186015954,32.91970802919708,-28.240963875963644,-0.027614081236838263,-0.026310380267214772,0,0
2018-03-06,2432.0,2427.0,2444.25,2409.75,3340.0,-0.0002,-0.00020554984583764924,-0.04157635467980292,-0.05864137797561453,0.23311458758759399,0.17765270316198692,0.1984937175109519,8.114025442356757,0.0,0.9774077795320798,0.9486166007905139,0.988047100211002,25.485436893203882,-32.73934446967223,0.04208194143936866,-0.035361842105263164,0,0
2018-03-07,2374.5,2427.75,2442.25,2366.0,3340.0,-0.0236,-0.023643092105263164,-0.07893716058960432,-0.09118744617739927,0.19467842733786564,0.18016511666113547,0.2078821614451351,8.114025442356757,0.0,0.9655803415824328,0.9293329897882305,0.984741285843348,14.67753891771683,-40.47751337391992,-0.07348747495135154,-0.016213939776795083,0,0
2018-03-08,2347.75,2379.25,2398.75,2335.0,3340.0,-0.0113,-0.011265529585175793,-0.08683391676390506,-0.0988388830246617,0.1847733914100509,0.18018501111326488,0.18650000796577584,8.114025442356757,0.0,0.967246884334123,0.9217043662607717,0.9805649003521163,13.884992987377288,-48.212802249055585,-0.04805644564676986,-0.01256522202108401,0,0
2018-03-09,2386.5,2354.25,2389.25,2329.0,3340.0,0.0165,0.01650516451922046,-0.046258367469277695,-0.0772353794103432,0.22572388177085476,0.2066633237183006,0.19806401349847977,8.114025442356757,0.0,0.9899555555555555,0.9396100870774905,0.977765664152178,23.455149501661126,-50.632612025881826,0.12547756167877516,-0.03310287031217263,0,0
2018-03-12,2333.5,2384.5,2387.75,2311.75,3340.0,-0.0222,-0.02220825476639432,-0.04657814096016344,-0.09851265211512461,0.22665949963513904,0.2155612146021285,0.20776862749943417,8.114025442356757,0.0,0.9745540242228984,0.9219311761684643,0.9739624781997663,20.140515222482435,-56.17938479090617,0.042919517359649995,-0.010820655667452272,0,0
2018-03-13,2397.0,2338.25,2399.75,2334.5,3340.0,0.027200000000000002,0.027212341975573207,-0.023326881939492727,-0.06476785017557551,0.30387120810916735,0.2598449846185775,0.23322454720029454,8.114025442356757,0.0,1.004504976427449,0.9495701778710929,0.9718889536561762,32.15053763440861,-54.81939895392088,0.24194087949415097,-0.023675427617855682,0,0
2018-03-14,2391.25,2393.5,2447.75,2385.5,3340.0,-0.0024,-0.0023988318731748004,-0.016957862281603342,-0.06317335945151814,0.30128507080823463,0.26001448165076557,0.22656018356459998,8.114025442356757,0.0,1.004576144036009,0.9501120797835884,0.970205556073239,32.48234655078761,-53.58784994826101,0.2527807823472237,-0.01850496602195506,0,0
2018-03-15,2401.25,2391.0,2415.25,2374.5,3340.0,0.0042,0.004181913225300482,-0.012643914473684181,-0.05369458128078819,0.3036980795577824,0.2624916570802713,0.22040478650453404,8.114025442356757,0.0,1.0106422956093015,0.9574075735374741,0.9697035717489653,35.03569467325646,-51.21455257974412,0.3002213272431033,-0.036855804268610126,0,0
2018-03-16,2380.5,2398.0,2431.0,2371.5,3340.0,-0.0086,-0.008641332639250376,0.0025268477574225123,-0.07660977501939492,0.2695028955063936,0.24686417673160174,0.21438679062059893,8.114025442356757,0.0,1.001547685233881,0.9527875523239331,0.9677896607669967,27.324913892078072,-50.42676059495443,0.265871337070714,-0.032136105860113395,0,0
2018-03-19,2363.0,2371.75,2393.5,2356.75,3340.0,-0.0074,-0.007351396765385432,0.006495580875306217,-0.08090237261765854,0.2632876197976768,0.24661038891749917,0.21456264592500984,8.114025442356757,0.0,0.9932744850777637,0.9492564893980276,0.9653753707510093,26.681614349775785,-50.63089211006263,0.2409479615865629,-0.03618281845112148,0,0
2018-03-20,2351.5,2367.5,2370.0,2320.75,3340.0,-0.0049,-0.004866694879390621,-0.014665828619316978,-0.060245778799080774,0.24084228198368635,0.22749050814982696,0.21433627013824041,8.114025442356757,0.0,0.9905223251895535,0.9478255904176169,0.9642939916727087,30.61093247588424,-51.13121290269646,0.23063184529269554,-0.0337018924091006,0,0
2018-03-21,2402.75,2350.5,2414.0,2349.5,3340.0,0.0218,0.021794599192004993,0.02967645168202271,-0.018283963227783473,0.23033377027386845,0.23743525786572264,0.232359519851092,8.114025442356757,0.0,1.0079102308648817,0.9700470674521335,0.9645607510413908,44.19208306294614,-46.85219115444397,0.4055461713517623,-0.03672874830922901,0,0
2018-03-22,2360.5,2405.5,2419.75,2353.5,3340.0,-0.0176,-0.017584018312350458,-0.015227367542761772,-0.03819904247733519,0.19745268486818,0.24635679078107783,0.23655502401263653,8.114025442356757,0.0,0.9923577016050328,0.9551491935891773,0.9640367893476023,38.85918003565063,-46.336123503768704,0.2886889477335815,-0.028171997458165676,0,0
2018-03-23,2351.0,2354.75,2358.75,2331.75,3340.0,-0.004,-0.004024571065452287,-0.01683220073183478,-0.033504624871531385,0.19778849067183596,0.24484880229336736,0.23655403776790307,8.114025442356757,0.0,0.9907588573492669,0.953700949238716,0.9641031683787993,40.024479804161565,-46.161584763167866,0.2768661722843389,-0.024245002126754622,0,0
2018-03-26,2384.75,2354.5,2391.25,2334.5,3340.0,0.0144,0.014355593364525632,-0.006871421134825639,-0.019428453947368474,0.2200763307834681,0.2548758396117534,0.24456575930387597,8.114025442356757,0.0,1.0059810774978908,0.9691216710465715,0.9644555242920231,44.65195246179966,-42.806472248302725,0.4197143392962489,-0.03501415242687911,0,0
2018-03-27,2405.0,2382.25,2408.75,2378.25,3340.0,0.0085,0.008491456127476704,0.010291955471539493,0.012844809433564919,0.2187771736018002,0.23598649372420585,0.2386280820296733,8.114025442356757,0.0,1.013027649908235,0.9792677547419498,0.9672341333126512,53.77008652657602,-38.07461518111995,0.5596484126352717,-0.023492723492723466,0,0
2018-03-28,2416.5,2404.0,2424.5,2372.5,3340.0,0.0048,0.004781704781704699,0.02264071096064324,0.02928335640506874,0.20999061774524538,0.22953235438135106,0.24022571090386544,8.114025442356757,0.0,1.0146053262955854,0.9861856469483952,0.9714355675136788,58.8310854206808,-33.0160420922316,0.688824479721033,-0.012311193875439663,0,0
2018-03-29,2396.75,2417.5,2424.0,2375.5,3340.0,-0.008199999999999999,-0.008172977446720409,0.019243036359770427,0.004294992667085662,0.2162213760549294,0.2234346556120981,0.22508048665372513,8.114025442356757,0.0,1.0035891070600726,0.9810081247569735,0.9745980744998407,51.38419986495611,-30.252019961709266,0.5682829287400448,-0.01689788254928548,0,0
2018-04-03,2397.75,2397.5,2419.75,2379.0,3340.0,0.0004,0.0004172316678836552,-0.0020809489127041614,0.027533747589457924,0.17060342581981935,0.19826254776077093,0.21314448142437276,8.114025442356757,0.0,1.0043082170264326,0.9842037571661172,0.9792488013307039,60.09426551453261,-27.66195111344632,0.6127362602992193,-0.02116567615472842,0,0
2018-04-04,2369.25,2399.0,2404.5,2356.0,3340.0,-0.011899999999999999,-0.011886143259305593,0.0037068417708112644,-0.011576971214017573,0.14824600218195585,0.16919891847434212,0.21600258925944868,8.114025442356757,0.0,0.9918515639016805,0.9754013997529848,0.9813488796094806,45.101500441306264,-27.590963256676787,0.37316985930374974,-0.0016882979845942447,0,0
2018-04-05,2384.5,2372.0,2397.25,2360.25,3340.0,0.0064,0.006436636066265766,0.014249255635899516,-0.0028227914270778642,0.1479278275422732,0.171693118025616,0.2160133392463528,8.114025442356757,0.0,0.9962398161687904,0.984435637024193,0.9839048326786748,48.84713919726729,-26.0043948417524,0.5522999167057512,-0.02044453763891796,0,0
2018-04-06,2385.0,2392.25,2397.75,2349.5,3340.0,0.0002,0.0002096875655273056,0.00010483279169726245,-0.006767308693388818,0.12031941772538968,0.1705748455802801,0.21603399225224879,8.114025442356757,0.0,0.9964338471179814,0.9870599271603575,0.9858405135037129,47.131509267431596,-24.425124489982863,0.5520394079010803,0.013417190775681265,1,1
2018-04-09,2383.0,2383.5,2396.25,2371.25,3340.0,-0.0008,-0.0008385744234801207,-0.009147609147609148,0.0010501995379121887,0.10481735119389687,0.16645757584501938,0.19951779222901359,8.114025442356757,0.0,0.996907262703381,0.9885437336227936,0.9882252022057189,50.47258979206049,-23.068999576317765,0.5110342859323385,0.03514477549307604,1,1
2018-04-10,2389.0,2385.0,2402.75,2373.75,3340.0,0.0025,0.0025178346621905767,-0.011380095178977867,0.0110029623360135,0.10007969439116293,0.16309621533781823,0.19516402584735434,8.114025442356757,0.0,1.001062540219392,0.993071913537481,0.9910306023476316,55.13833992094862,-21.264981486393935,0.5800512616460549,0.033905399748848986,1,1
2018-04-11,2393.75,2389.0,2407.75,2370.75,3340.0,0.002,0.001988279614901556,-0.0012516950036507435,0.01796725494365292,0.09020439123906461,0.16103421614685834,0.18684125797125417,8.114025442356757,0.0,1.0032330973371852,0.997593273668747,0.994824868612389,58.578680203045685,-19.230323649714137,0.6185004991804685,0.04093994778067889,1,1
2018-04-12,2335.75,2387.0,2397.0,2316.75,3340.0,-0.0242,-0.02422976501305485,-0.0258575748097174,-0.027884715430236184,0.16970702990158784,0.1659150694978161,0.19000193851189484,8.114025442356757,0.0,0.9825723772178903,0.9766134033909171,0.9960856420114543,36.758893280632414,-22.043850146335444,-0.054839493186194944,0.04270576902493839,1,1
2018-04-13,2302.75,2330.75,2365.75,2290.75,3340.0,-0.0141,-0.014128224339077344,-0.028067953993879957,-0.024465155687354412,0.17471638908226478,0.16015750883850097,0.16845955746133062,8.114025442356757,0.0,0.9725771174296703,0.9655001327724281,0.9971334133295531,38.15384615384615,-26.62944668760474,-0.18725526924035013,0.055911410270328865,1,1
2018-04-16,2354.0,2301.25,2380.75,2289.25,3340.0,0.0223,0.02225599826294644,-0.012790941497169195,0.0012760527435133895,0.23110982421757348,0.18903575130641073,0.1879756566442534,8.114025442356757,0.0,0.996055793148263,0.9882797467025856,0.998528096121071,50.52539404553416,-25.830361964239273,0.3035435237040184,0.04003823279524221,1,1
2018-04-17,2357.25,2359.75,2364.75,2326.75,3340.0,0.0014000000000000002,0.0013806287170772258,-0.011635220125786216,-0.01153160708669676,0.23163227102827436,0.17782723815755938,0.18731192420339648,8.114025442356757,0.0,0.9991068995791833,0.9909894129105037,0.9990596038024236,44.6078431372549,-24.650676075970296,0.3456468773760042,0.043801039346696324,1,1
2018-04-18,2368.5,2347.0,2413.0,2329.0,3340.0,0.0048,0.004772510340439018,-0.006084767100293709,-0.01517671517671515,0.23481052740657718,0.17474608036001965,0.18600824639960575,8.114025442356757,0.0,1.0047572874371251,0.9966127369506216,0.9988593910139848,42.58130081300813,-22.54806546748614,0.4454830312587953,0.040426430230103394,1,1
2018-04-19,2346.0,2359.0,2398.25,2327.75,3340.0,-0.0095,-0.00949968334388851,-0.017999162829635873,-0.02917442582247054,0.23876463229213268,0.17603024991311633,0.18719760480698644,8.114025442356757,0.0,0.9978126139263579,0.9883373940640776,0.9979442237150019,36.284046692607006,-22.43863475750595,0.24478791479272433,0.06596334185848263,1,1
2018-04-20,2336.0,2341.0,2384.5,2324.0,3340.0,-0.0043,-0.004262574595055413,-0.02412532637075715,-0.025346823823928277,0.23677309059833918,0.17416789831938864,0.1870226146010193,8.114025442356757,0.0,0.997057971677261,0.9846568875400438,0.9966549847050605,37.71486349848331,-22.89490830658133,0.18893898216831473,0.07234589041095885,1,1
2018-04-23,2318.25,2350.5,2357.75,2317.75,3340.0,-0.0076,-0.007598458904109595,-0.007492240179813758,-0.033156083828589256,0.19209780802196808,0.17552594911468442,0.17034446997043748,8.114025442356757,0.0,0.9905388289511833,0.9775802087359877,0.9946736680405023,34.94318181818181,-24.40743136290439,0.08382070255616952,0.09177181063302053,1,1
2018-04-24,2307.5,2333.0,2359.25,2305.25,3340.0,-0.0046,-0.00463711851612203,0.002062751058516943,-0.026063100137174167,0.1722993366698697,0.17051344718013992,0.1607157002563306,8.114025442356757,0.0,0.9856598016781084,0.9741287721544816,0.993917411892181,37.46192893401015,-26.171859041073276,0.05391015721419245,0.08082340195016258,1,1
2018-04-25,2308.25,2313.75,2339.5,2276.0,3340.0,0.0003,0.0003250270855905679,-0.019435004248088306,-0.0319773537429231,0.08146436329362422,0.16669803230460117,0.16040118873647183,8.114025442356757,0.0,0.988740495968914,0.974791749515226,0.9919706234719626,33.54908306364618,-27.196161534896873,0.11344098274348806,0.0708328820535038,1,1
2018-04-26,2340.25,2306.0,2344.25,2294.5,3340.0,0.0139,0.013863316365211764,-0.007211793403330113,-0.018763102725366854,0.1289085713077902,0.18015292705237249,0.15982218480556665,8.114025442356757,0.0,1.003491630805985,0.9890957503011347,0.9914127524173802,41.50047483380816,-25.136043414275264,0.35890364615784287,0.06142506142506132,1,1
2018-04-27,2347.0,2333.0,2349.5,2320.5,3340.0,0.0029,0.0028843072321333985,-0.009077475195271245,-0.015107007973143127,0.12581478673836177,0.1810249366409044,0.15684613658788638,8.114025442356757,0.0,1.007713186021192,0.9925673746867831,0.9909437062836723,43.28358208955223,-22.697078580007656,0.42821408197396316,0.05144865786109931,1,1
2018-04-30,2312.75,2345.5,2364.25,2312.5,3340.0,-0.0146,-0.01459309757136773,-0.014173060528559267,-0.03191712013394721,0.14241557832494345,0.18891546533058481,0.1619448821579243,8.114025442356757,0.0,0.9950368776889982,0.979304504313767,0.9898753128520767,37.130801687763714,-23.25974626164998,0.18803887269749348,0.07393795265376712,1,1
2018-05-01,2304.0,2318.0,2333.75,2289.0,3340.0,-0.0038,-0.0037833747702951115,-0.013698630136986356,-0.03749347258485636,0.1421249300452398,0.18799105945915096,0.16055751112356428,8.114025442356757,0.0,0.9932257667200394,0.9766539851424818,0.9882278314290863,35.054121565362195,-24.133520128900273,0.15316422315439557,0.06749131944444442,1,1
2018-05-02,2277.5,2298.5,2338.75,2245.0,3340.0,-0.0115,-0.01150173611111116,-0.017577914375067394,-0.024938456598523007,0.15035008119243432,0.16617259165290882,0.16373402673531143,8.114025442356757,0.0,0.9842720214851286,0.9665885049178241,0.9876573150454042,39.162790697674424,-26.657035037670084,0.025403484837157247,0.05554335894621287,1,1
2018-05-03,2272.25,2272.0,2291.75,2252.5,3340.0,-0.0023,-0.0023051591657519133,-0.015276273022751918,-0.013245033112582738,0.14960174952184388,0.15638533520989512,0.1600598788748748,8.114025442356757,0.0,0.9841449078084397,0.9654427645788336,0.9878402233676107,43.67219917012448,-28.749167401661907,0.052929686803121594,0.07338541093629658,1,1
2018-05-04,2314.5,2276.0,2323.5,2260.0,3340.0,0.018600000000000002,0.018593904719991228,0.0027076789775803967,-0.016779949022939666,0.19546663011699442,0.1463186689046689,0.17308697072578583,8.114025442356757,0.0,1.0020564996211712,0.9846247655781931,0.9878761574220616,41.487068965517246,-26.69030623496974,0.3635292203355899,0.04417800820911655,1,1
2018-05-08,2294.0,2320.5,2335.5,2287.0,3340.0,-0.0089,-0.008857204579822864,-0.01976284584980237,-0.02683211369180194,0.17661763810730202,0.14927805523764306,0.1748904367042192,8.114025442356757,0.0,0.9960302691973699,0.9768248932795384,0.9868848270649477,37.311935807422266,-26.40840297063869,0.24019095484961023,0.05111159546643407,1,1
2018-05-09,2294.0,2296.0,2316.25,2282.0,3340.0,0.0,0.0,-0.02258201959948869,-0.03145450707198649,0.17354359927961713,0.14649006199599746,0.174972204918491,8.114025442356757,0.0,0.9993154521127637,0.9776158361832923,0.9854161244515066,34.34873949579833,-25.886588128548738,0.2590550493095024,0.04326503923278113,1,1
2018-05-10,2301.25,2292.5,2334.25,2287.5,3340.0,0.0032,0.0031604184829991944,-0.004972435412387899,-0.019075021312872975,0.15647234113870234,0.1441580581324849,0.17518386567504537,8.114025442356757,0.0,1.00319165498988,0.9818701577605609,0.9852225506325608,39.95510662177329,-24.604407404648555,0.33072182587745796,0.049755567626289965,1,1
2018-05-11,2348.5,2307.5,2358.25,2302.0,3340.0,0.020499999999999997,0.020532319391634912,0.01931423611111116,0.005351027397260344,0.19852076840961297,0.1703965524915464,0.19118063820715925,8.114025442356757,0.0,1.0209601291764998,1.002836066798803,0.9863961312775111,52.40384615384616,-19.55022698102721,0.7558641283727034,0.025974025974025983,1,1
2018-05-14,2386.75,2347.0,2401.25,2347.0,3340.0,0.0163,0.01628699169682779,0.04796926454445671,0.02954815054459181,0.1838988528260893,0.17850926057985034,0.17990906394740958,8.114025442356757,0.0,1.0305960367029068,1.0196010024777147,0.9889041909589855,62.21033868092692,-12.3163223530496,1.002481496814059,0.011940923850424223,1,1
2018-05-15,2356.25,2385.5,2392.75,2346.25,3340.0,-0.0128,-0.012778883418875009,0.03696776323027828,0.021126760563380254,0.21390390803835094,0.18761166576325491,0.1785263304519906,8.114025442356757,0.0,1.0121814639235358,1.0071524745139664,0.9909632331464475,58.118234804329724,-8.941424740211914,0.7547155024360594,0.03225464190981442,1,1
2018-05-16,2347.0,2347.25,2372.75,2328.0,3340.0,-0.0039000000000000003,-0.003925729442970871,0.01404190969971908,0.01678760966099868,0.19702892469010674,0.18901519677694956,0.1617866131109936,8.114025442356757,0.0,1.0062010993553918,1.0039245880251944,0.9928642465295124,56.2753036437247,-6.933269348498925,0.6874652200193003,0.023647209203238262,1,1
2018-05-17,2365.25,2339.5,2372.75,2327.5,3340.0,0.0078000000000000005,0.007775884107371178,0.03105928509154321,0.01068261937827164,0.18310452485910145,0.1828065737778058,0.16402170027197796,8.114025442356757,0.0,1.0096194889932313,1.011788694688136,0.993684755158859,54.23728813559322,-3.8250761572880947,0.840375716051833,0.019131170066589265,1,1
2018-05-18,2335.75,2365.75,2373.25,2332.5,3340.0,-0.0125,-0.01247225451854983,0.018199651264167338,-0.004793353216872576,0.20922388875732326,0.19087805636583718,0.16878934174578414,8.114025442356757,0.0,0.994495384942901,0.9998644445078623,0.9940319910961446,48.229740361919745,-3.6995678034072625,0.6030229996279037,0.022476720539441386,1,1
2018-05-21,2417.0,2336.25,2417.75,2333.5,3340.0,0.0348,0.0347854008348496,0.05029875067897871,0.04507620797751599,0.2848239362679381,0.23003271058859087,0.20518826187209066,8.114025442356757,0.0,1.021894724126476,1.0341729183900505,0.996764452992881,64.29061000685401,2.9224067508116605,1.1116160570441003,-0.011998345055854398,0,0
2018-05-22,2466.75,2402.75,2477.75,2402.75,3340.0,0.0206,0.020583367811336295,0.050351288056206034,0.07063802083333326,0.28492465424979674,0.23865735537650246,0.21424813183400315,8.114025442356757,0.0,1.035532766608195,1.054200455142793,1.000543362958825,70.0554528650647,12.04592064085955,1.1875688462173724,-0.053917097395358216,0,0
2018-05-23,2470.0,2462.5,2476.0,2446.0,3340.0,0.0013,0.0013175230566535578,0.034880067036765494,0.08452250274423712,0.2789206457747519,0.227416897669196,0.2110596757717466,8.114025442356757,0.0,1.0317460317460319,1.054372765594152,1.0052596674975416,75.16339869281046,19.31595664427732,1.0655816867293646,-0.042408906882591135,0,0
2018-05-24,2491.75,2463.75,2514.5,2463.75,3340.0,0.0088,0.008805668016194312,0.05750663129973477,0.09660028606007254,0.24951961002234638,0.2245064422917998,0.20997903156150166,8.114025442356757,0.0,1.032482907627194,1.0621760737743644,1.0105432546970412,77.5062656641604,26.526771670952712,1.0407315050510735,-0.0576903782482191,0,0
2018-05-25,2435.5,2494.5,2507.0,2426.5,3340.0,-0.0226,-0.0225744958362597,0.03770771197273115,0.05227910995895435,0.30603310781728565,0.24885253703053034,0.22882051643064308,8.114025442356757,0.0,1.0039159109645508,1.0367285549083738,1.0127920046297094,64.64891041162228,27.386791744035236,0.7929144380664205,-0.042599055635393124,0,0
2018-05-29,2431.5,2444.0,2466.75,2424.5,3340.0,-0.0016,-0.001642373229316374,0.028009724130641622,0.0599389712292937,0.30824915484081605,0.24358852873451714,0.22553304600986934,8.114025442356757,0.0,0.9983722669482205,1.0331384705811537,1.0151182606311653,67.33921815889029,27.429408134694313,0.754764600567554,-0.046164918774419084,0,0
2018-05-30,2448.25,2434.0,2449.25,2416.5,3340.0,0.0069,0.0068887517993008185,0.04816440115594567,0.06724062772449879,0.285545676972893,0.24299743874056243,0.22617477533164598,8.114025442356757,0.0,0.9986597322378101,1.0388687331593576,1.0184402193185846,68.66303690260133,28.4863935332487,0.7841519234805792,-0.0995609108546921,0,0
2018-05-31,2460.5,2442.75,2465.75,2440.5,3340.0,0.005,0.005003573981415377,0.017997517583781653,0.06920152091254761,0.20894488725110302,0.24288696786526864,0.21797963564107156,8.114025442356757,0.0,1.0011189095717627,1.0425442514591594,1.0217747797326273,69.0376569037657,29.967092708375276,0.7947657601538801,-0.1010973379394432,0,0
2018-06-01,2464.25,2455.5,2464.75,2428.75,3340.0,0.0015,0.0015240804714489187,-0.0010134792743488052,0.04928677879497556,0.16728960495499068,0.23232943253408114,0.21665688013778195,8.114025442356757,0.0,1.002790413766041,1.0427230477372582,1.0238933122703584,65.44362908605737,31.084824623835175,0.7804547607143196,-0.10226235162828445,0,0
2018-06-04,2500.75,2457.5,2509.25,2431.5,3340.0,0.0148,0.014811808866795229,0.012449392712550633,0.04776369540169689,0.19011672529257204,0.23084017310993185,0.21315989458091328,8.114025442356757,0.0,1.0158276512403888,1.0558630323032374,1.0251013952815067,65.28150134048258,34.51797840804011,0.8731049456215499,-0.13306008197540742,0,0
2018-06-05,2505.0,2500.25,2533.5,2485.75,3340.0,0.0017000000000000001,0.0016994901529541195,0.005317547908096687,0.06312997347480098,0.18384498494861304,0.21899499612992188,0.21198575186666266,8.114025442356757,0.0,1.0167722482350723,1.0551477944041365,1.0271444066185178,71.44917087238645,37.15343532263887,0.8481952886084628,-0.13083832335329337,0,0
2018-06-06,2531.0,2508.25,2533.5,2499.25,3340.0,0.0104,0.01037924151696612,0.03921166084992822,0.07839795483596079,0.09025540522989448,0.21676242714152497,0.2070739547834516,8.114025442356757,0.0,1.0216679881784763,1.0629243368096872,1.0296048355647993,75.30949105914718,40.868925095357554,0.8973988578680122,-0.14193994468589488,0,0
2018-06-07,2494.0,2530.5,2554.75,2493.25,3340.0,-0.0146,-0.014618727775582818,0.025704297758585293,0.05443399217841671,0.14838745967908662,0.23244402022806313,0.21259163367815223,8.114025442356757,0.0,1.0031171442936149,1.0446583777217735,1.0307758743633446,66.84107259646828,40.362611668338104,0.7476446142248168,-0.14464715316760224,0,0
2018-06-08,2471.75,2512.5,2512.5,2464.75,3340.0,-0.0089,-0.008921411387329603,0.009598692943939557,0.05822540939740972,0.16353112974641343,0.22804470048329256,0.21694720263296668,8.114025442356757,0.0,0.992827325022594,1.0329804276659469,1.0324878854515964,68.13333333333333,37.73102580194609,0.6465669745757594,-0.1350257914433094,0,0
2018-06-11,2484.0,2475.75,2504.75,2473.25,3340.0,0.005,0.004956002832001705,0.009550904287746409,0.027720314439387606,0.16348748155741966,0.1805191341799837,0.21698545693333202,8.114025442356757,0.0,0.9964041660100569,1.0360252333037903,1.0324204756194746,60.947712418300654,36.216466780676456,0.677629656870262,-0.14241143317230276,0,0
2018-06-12,2467.75,2478.0,2501.75,2466.5,3340.0,-0.006500000000000001,-0.006541867954911407,0.0014203104392818133,0.0004053917097395221,0.17026209414662893,0.16218633145669736,0.2107555908031111,8.114025442356757,0.0,0.9896873254364983,1.0275227447796307,1.0307199514619414,50.18348623853211,33.320826900414886,0.5914987060171558,-0.1281531759700132,0,0
2018-06-13,2483.75,2473.75,2508.5,2464.25,3340.0,0.006500000000000001,0.006483638942356373,-0.006797960611816478,0.005566801619433237,0.1459472026983327,0.1644175506244839,0.20530846349674967,8.114025442356757,0.0,0.9970752268849733,1.031736141400295,1.0286874423269214,52.41016652059597,31.948791929834897,0.6439897821626137,-0.1324609964771012,0,0
2018-06-14,2459.5,2488.25,2489.5,2449.25,3340.0,-0.0098,-0.009763462506290899,-0.018163672654690655,-0.012942710946122205,0.15326995142076555,0.16499098183143165,0.20282830383262032,8.114025442356757,0.0,0.9899233832133052,1.0194677793743783,1.0255224699584709,44.39617723718506,28.57527402490905,0.5016306107142458,-0.12034966456596874,0,0
2018-06-15,2404.0,2463.5,2463.5,2401.5,3340.0,-0.0226,-0.022565562106119152,-0.05017779533781119,-0.012933689180866348,0.16344699066823137,0.1649682134385575,0.21942932128942916,8.114025442356757,0.0,0.9747027903676566,0.9947243198510396,1.0228021693833216,44.51219512195122,21.179209865495523,0.1640044152389657,-0.11210482529118138,0,0
2018-06-18,2439.0,2402.5,2444.0,2392.75,3340.0,0.0146,0.01455906821963393,-0.022052927024859614,0.0030845157310301907,0.19844530494209545,0.17736916512888523,0.2232030665022536,8.114025442356757,0.0,0.9920539229215997,1.0068908100744125,1.020676361931432,51.17924528301887,17.935236978598823,0.28172356004169674,-0.1156211562115621,0,0
2018-06-19,2416.75,2438.0,2447.75,2401.25,3340.0,-0.0091,-0.009122591225912302,-0.022251441286537887,-0.012866333095067906,0.198696116704393,0.17880398678393483,0.22083935189281195,8.114025442356757,0.0,0.986155437998222,0.996303497935318,1.0183146659651885,45.13137557959814,13.414343839536286,0.10418737442850287,-0.10541015827040445,0,0
2018-06-20,2411.25,2413.5,2428.0,2397.75,3340.0,-0.0023,-0.0022757835936692006,-0.029287439613526534,-0.02001625685836217,0.1909019115524173,0.17682854111321078,0.18538606600385857,8.114025442356757,0.0,0.9881015103617844,0.9924371044914339,1.0152286875546639,42.225730071033944,9.280717091386578,0.11136914756255419,-0.11809227579056503,0,0
2018-06-21,2393.25,2411.0,2422.25,2366.5,3340.0,-0.0075,-0.007465007776049748,-0.03018944382534694,-0.028812011768286516,0.1914621035412543,0.17806974419836705,0.17095520430052463,8.114025442356757,0.0,0.9850213141261207,0.9836890995780128,1.0117636754378412,39.274924471299094,4.500460042649593,0.0517379780668674,-0.11041470803300946,0,0
2018-06-22,2415.75,2387.0,2423.25,2368.25,3340.0,0.009399999999999999,0.009401441554371726,-0.02737795671867138,-0.03398980305908228,0.19902006525937027,0.1694213278717135,0.17481476952491554,8.114025442356757,0.0,0.9982732666253431,0.9913819636811326,1.007687347022527,36.59305993690852,2.498828907113875,0.23234248964564283,-0.12563386111973507,0,0
2018-06-25,2409.5,2415.5,2427.0,2394.5,3340.0,-0.0026,-0.0025871882438166516,-0.020329335230737988,-0.03812375249500999,0.19473712044670677,0.1683767411215487,0.17118077100727958,8.114025442356757,0.0,0.9986382071701353,0.9879926466065729,1.0040501264779764,35.03134796238244,0.40354720369259667,0.2084739276572417,-0.12139448018261045,0,0
2018-06-26,2415.25,2410.0,2434.0,2398.25,3340.0,0.0024,0.002386387217264918,0.004679700499168105,-0.04573291189253259,0.1380023937435814,0.15950382374977315,0.1534579636188841,8.114025442356757,0.0,1.000355013830747,0.9899647502459286,1.000270326187093,30.627615062761507,-0.7839646403404004,0.2551950833732327,-0.11313528620225655,0,0
2018-06-27,2432.25,2406.25,2449.0,2406.25,3340.0,0.006999999999999999,0.007038608839664562,-0.002767527675276771,-0.024759422614274218,0.11101964357435085,0.15611874916317792,0.1554720862321996,8.114025442356757,0.0,1.0077986267313839,0.9958986187694491,0.9974267659239269,38.9237668161435,-0.3492919866303055,0.36927078753127657,-0.12097851783328195,0,0
2018-06-28,2402.5,2430.0,2436.0,2391.5,3340.0,-0.012199999999999999,-0.012231472916024222,-0.005896348401779217,-0.02801658743804991,0.12230183084936544,0.15966005091812877,0.15896072176999046,8.114025442356757,0.0,0.9963121491728254,0.9829727167961158,0.9946479836419623,37.903930131004365,-2.3779753264684587,0.2108519201863663,-0.12289281997918833,0,0
2018-06-29,2410.5,2402.0,2443.5,2398.5,3340.0,0.0033,0.003329864724245679,-0.00031104199066878113,-0.02958937198067635,0.12410888443949107,0.15843490909030553,0.15828846538533636,8.114025442356757,0.0,0.9996741513122815,0.9856376181957577,0.9918878463728962,36.96808510638298,-3.3021235234759843,0.2799613943252493,-0.12922630159717896,0,0
2018-07-02,2388.25,2411.5,2421.0,2380.75,3340.0,-0.0092,-0.009230450114084188,-0.0020892092343047786,-0.03221558099483335,0.12891687492786114,0.1602968209562695,0.16055575810114645,8.114025442356757,0.0,0.9907401920113785,0.9758414627917666,0.9888583248816151,36.19791666666667,-5.763468993798142,0.18082483301995486,-0.11902020307756722,0,0
2018-07-03,2388.0,2389.0,2409.25,2382.5,3340.0,-0.0001,-0.00010467915837952813,-0.0114871158025458,-0.03855057876195267,0.110225429452417,0.1556781891945304,0.14946072843563843,8.114025442356757,0.0,0.9922683089708393,0.9761248633200372,0.9864534159163362,32.415059687786965,-7.646136026172371,0.2062175385915336,-0.13190954773869346,0,0
2018-07-04,2333.75,2387.5,2393.0,2307.75,3340.0,-0.0227,-0.0227177554438861,-0.03143805768831709,-0.05112827810530596,0.16840286329439016,0.17542522375066869,0.16469056364088036,8.114025442356757,0.0,0.974106317641096,0.9556813644693333,0.9845660640611449,29.19768403639371,-13.361659928732024,-0.07106189773542015,-0.16400642742367433,0,0
2018-07-05,2365.25,2327.5,2375.25,2316.75,3340.0,0.013500000000000002,0.013497589716122027,-0.020701790704895973,-0.016118968386023336,0.19807908134501226,0.16669060217049567,0.1682729466978406,8.114025442356757,0.0,0.9902066325767769,0.9699676711617194,0.9848407919442512,43.03683737646002,-15.174544354626505,0.15376465161834993,-0.1514639044498467,0,0
2018-07-06,2348.0,2365.0,2367.5,2314.5,3340.0,-0.0073,-0.0072930979811859364,-0.03463870901428723,-0.03731037310373109,0.1861305254947768,0.15201135780542357,0.1638462288625603,8.114025442356757,0.0,0.9879630325343753,0.964789431693278,0.9841089937342887,32.53358925143954,-17.79803449622932,0.09450802415161934,-0.147572402044293,0,0
2018-07-09,2331.75,2334.5,2370.75,2329.5,3340.0,-0.0069,-0.006920783645655848,-0.029448491155046774,-0.03517120099306925,0.18005004524976734,0.15047880838338035,0.16305178228037337,8.114025442356757,0.0,0.9853158673145996,0.9594757705021466,0.9830111355170678,33.30058939096267,-20.94694518271308,0.04483015594213944,-0.15095957971480645,0,0
2018-07-10,2319.25,2335.0,2349.5,2273.0,3340.0,-0.0054,-0.0053607805296451705,-0.03785521676000825,-0.03815448418869882,0.17215107957691322,0.15095327865570318,0.16083190924227644,8.114025442356757,0.0,0.9854621606446423,0.9558038182698615,0.981818743796771,32.409177820267686,-24.172479821037996,0.032244132132305814,-0.13150803061334482,0,0
2018-07-11,2204.5,2314.75,2315.0,2187.0,3340.0,-0.0495,-0.0494772016815781,-0.07693918140898148,-0.07886764859500683,0.31739436164588314,0.24953011431498787,0.22713298631858678,8.114025442356757,0.0,0.9472698812191154,0.9115656572617882,0.9795424696321996,23.65666434054431,-35.57798439726366,-0.29787207948802724,-0.08596053526876846,0,0
2018-07-12,2211.75,2192.0,2225.75,2139.75,3340.0,0.0033,0.003288727602630992,-0.0738065326633166,-0.08444582427817449,0.32297903738659256,0.24362078453969807,0.22531430984933087,8.114025442356757,0.0,0.9607800549203345,0.9177100297708578,0.9768664579199521,20.26239067055394,-43.53012633707294,-0.1118492884251878,-0.06872386119588558,0,0
2018-07-13,2212.25,2210.0,2217.75,2176.25,3340.0,0.0002,0.0002260653328811646,-0.052062131762185326,-0.08186345714878607,0.31642990302654883,0.24471275431295222,0.22553969060323373,8.114025442356757,0.0,0.9682981350924638,0.9211279627759792,0.9744166645600019,20.756115641215715,-49.22448111798212,-0.007127104389196735,-0.06034580178551252,0,0
2018-07-16,2168.0,2202.0,2213.75,2165.5,3340.0,-0.02,-0.020002260142388928,-0.08339498995877814,-0.10237035503571057,0.2857038615074902,0.2483027933234855,0.22317732053683173,8.114025442356757,0.0,0.9607799689785065,0.906891623383414,0.9715500799266964,17.09913506320693,-56.654821973475464,-0.04167889804899866,-0.04208948339483398,0,0
2018-07-17,2177.25,2169.0,2195.5,2163.5,3340.0,0.0043,0.004266605166051596,-0.072721465076661,-0.10484119642306511,0.3020285786028251,0.24540333423787017,0.21460415605522812,8.114025442356757,0.0,0.9754236067777086,0.9149422711243561,0.9683563016499467,15.353260869565219,-61.09278336198486,0.057226318255635435,-0.042829257090366335,0,0
2018-07-18,2171.75,2175.5,2183.75,2132.25,3340.0,-0.0025,-0.002526122402112807,-0.06861799077945752,-0.09604578563995836,0.30539007657688444,0.24543475252544067,0.21434107623161355,8.114025442356757,0.0,0.983025913771642,0.9172468165084013,0.9662926489325008,16.436363636363637,-64.31235102122218,0.09899715448163963,-0.045585357430643514,0,0
2018-07-19,2133.25,2170.25,2183.75,2095.5,3340.0,-0.0177,-0.01772763900080576,-0.08019833998059722,-0.11501763119684716,0.30661246815568044,0.24439086112032377,0.218519888147382,8.114025442356757,0.0,0.9773541683711036,0.9055854874256666,0.9628185023598195,12.959251837007344,-69.17312510157944,0.06674493833056612,-0.02109457400679715,0,0
2018-07-20,2138.0,2121.5,2149.75,2115.5,3340.0,0.0022,0.0022266494784952684,-0.030165570424132482,-0.10478383753794618,0.16189714059387914,0.24859512056499264,0.2201202719543574,8.114025442356757,0.0,0.9838123880425315,0.9119085532302093,0.959763035389315,14.926419060967064,-71.81420878161316,0.12612117612647,-0.004677268475210439,0,0
2018-07-23,2130.25,2132.0,2173.5,2123.0,3340.0,-0.0036,-0.0036248830682881206,-0.036848649259636046,-0.1079355108877722,0.1533363410515237,0.24693718196796208,0.2137181383746378,8.114025442356757,0.0,0.9855261636072238,0.9131958460895441,0.9567221892490084,14.619080301990394,-73.68327196361543,0.15002580449211483,-0.028987208074169657,0,0
2018-07-24,2151.5,2130.5,2181.5,2124.0,3340.0,0.01,0.009975355005281017,-0.027460730025991587,-0.07809319764327793,0.1773880140081943,0.24814439277928454,0.2204827432900562,8.114025442356757,0.0,0.9993696084936962,0.9264921195418139,0.9554594165631115,22.490566037735846,-72.61278560235087,0.2265145686536685,-0.04810597257727167,0,0
2018-07-25,2154.75,2154.0,2177.5,2126.5,3340.0,0.0015,0.0015105740181269312,-0.006111623616236184,-0.08899693478490645,0.13805190671185524,0.23505732743319277,0.22011937056029654,8.114025442356757,0.0,1.0017600079698474,0.9322944459667999,0.9534875216077172,15.264026402640269,-70.68733007027959,0.2567655925479293,-0.05163011950342267,0,0
2018-07-26,2163.5,2157.0,2184.75,2146.0,3340.0,0.0040999999999999995,0.004060795915999504,-0.006315306005281851,-0.07857751277683134,0.1377371514140046,0.23924262277592387,0.21824540068471926,8.114025442356757,0.0,1.006747324336901,0.9400935675902724,0.951849004835636,18.67572156196944,-67.67522297170126,0.298529272778418,-0.04795470302750171,0,0
2018-07-27,2134.5,2159.0,2170.75,2132.25,3340.0,-0.0134,-0.013404206147446307,-0.017152066305974434,-0.0845931167577999,0.1572984545216694,0.24144439559726788,0.21874055164948444,8.114025442356757,0.0,0.9957183079819402,0.9311269930130941,0.9494329565507307,17.9007323026851,-66.85747270390766,0.24843372663398058,-0.05317404544389792,0,0
2018-07-30,2157.0,2145.0,2162.5,2114.75,3340.0,0.0105,0.01054111033028815,0.011133247392476342,-0.06995796054759085,0.13106018946065007,0.25170267885063985,0.2237865935051229,8.114025442356757,0.0,1.00462423899664,0.9448163587119194,0.9482657925667439,24.428684003152085,-63.66000485644645,0.32581871853717065,-0.08507185906351411,0,0
2018-07-31,2162.0,2143.0,2196.75,2143.0,3340.0,0.0023,0.0023180343069078013,0.011225444340505097,-0.019278748015422953,0.13107932950446938,0.14975416050305368,0.2247271837566959,8.114025442356757,0.0,1.0053475935828877,0.9505420625121364,0.9504714030816933,39.75903614457832,-60.03053568984342,0.35773687353630673,-0.05770120259019429,0,0
2018-08-01,2126.5,2161.5,2161.5,2112.0,3340.0,-0.016399999999999998,-0.016419981498612346,-0.0017603567656377939,-0.038544139256245,0.16946474645569665,0.16085790733000246,0.22767446028899826,8.114025442356757,0.0,0.9890861974451403,0.9388520971302429,0.951766004415011,31.919406150583242,-59.334734654016756,0.27032344099350897,-0.04091229720197509,0,0
2018-08-02,2129.0,2127.5,2157.75,2113.25,3340.0,0.0012,0.0011756407241947375,-0.010457820125493789,-0.03763137077635892,0.154863316282366,0.16124908907675617,0.21969027302640196,8.114025442356757,0.0,0.991731687434494,0.943625504629852,0.9528461624914719,32.49211356466877,-57.91398188060248,0.29123619867431105,-0.043330201972757165,0,0
2018-08-03,2112.25,2123.5,2147.0,2096.25,3340.0,-0.0079,-0.007867543447627967,-0.01972386587771202,-0.02571494464944646,0.15750850887634957,0.1431997913379282,0.21017933666801925,8.114025442356757,0.0,0.9867198318290261,0.9404182852309029,0.9553649938543587,36.741973840665885,-57.477050427008635,0.23575022501461715,-0.02142265356846962,0,0
2018-08-06,2117.0,2119.5,2126.25,2074.25,3340.0,0.0022,0.0022487868386791288,-0.021492951236422475,-0.027672522677689715,0.15454107026750852,0.14178586318754666,0.21162617512801218,8.114025442356757,0.0,0.992017137214868,0.9466423708539681,0.9576058297174416,35.358444714459296,-56.10079871348671,0.25174847874135514,-0.02456306093528582,0,0
2018-08-07,2142.0,2132.5,2151.75,2118.25,3340.0,0.0118,0.01180916391119502,0.0035137034434293835,-0.013698630136986356,0.15766049544466207,0.15326617708845947,0.2191117243149454,8.114025442356757,0.0,1.0032283425053945,0.9617384927375723,0.9605679093380485,43.39622641509434,-52.38891148820858,0.39181594060493263,-0.05520541549953317,0,0
2018-08-08,2138.0,2134.0,2156.75,2127.0,3340.0,-0.0019,-0.0018674136321195078,-0.0088085303662494,0.0022266494784952684,0.14134794370581463,0.1330286781257426,0.21916070040359775,8.114025442356757,0.0,1.0026295074279397,0.964188673714434,0.9649698301803423,51.24508519003931,-49.20280142295405,0.376971529631029,-0.0595182413470533,0,0
2018-08-09,2107.25,2134.5,2167.5,2102.0,3340.0,-0.0144,-0.014382600561272163,-0.0253237742830712,-0.014382600561272163,0.1582530031235708,0.14612254769402516,0.149641137233114,8.114025442356757,0.0,0.9918470952124799,0.9545578087486977,0.9682768573024813,42.90657439446367,-48.59883711059865,0.11376488266345328,-0.0314390793688456,0,0
2018-08-10,2099.0,2108.75,2122.75,2089.0,3340.0,-0.0039000000000000003,-0.003915055166686443,-0.012932047966141558,-0.014669639713648652,0.13123551436493383,0.1462289381162046,0.14844631960438456,8.114025442356757,0.0,0.9897941998720063,0.955314000500641,0.9718367780394163,42.8078250863061,-48.22993245435873,0.031642846061216506,-0.03430204859456887,0,0
2018-08-13,2104.0,2095.25,2120.75,2077.25,3340.0,0.0024,0.0023820867079562547,-0.011742602160638826,-0.02207762026493143,0.13258806788163113,0.13851061150116964,0.14912177015733555,8.114025442356757,0.0,0.993825702621546,0.9617369774307208,0.9744949460595589,38.18407960199005,-46.99241533104441,0.13143676499098528,-0.04325095057034223,0,0
2018-08-14,2073.0,2104.0,2124.75,2069.5,3340.0,-0.0147,-0.014733840304182455,-0.01858208071961176,-0.03793943612948136,0.1511933557204501,0.14833264288838327,0.14221809287786763,8.114025442356757,0.0,0.981783122748262,0.9521367194228082,0.9765126267528043,32.131147540983605,-47.96025900558698,-0.09418298798505657,-0.0379884225759769,0,0
2018-08-15,1951.0,2072.5,2082.0,1921.5,3340.0,-0.058899999999999994,-0.058851905451037134,-0.07841284837033535,-0.09822047608042528,0.3635684716263713,0.27696964611319275,0.24066102364829417,8.114025442356757,0.0,0.9344988624116872,0.9013837233477328,0.9752560036696886,18.932748538011694,-57.904179160791955,-0.419938975407465,0.0265248590466427,1,1
2018-08-16,2007.0,1942.5,2059.0,1942.5,3340.0,0.0287,0.028703229113275164,-0.06302521008403361,-0.05973295853829941,0.41874119567507323,0.31387608051541255,0.2676669092207619,8.114025442356757,0.0,0.9702850631075505,0.9324005714263592,0.9764355759919076,32.72357723577235,-60.567886642381836,-0.01188929489279603,0.012456402590931726,1,1
2018-08-17,2001.5,2007.5,2021.25,1986.5,3340.0,-0.0027,-0.002740408570005015,-0.063844714686623,-0.0720908669448308,0.41815318449062966,0.30675844872116237,0.26269689693627174,8.114025442356757,0.0,0.9768349863171288,0.934861724694938,0.9765153010584379,27.911931818181813,-62.40335106080829,0.04148341378452922,0.011616287784161905,1,1
2018-08-20,1979.75,2019.5,2027.75,1975.5,3340.0,-0.0109,-0.010866849862603,-0.060505398030608615,-0.08429694727104531,0.41680952038428337,0.30563203640988723,0.263393339960605,8.114025442356757,0.0,0.9748861258155854,0.9297984008265918,0.9757826036636402,25.288135593220346,-64.86528641928135,0.03163161781492963,0.03346382118954416,1,1
2018-08-21,2014.25,1982.5,2021.5,1978.0,3340.0,0.0174,0.017426442732668246,-0.04037636969985703,-0.052786268516341384,0.4455108961863674,0.3169899688698735,0.2732015138503564,8.114025442356757,0.0,0.9978238561975868,0.9505401377184047,0.9766804549864636,34.73827328348062,-63.302810857750956,0.19937669809706388,0.010301601092217894,1,1
2018-08-22,2015.0,2009.5,2023.25,1990.5,3340.0,0.0004,0.0003723470274294982,-0.04230038022813687,-0.053546265852512875,0.444173788406971,0.3167698284290624,0.2696703610904722,8.114025442356757,0.0,1.004522308870135,0.9537370478327922,0.9757463643212413,34.42622950819671,-61.29742047925606,0.23105817520005895,-0.008933002481389618,0,0
2018-08-23,2059.75,2008.0,2071.25,2004.5,3340.0,0.0222,0.02220843672456585,-0.006391702846116787,-0.024855012427506207,0.46769431985964427,0.33437420843492294,0.2832016872107794,8.114025442356757,0.0,1.0278010443212804,0.9772616745940431,0.9763127616923861,43.337563451776646,-55.457899009161565,0.4155233009661914,-0.034348828741352144,0,0
2018-08-24,2078.75,2057.75,2104.0,2057.5,3340.0,0.0092,0.00922442043937366,0.06547924141465922,-0.018068020784128502,0.22825172944600122,0.3372226717498712,0.2851501125679628,8.114025442356757,0.0,1.0279210228878215,0.9883631090349345,0.9770794171535891,45.31537048377219,-48.73510698547898,0.5001980727500015,-0.05123271196632595,0,0
2018-08-28,2076.75,2085.0,2103.0,2072.75,3340.0,-0.001,-0.0009621166566445849,0.034753363228699596,-0.030462184873949583,0.1874950150641842,0.3320681033449234,0.28197969001501416,8.114025442356757,0.0,1.0218969122893344,0.9888422439310853,0.9762753138331459,41.53147306943543,-43.07212056253138,0.508542635593103,-0.0663296015408692,0,0
2018-08-29,2084.0,2077.25,2094.0,2066.0,3340.0,0.0034999999999999996,0.003491031660045829,0.041219085685735735,-0.025257249766136525,0.18034937906862017,0.3328868424274131,0.2793412193552373,8.114025442356757,0.0,1.0195516572606713,0.9937651252339569,0.9758830752357451,43.050193050193045,-37.56610988287093,0.5581150004905947,-0.08277351247600773,0,0
2018-08-30,2072.75,2080.5,2108.25,2051.75,3340.0,-0.0054,-0.005398272552783134,0.04697562823588841,-0.01637204887887056,0.16101901769256272,0.32835999898478446,0.27929540943002285,8.114025442356757,0.0,1.0074993490148425,0.9899583288557748,0.976244206892199,45.325203252032516,-33.721615932905024,0.5210159423902615,-0.03642503919913154,0,0
2018-08-31,2088.25,2068.5,2107.25,2057.25,3340.0,0.0075,0.007477988179954265,0.03673824003971693,-0.005121486422105748,0.143045957490548,0.329936999511577,0.27584071301092433,8.114025442356757,0.0,1.0098443895614928,0.9980762567062169,0.9765771025046215,48.57142857142858,-29.08878886745697,0.6033318420204808,-0.01927451215132292,0,0
2018-09-03,2128.0,2083.0,2130.75,2074.5,3340.0,0.019,0.019035077217766094,0.05607940446650117,0.011406844106463865,0.15946659214885606,0.3398421937443591,0.2841964329121555,8.114025442356757,0.0,1.0210957448631603,1.017236777634813,0.9775521829514732,52.91970802919708,-21.956644712277466,0.7804907952491127,-0.022673872180451138,0,0
2018-09-04,2068.5,2117.25,2130.5,2066.25,3340.0,-0.027999999999999997,-0.02796052631578949,0.004248088360237823,-0.0021707670043414895,0.2358089529570094,0.35598312465112425,0.29943842209797833,8.114025442356757,0.0,0.991950400767281,0.9897681688770507,0.9783611753219308,49.48805460750854,-20.8650030555159,0.5191430600846827,-0.002054628958182203,0,0
2018-09-05,2048.0,2070.25,2096.5,2043.75,3340.0,-0.009899999999999999,-0.009910563210055567,-0.014792543595910979,0.04971809328549459,0.23470681965019366,0.24086268694847401,0.3008256553920229,8.114025442356757,0.0,0.9841929116965588,0.9815794098381608,0.9832997071785754,64.3491124260355,-21.40727807593794,0.4414492123161257,-0.0054931640625,0,0
2018-09-06,2043.5,2050.25,2078.25,2025.75,3340.0,-0.0022,-0.002197265625,-0.01601059347538225,0.018186347782760404,0.2345872104975292,0.21237451767403262,0.2969628012916742,8.114025442356757,0.0,0.9842771623202367,0.9811665006181806,0.9863022859817924,56.36998254799302,-21.94715419648628,0.43834252466207096,-0.023244433569855616,0,0
2018-09-07,2059.75,2045.5,2083.5,2029.0,3340.0,0.008,0.007952043063371717,-0.011636276391554734,0.029103172620534634,0.24058990158746404,0.2132049332381038,0.29898837131916395,8.114025442356757,0.0,0.9937623847678124,0.9906136778992592,0.9899437988668164,59.79814970563499,-20.8237277473836,0.539575651670849,-0.030828984100012113,0,0
2018-09-10,2021.0,2052.5,2092.75,2016.25,3340.0,-0.018799999999999997,-0.018812962738196437,-0.024966831504040554,0.020835964136886043,0.26205689241271024,0.22494073742408988,0.3017556170067737,8.114025442356757,0.0,0.9785571003666045,0.9737490865581512,0.9931679712012006,56.56324582338902,-22.797410982446763,0.34300681621200224,-0.010514596734290005,0,0
2018-09-11,1973.5,2017.5,2033.5,1957.75,3340.0,-0.0235,-0.023503216229589285,-0.05495031725128696,-0.02023085515700629,0.2732941239162146,0.2357701686578551,0.31096356520303525,8.114025442356757,0.0,0.9632031236382017,0.9536734266522768,0.9946970202523432,43.773873185637896,-27.87311823518894,0.1198724632126093,0.01570813275905758,1,1
2018-09-12,2037.25,1972.0,2039.25,1971.5,3340.0,0.0323,0.03230301494806187,-0.04264567669172936,0.011042183622828716,0.3332594904966054,0.2758247983284289,0.33362861886610856,8.114025442356757,0.0,1.000649054485493,0.9864622213255321,0.9974694124598289,52.85073670723895,-26.446699493204505,0.4822741825435069,-0.01398944655785983,0,0
2018-09-13,2039.5,2042.25,2075.0,2029.0,3340.0,0.0011,0.0011044299914100275,-0.014019821126420084,-0.009831290205121967,0.29648467296022224,0.25822889227430523,0.3300983611814125,8.114025442356757,0.0,1.0037968008437335,0.9889403863793402,0.9981706813735648,47.08842559309849,-24.848260883464945,0.4660859821054134,-0.01924491296886488,0,0
2018-09-14,2036.75,2040.5,2069.5,2023.75,3340.0,-0.0013,-0.0013483696984555316,-0.0054931640625,-0.02020444978953695,0.29113017174014894,0.25431155773492387,0.2533469784690166,8.114025442356757,0.0,1.0032368721963234,0.9890816970717258,0.9982043710211151,43.66515837104072,-23.532125096535538,0.43764787256464804,-0.020130109242666006,0,0
2018-09-17,2067.0,2026.0,2069.75,2014.5,3340.0,0.0149,0.014852092794893856,0.011499877660875901,-0.0046948356807511304,0.3049518243795484,0.26345081106407997,0.2392195972601439,8.114025442356757,0.0,1.0164562075203287,1.004507405022537,0.9985976190765461,48.64489228630994,-19.819686800832415,0.6171272709829291,-0.05091920657958393,0,0
2018-09-18,2065.0,2053.0,2073.0,2037.25,3340.0,-0.001,-0.0009675858732463016,0.002548853016142827,-0.009117082533589227,0.3020673546898683,0.2629157837936002,0.2389011609897301,8.114025442356757,0.0,1.0150983146067416,1.0043815028433156,0.9987794095422611,47.32016925246827,-16.844760081397453,0.5833526369414174,-0.05774818401937043,0,0
2018-09-19,2023.75,2068.0,2077.5,2011.25,3340.0,-0.02,-0.01997578692493951,0.001360712518555074,-0.02364009166566161,0.30525657902603215,0.27514174606542746,0.24684056469830756,8.114025442356757,0.0,0.9946288462551123,0.9862089130381813,0.9989922969017044,43.62808842652796,-17.61261225185308,0.2673967823880684,-0.05336627547869055,0,0
2018-09-20,2010.75,2021.25,2051.75,1994.75,3340.0,-0.0064,-0.006423718344657159,0.018875095008867415,-0.037112414701304886,0.2635496985866746,0.2725916666351518,0.24079275946658948,8.114025442356757,0.0,0.9856617647058824,0.9819034170678408,0.9983582912974905,39.85602094240838,-19.050529339795503,0.17294152218022668,-0.025736665423349514,0,0
2018-09-21,2041.0,2013.5,2054.25,2000.5,3340.0,0.015,0.015044137759542497,0.0018407166523499718,-0.04088345864661658,0.19338632658159655,0.2669296792419897,0.2463576458384997,8.114025442356757,0.0,1.0002275312855518,0.9977512710207275,0.9963981926364602,38.32214765100671,-17.546897094282713,0.4083726697090402,-0.017515923566879033,0,0
2018-09-24,2027.0,2046.5,2069.25,2024.5,3340.0,-0.0069,-0.006859382655560964,-0.00612895317479778,-0.02006284747401499,0.19789148942579904,0.2423232339866772,0.2347227930794861,8.114025442356757,0.0,0.9942366646229307,0.9920712607674236,0.9961177844277883,43.654434250764524,-17.285682120228103,0.32214149251102414,-0.043537247163295545,0,0
2018-09-25,2013.0,2028.5,2041.25,2006.25,3340.0,-0.0069,-0.006906758756783371,-0.011660734012519991,-0.01708984375,0.20130593441739364,0.24059246458558575,0.23280843875116464,8.114025442356757,0.0,0.9890156167748728,0.986684094436729,0.9963734288748585,44.539781591263655,-18.000847800154588,0.2438608248093696,-0.04980129160457025,0,0
2018-09-26,1994.25,2005.5,2028.5,1981.0,3340.0,-0.009300000000000001,-0.009314456035767527,-0.03519593613933236,-0.02410080743821874,0.16775147731834572,0.2430896781857872,0.23439083339344874,8.114025442356757,0.0,0.9848321839891356,0.9787529907363858,0.9959305535674117,42.64376400298731,-19.85175142060757,0.1465365742404655,-0.031214742384355065,0,0
2018-09-27,2002.75,1993.75,2007.0,1973.0,3340.0,0.0043,0.004262253980193087,-0.03014527845036319,-0.02767326131812109,0.17584650761999834,0.24076246861501988,0.23462632142062156,8.114025442356757,0.0,0.9933923826395039,0.9820932361306351,0.9930915875454761,41.28440366972477,-20.397596121297738,0.23646790337483659,-0.002122082137061554,0,0
2018-09-28,2032.0,2001.0,2062.0,2001.0,3340.0,0.0146,0.014604918237423492,0.004076590487955611,0.00544285007422074,0.1687234060400282,0.23696200836152428,0.24089659730206603,8.114025442356757,0.0,1.0073119345643822,0.9960296063918436,0.9930710679448487,51.73228346456693,-18.25946765464414,0.46490462565905777,-0.03260334645669294,0,0
2018-10-01,2024.75,2040.75,2060.5,2015.5,3340.0,-0.0036,-0.0035679133858267376,0.006962576153176636,0.025969090448441756,0.1645271815331216,0.21156573058021094,0.23912592925229326,8.114025442356757,0.0,1.0027237835830134,0.9920989771544068,0.9944876584798187,59.24256086564473,-16.954558255930806,0.43269594905993014,-0.05099394987035433,0,0
2018-10-02,2046.0,2026.75,2067.75,2001.5,3340.0,0.0105,0.010495122854673467,0.002449779519843265,0.004295005522150008,0.14987327707141276,0.16621694101794937,0.23166118927179352,8.114025442356757,0.0,1.0128891953535246,1.0014275808622588,0.9937186442060612,51.86368477103301,-14.043822308153267,0.6660534560093151,-0.05021994134897356,0,0
2018-10-03,2035.0,2050.25,2067.5,2010.5,3340.0,-0.0054,-0.005376344086021501,0.003946719289590561,-0.002206423142927183,0.14709987322448886,0.16791754430296257,0.21185086867190794,8.114025442356757,0.0,1.0068738845399445,0.9957064745385377,0.9932250719519375,49.07597535934292,-12.480780499402726,0.5572247835228186,-0.042383292383292415,0,0
2018-10-04,1997.0,2035.75,2056.0,1987.25,3340.0,-0.0187,-0.018673218673218694,-0.007948335817188235,-0.01951638639990183,0.18450381816900113,0.18556286951993597,0.21871827268231786,8.114025442356757,0.0,0.9891910060678967,0.9774003695229239,0.9921270991052092,42.869955156950674,-14.14528300822326,0.18538912352332998,-0.025663495242864265,0,0
2018-10-05,1989.0,1997.5,2004.5,1977.75,3340.0,-0.004,-0.0040060090135203286,-0.002632568634825083,-0.037735849056603765,0.17715788490481213,0.17027677363684954,0.21892122238867295,8.114025442356757,0.0,0.985594450146887,0.9746098375650271,0.9905435849094025,34.795321637426895,-15.92635724723391,0.1418853981292575,0.006535947712418277,1,1
2018-10-08,1972.25,1978.25,1999.5,1970.5,3340.0,-0.0084,-0.008421317244846627,-0.015229060042441622,-0.04491525423728815,0.17969722668930763,0.17174513798402044,0.2176440883654469,8.114025442356757,0.0,0.9794090522133938,0.9680863248142937,0.989017731507669,32.903225806451616,-18.476471169567276,0.04353256868769534,0.008112561794904272,1,1
2018-10-09,1939.0,1976.75,2013.75,1928.5,3340.0,-0.0169,-0.01685891748003554,-0.0457677165354331,-0.04187770228536136,0.15390659100079165,0.16627340704662885,0.21583714331683593,8.114025442356757,0.0,0.9692922945083197,0.9539154070375244,0.988273720941265,33.90313390313389,-22.916287249234983,-0.15167505298981052,0.010830324909747224,1,1
2018-10-10,1911.5,1935.75,1948.75,1904.0,3340.0,-0.014199999999999999,-0.014182568334192847,-0.05593283121373005,-0.049359691657341775,0.1581559940328806,0.17251167320733188,0.20627635798208266,8.114025442356757,0.0,0.9633362731510646,0.9430541337247308,0.987579708178645,32.133213321332136,-28.327353553826697,-0.1542699967370112,0.049960763798064356,1,1
2018-10-11,1997.25,1917.5,2005.25,1876.5,3340.0,0.0449,0.04486005754642952,-0.02382697947214074,-0.021435570798628123,0.34833672026307677,0.2593468427275517,0.23477496908295628,8.114025442356757,0.0,1.0100968138140307,0.9865845576279489,0.9872637684261657,43.435858964741186,-25.403518281882043,0.40926512201942206,-0.0023782701214170032,0,0
2018-10-12,2048.0,1990.5,2075.5,1979.5,3340.0,0.0254,0.02540993866566521,0.006388206388206363,0.010360138135175223,0.3872033056498012,0.2814340755623947,0.25179337578958544,8.114025442356757,0.0,1.0347913959867188,1.0123245238252159,0.9886599551835498,52.837837837837846,-18.774832319169036,0.7317067794785589,-0.0418701171875,0,0
2018-10-15,2079.75,2046.0,2115.75,2032.5,3340.0,0.0155,0.0155029296875,0.041437155733600406,0.03315946348733223,0.3674701720676085,0.2854455297968259,0.2571002035433413,8.114025442356757,0.0,1.0445943279458985,1.0288364423374214,0.9918051854360213,58.607350096711805,-10.834695655286396,0.9197511977153147,-0.06346916696718352,0,0
2018-10-16,2064.25,2080.0,2106.5,2052.75,3340.0,-0.0075,-0.007452818848419307,0.0378330819507291,0.03510091513100155,0.3719834190152794,0.2840602091150634,0.25367584476790705,8.114025442356757,0.0,1.0312410790750786,1.0212402806751375,0.994348332593206,59.10273081924578,-5.726785782953584,0.8237267241038267,-0.0796899600339106,0,0
2018-10-17,2036.75,2060.25,2070.75,2016.25,3340.0,-0.013300000000000001,-0.013322029792902979,0.03270376473570802,0.01697665709649243,0.38077307596839444,0.29177435082572845,0.2578797049209572,8.114025442356757,0.0,1.0128405498525912,1.007822261074664,0.9957345438329963,54.213135068153655,-3.853331771490957,0.6468353271980501,-0.04860684914692526,0,0
2018-10-18,1996.0,2037.5,2042.0,1992.5,3340.0,-0.02,-0.020007364674113126,0.0293965961835998,-0.017716535433070835,0.38869858537694635,0.2981954220579247,0.25790972671321816,8.114025442356757,0.0,0.9885732479569815,0.9884327942456969,0.9952418878934315,45.66265060240964,-5.592325559986193,0.3992508402620522,-0.03143787575150303,0,0
2018-10-19,1996.25,2001.0,2003.5,1970.5,3340.0,0.0001,0.00012525050100209434,0.04433690818728753,-0.014075811828620832,0.36894620020785657,0.29801797172730304,0.25702126323213476,8.114025442356757,0.0,0.9828037909025373,0.9895938761262285,0.9952770254998133,46.50735294117647,-6.871111855132085,0.413678261208977,-0.02091421415153416,0,0
2018-10-22,1999.75,1995.5,2027.75,1985.5,3340.0,0.0018,0.0017532874139010168,0.0012517211165352649,-0.022605083088954037,0.25281820922422654,0.29384530921218743,0.2511312219962008,8.114025442356757,0.0,0.9843538491289138,0.991677135678392,0.9939883864812785,44.07431133888533,-7.515504401413182,0.4438122440079004,-0.01875234404300541,0,0
2018-10-23,2004.5,2000.0,2016.25,1993.25,3340.0,0.0024,0.002375296912114022,-0.021240234375,-0.014987714987715006,0.1854936313504022,0.2936906157595599,0.2503851453716699,8.114025442356757,0.0,0.9897194448852915,0.9935235514728964,0.9923994958566308,46.028645833333336,-7.555806203753946,0.47620861277058707,-0.004240458967323502,0,0
2018-10-24,2008.75,2010.25,2026.5,1994.75,3340.0,0.0021,0.002120229483661751,-0.03413871859598505,0.005883825738608017,0.1416025098742476,0.2823581293608876,0.24938656326570288,8.114025442356757,0.0,0.9968099246787772,0.9960990768366158,0.9932831864780591,51.6773733047823,-7.162244297283223,0.49827232178658426,-0.009458618543870534,0,0
2018-10-25,2000.25,2008.25,2022.5,1995.5,3340.0,-0.0042,-0.004231487243310461,-0.031003996608937823,0.005656108597285048,0.1404928845326248,0.28243048276145927,0.24760575536633844,8.114025442356757,0.0,0.99711584681942,0.9925280250747404,0.9943267572786628,51.60370634354953,-7.450339734694353,0.4456903332674582,-0.003624546931633499,0,0
2018-10-26,1995.75,2002.75,2008.0,1983.5,3340.0,-0.0022,-0.0022497187851518996,-0.020130109242666006,0.011915325136265587,0.1261148510805239,0.2798330342095886,0.2473060990141769,8.114025442356757,0.0,0.9977859119721454,0.990967133275128,0.9958349859993817,53.4711964549483,-7.950125735689653,0.4283074690697051,-0.0007515971439308045,0,0
2018-10-29,1961.75,1993.0,1997.5,1957.0,3340.0,-0.017,-0.01703620192909938,-0.0171593186372746,0.011732851985559511,0.10930016901911034,0.28005314286581434,0.24796580816915736,8.114025442356757,0.0,0.9831925252380612,0.9757846567075091,0.9983810644945059,53.35298452468681,-10.963346953156588,0.23990802655498028,-0.003695679877660285,0,0
2018-10-30,1945.75,1959.0,1969.5,1918.5,3340.0,-0.008199999999999999,-0.008155983178284698,-0.025297432686286814,0.017917865550614698,0.11235933983066079,0.2748486213448853,0.24894153832560664,8.114025442356757,0.0,0.9787123199080228,0.9697435364967294,1.0015782369432042,55.22501906941266,-14.475547656834124,0.17786151194218633,0.016446100475395076,1,1
2018-10-31,1915.75,1936.0,1940.5,1891.25,3340.0,-0.0154,-0.01541821919568287,-0.042005250656332094,-0.040806108399048746,0.12438533446405006,0.19848384998120197,0.24902921014330184,8.114025442356757,0.0,0.9694740647026929,0.9565079906633436,1.000471944560185,35.018382352941174,-19.455470741973613,0.064117246668439,0.02701291922223681,1,1
2018-11-01,1959.0,1915.5,1962.75,1914.25,3340.0,0.0226,0.022576014615685702,-0.022698927413320025,-0.04345703125,0.2109938384857601,0.1908667483292017,0.26405660250427515,8.114025442356757,0.0,0.9946326249365344,0.9789452643502015,0.9981575916504457,33.175803402646494,-19.68526266631943,0.32153196152973773,-0.005487493619193429,0,0
2018-11-02,2005.25,1961.5,2025.5,1950.75,3340.0,0.0236,0.023608984175599756,-0.001742377100186654,-0.03582161317466037,0.26597765081897534,0.20846963317913386,0.27032108188225,8.114025442356757,0.0,1.0183734174919288,1.0026542440821191,0.9960915526702863,36.64874551971326,-15.951506907145358,0.5742707568311114,-0.025183892282757747,0,0
2018-11-05,1938.75,2005.25,2005.25,1929.75,3340.0,-0.0332,-0.033162947263433495,-0.030746156730408702,-0.06079689960033907,0.3329353600408548,0.24550387299077042,0.2940459014935314,8.114025442356757,0.0,0.9890139921294272,0.9708312468703054,0.9930699620859861,30.984848484848484,-18.149259438765284,0.22274293987514715,-0.004771115409413329,0,0
2018-11-06,1912.75,1939.25,1950.0,1906.75,3340.0,-0.0134,-0.013410702772404859,-0.04158837529750725,-0.06088130600220942,0.3368134227066642,0.24556690821796973,0.2961213096799997,8.114025442356757,0.0,0.9816885402155584,0.9594171518857711,0.9902918360778492,31.126331811263327,-21.738390232042775,0.10551185613651995,0.023134230819500612,1,1
2018-11-07,1932.0,1912.0,1945.0,1908.5,3340.0,0.0101,0.010064043915827936,-0.015165031222123093,-0.03206412825651306,0.3382809089227722,0.2415451045225633,0.2929595151607739,8.114025442356757,0.0,0.9937358781710969,0.9700824302272062,0.989028231904503,39.57654723127036,-22.767043813875034,0.1900661179637844,0.01306935817805388,1,1
2018-11-08,1998.5,1932.5,2008.25,1922.5,3340.0,0.0344,0.034420289855072506,0.02711036875240902,0.0011271133375079234,0.39701961873231456,0.28745324006247774,0.3111512221048889,8.114025442356757,0.0,1.0239716000585566,1.0035443334602654,0.9891792916235008,50.301406563965166,-18.008672189226672,0.5456128603954996,-0.012134100575431628,0,0
2018-11-09,1965.75,1998.0,1998.0,1958.25,3340.0,-0.016399999999999998,-0.016387290467850923,0.02609943886206456,-0.017002125265658252,0.39905757100188555,0.29577549784472335,0.2759463540965526,8.114025442356757,0.0,1.0035188156359394,0.9881947819092782,0.9890565640268206,45.776397515527954,-16.68791183157623,0.3881002594828386,-0.001653312984865818,0,0
2018-11-12,1921.5,1967.0,1974.5,1921.0,3340.0,-0.0225,-0.022510492178557828,-0.019142419601837712,-0.041406834622100264,0.40238961991859734,0.3087279044986356,0.2688444150989601,8.114025442356757,0.0,0.9836191451241362,0.9676241633269687,0.9877852481767796,40.61085972850679,-18.99286697208845,0.15845084233288728,0.03603955243299506,1,1
2018-11-13,1943.25,1924.25,1955.75,1910.75,3340.0,0.0113,0.011319281811084991,-0.030918838050118413,-0.032607342874922174,0.37472588316035776,0.31401510430204654,0.2656081307811246,8.114025442356757,0.0,0.9992837465564739,0.9802676934976712,0.98713178331816,42.87268770402611,-18.847257843178113,0.30434472824932374,0.048243921265920475,1,1
2018-11-14,1948.75,1949.5,1958.25,1928.5,3340.0,0.0028000000000000004,0.0028303100476005927,0.0051579626047710825,-0.025746781652293493,0.3156044028437894,0.3145513228106022,0.26587060010700536,8.114025442356757,0.0,1.0013763993393283,0.9844699186238892,0.9867071452326927,44.359255202628695,-18.079646612913166,0.3603457603008344,0.0492623476587557,1,1
2018-11-15,1945.75,1954.0,1973.5,1926.0,3340.0,-0.0015,-0.0015394483643360601,0.017252646712847985,-0.025053238131028444,0.30067499411945975,0.31454079665742685,0.2630036814430724,8.114025442356757,0.0,0.9974186225330454,0.9838034162825385,0.985753651574815,44.505494505494504,-17.511522183356192,0.3551310903735257,0.0445843505075163,1,1
2018-11-16,2002.0,1936.0,2014.5,1936.0,3340.0,0.028900000000000002,0.028909160991905436,0.03623188405797095,0.020517395182872544,0.33912636135882235,0.3308907579678846,0.27521093684352754,8.114025442356757,0.0,1.021019270700521,1.0120226129594836,0.9869910489365723,54.21686746987952,-12.379669457254977,0.7740134372272419,-0.021478521478521473,0,0
2018-11-19,1988.25,2002.0,2021.5,1980.75,3340.0,-0.0069,-0.006868131868131844,-0.0051288466349762585,0.021842477193884102,0.27450407410322125,0.33019508092402866,0.2763263011488953,8.114025442356757,0.0,1.014764586864986,1.004801010739103,0.9882591823842614,54.473684210526315,-9.314774364642744,0.6785263652790624,-0.02363887841066259,0,0
2018-11-20,1960.0,1991.5,2008.25,1958.75,3340.0,-0.014199999999999999,-0.014208474789387693,-0.0029250922039933958,0.023098003392927113,0.2695091980828589,0.3290139230088269,0.28051611184322944,8.114025442356757,0.0,1.0007658922644882,0.9901740382429463,0.9895064646384457,54.67511885895404,-9.060913259437712,0.4804348807420044,-0.0012755102040816757,0,0
2018-11-21,2007.0,1961.0,2013.25,1958.0,3340.0,0.024,0.023979591836734704,0.04449648711943799,0.02450229709035212,0.25236751647519373,0.33077854981791005,0.2932967575725091,8.114025442356757,0.0,1.0184124682856106,1.0122900519511087,0.9896470062663173,55.0314465408805,-5.009473211092882,0.8541514456983719,-0.02877428998505227,0,0
2018-11-22,1992.5,2007.5,2008.0,1981.5,3340.0,-0.0072,-0.007224713502740454,0.025344139971696933,-0.006358309437725973,0.26138523302467803,0.3171977100358399,0.29431914083602356,8.114025442356757,0.0,1.007457969915308,1.005056810300256,0.9892666634239669,48.568220101066814,-2.934875187904254,0.7455981231206653,-0.013174404015056429,0,0
2018-11-23,1962.25,1995.25,2001.25,1946.75,3340.0,-0.0152,-0.015181932245922236,0.006927517639512493,0.0121212121212122,0.28515484459931306,0.2889715543206786,0.2986112488525964,8.114025442356757,0.0,0.9911962620194477,0.9912272578024366,0.9915429754918882,52.872860635696824,-3.6891374183069274,0.516032814730565,0.0011466428844437715,1,1
2018-11-26,1947.75,1956.5,1967.75,1925.5,3340.0,-0.0074,-0.00738947636641607,0.0010278812797122061,0.018298261665141702,0.2895755432316738,0.2842357279763848,0.2994671392977449,8.114025442356757,0.0,0.9837298652573098,0.9860943525182891,0.9950174242488166,54.40251572327044,-5.394737314852819,0.4015162044536239,0.01476062122962385,1,1
2018-11-27,1899.75,1952.75,1952.75,1897.75,3340.0,-0.0246,-0.024643819792067756,-0.051073926073926024,-0.016692546583850887,0.24155397123649688,0.30145309978466,0.3056981520064692,8.114025442356757,0.0,0.9666182082500454,0.9644706559263522,0.9966178646372243,46.21700879765396,-10.498614871236668,0.06235204970793104,0.05000657981313328,1,1
2018-11-28,1937.75,1904.0,1943.25,1903.75,3340.0,0.02,0.02000263192525331,-0.02539922041996734,-0.03039779834876155,0.29233092903385993,0.273490883156105,0.31327021995401483,8.114025442356757,0.0,0.9895856131903408,0.9854135236383977,0.9960836757871999,42.36329352608423,-11.346397972434943,0.33732867750026646,0.021287575796671288,1,1
2018-11-29,1933.25,1934.5,1968.75,1923.25,3340.0,-0.0023,-0.002322280996000514,-0.013647959183673453,-0.01653312984865829,0.2826224372524822,0.2656095201180806,0.3084018286544157,8.114025442356757,0.0,0.9892180332961751,0.9841719660106651,0.995962539248882,45.6021650879567,-12.240286180240673,0.3149262187312393,0.017069701280227667,1,1
2018-11-30,1954.5,1935.0,1981.5,1927.25,3340.0,0.011000000000000001,0.010991853097116255,-0.02615844544095669,0.01717408274785326,0.24040622876219048,0.25078133727061136,0.3005168327430133,8.114025442356757,0.0,1.0039441580598412,0.9956952545913039,0.9978694603239293,54.76190476190476,-11.105978808233658,0.4991725981031561,0.007802507035047368,1,1
2018-12-03,1962.25,1982.0,2008.75,1954.75,3340.0,0.004,0.003965208493220684,-0.015181932245922236,0.009777434709893118,0.24284160462964535,0.2470170117612835,0.28858966897929234,8.114025442356757,0.0,1.01016731016731,1.0002803690676454,0.9991971249426518,52.857142857142854,-9.472478971951887,0.553917772313228,0.00458657153777553,1,1
2018-12-04,1996.0,1961.5,2007.5,1961.5,3340.0,0.0172,0.017199643266658127,0.017199643266658127,0.024246311738293835,0.24716273563871524,0.25663411013355586,0.2697079581961244,8.114025442356757,0.0,1.0249977074736358,1.0176318137400688,1.001062157454221,56.54885654885654,-5.39241523729288,0.8055094822746927,0.0,0,0
2018-12-05,1989.75,1997.75,2006.75,1984.0,3340.0,-0.0031,-0.003131262525050138,0.02156334231805923,0.022613388153668312,0.24122457511393292,0.25712805352774915,0.26484293388848545,8.114025442356757,0.0,1.0186495529592452,1.0147730073865038,1.0029883586370365,56.043956043956044,-2.6329075792295953,0.7285037364248005,0.008292499057670488,1,1
2018-12-06,1993.0,1990.0,1994.75,1959.0,3340.0,0.0016,0.0016333710265108436,0.04908540597447031,-0.00449550449550451,0.1472899617332919,0.22528789017430328,0.2632190031301401,8.114025442356757,0.0,1.013402099299023,1.016555798780099,1.0027840945316984,48.553054662379424,-0.18163625078386758,0.7613174338498512,0.008028098344204704,1,1
2018-12-07,1994.25,1990.25,1997.5,1976.0,3340.0,0.0006,0.0006271951831409162,0.029157528060895332,0.003017729158808047,0.11786897957363839,0.22324078776167616,0.23462420823428481,8.114025442356757,0.0,1.0098929320697387,1.0172193199835076,1.0030282733983762,51.00502512562814,1.840660502280798,0.7524542087088187,0.018427980443775915,1,1
2018-12-10,1954.5,1995.0,1997.0,1950.5,3340.0,-0.0199,-0.019932305377961645,0.010991853097116255,-0.0028061224489795977,0.18604569851551403,0.23161880228128306,0.23804094113436938,8.114025442356757,0.0,0.9882442169131589,0.9970667006759342,1.002951518574526,49.112903225806456,0.23316467630843363,0.40201925039013064,0.06050140700946538,1,1
2018-12-11,1977.75,1952.0,1987.25,1952.0,3340.0,0.011899999999999999,0.011895625479662275,0.011895625479662275,-0.014573991031390121,0.18802590282336543,0.21211750610890298,0.22692676517740143,8.114025442356757,0.0,0.9983234180638182,1.0083787251761147,1.001340814540281,44.890829694323145,0.8257743320129975,0.5928569870153418,0.06472001011250161,1,1
2018-12-12,1967.5,1979.5,1989.75,1961.25,3340.0,-0.0052,-0.005182657059790152,0.0026755000637024295,-0.012547051442910906,0.19148094597393228,0.21112395124782934,0.2250967441397216,8.114025442356757,0.0,0.9927736029266007,1.0022711353554221,0.9995512309311048,45.56737588652482,0.4629952949496783,0.49288136554725415,0.05667090216010173,1,1
2018-12-13,1948.25,1970.0,1985.0,1947.5,3340.0,-0.0098,-0.009783989834815765,-0.02392284569138281,-0.007134666836539738,0.157793863763294,0.2051634628415714,0.22780785501103587,8.114025442356757,0.0,0.9864556962025316,0.9926461222306197,0.9992242156328738,47.4169741697417,-1.3621221306123061,0.3170672465342204,0.06608494803028364,1,1
2018-12-14,1954.75,1949.5,1955.25,1928.75,3340.0,0.0033,0.003336327473373535,-0.017590149516270914,0.003593890386343279,0.16296170540443325,0.2031510371289269,0.22799569890770613,8.114025442356757,0.0,0.992258883248731,0.9968128505864355,1.0003369272237197,51.330798479087456,-2.2580161576981936,0.3935156702329164,0.06676045530118935,1,1
2018-12-17,1929.5,1951.25,1959.5,1923.0,3340.0,-0.0129,-0.012917252845632388,-0.031861515303562515,0.015659955257270708,0.17071255317435097,0.17997379051401244,0.20697653490596388,8.114025442356757,0.0,0.9839726077295742,0.9840914983232958,1.0015780388480497,56.19146722164412,-4.948440068860009,0.19091009185586008,0.09367711842446225,1,1
2018-12-18,1957.0,1933.75,1973.0,1922.0,3340.0,0.0143,0.014252396994040017,-0.01867870126614013,0.009934202038446749,0.20437447985647184,0.1696684197929009,0.21313779003197225,8.114025442356757,0.0,1.0007122377047684,0.9973668563662618,1.0015258885342975,54.189336235038084,-4.806197377390163,0.4452238083272443,0.08482370975983655,1,1
2018-12-19,1957.25,1959.0,1972.75,1938.0,3340.0,0.0001,0.00012774655084313302,0.0014070094653364507,0.012414328203801839,0.16456478790899798,0.16912333570918783,0.2073700755738532,8.114025442356757,0.0,1.0006390593047034,0.9970665772347714,1.001969765793149,55.32150776053216,-4.6200391732195385,0.46797172785187896,0.08762294034998086,1,1
2018-12-20,1974.25,1946.0,1982.25,1942.75,3340.0,0.0087,0.008685655894750344,-0.001769687776513762,0.010104886160143156,0.15592169007481926,0.16673094088647794,0.19124025637706338,8.114025442356757,0.0,1.0095883405778574,1.0061410661502395,1.0031014750207492,54.463276836158194,-3.0654133531634216,0.6513207439849502,0.06420159554261118,1,1
2018-12-21,1962.5,1969.5,1977.5,1937.25,3340.0,-0.006,-0.005951627200202592,-0.0025412960609910717,0.0001274047649382215,0.15701577444993317,0.16834731440883383,0.1907443482720811,8.114025442356757,0.0,1.003946358753243,1.0002081112418295,1.0031659605243917,50.055493895671475,-2.7497901225990518,0.5301334755865913,0.060891719745223005,1,1
2018-12-24,1990.75,1967.25,1992.5,1958.25,3340.0,0.0144,0.0143949044585987,0.021814448864365454,-0.0026302605210420937,0.1627320862402382,0.16315281116715885,0.18987403293946353,8.114025442356757,0.0,1.0152447909077662,1.013413765017308,1.0017962591267415,48.805460750853236,-0.2176090716145609,0.7895985264047026,0.04420444556071823,1,1
2018-12-27,2037.0,1982.25,2044.75,1975.25,3340.0,0.0232,0.023232450081627443,0.042076991942703756,0.0237467018469657,0.20266482925719034,0.1899243336176847,0.20253296522344807,8.114025442356757,0.0,1.0326435283254576,1.035310860090723,1.0019204693351145,59.09528392685274,5.458232026127007,1.1586325995951725,0.024791359842906147,1,1
2018-12-28,2044.75,2035.25,2059.0,2016.5,3340.0,0.0038,0.003804614629356884,0.059730500129567154,0.025965880582037082,0.15685271599174547,0.1901230820960042,0.17741888742888165,8.114025442356757,0.0,1.0279922433296225,1.0375623184361087,1.0021692524324806,59.791863765373705,10.461147620925658,1.0902878511437728,0.0015894363614132878,1,1
2018-12-31,2032.5,2054.5,2057.0,2028.25,3340.0,-0.006,-0.005990952439173469,0.038579458354624396,0.01918014291086867,0.17129507973861416,0.19303253866597214,0.16976499264376932,8.114025442356757,0.0,1.0163225944710337,1.0298352432505469,1.0020852459649254,56.94822888283379,13.28438750151281,0.9309392850100754,0.00725707257072572,1,1
2019-01-02,1959.0,2020.0,2038.75,1942.75,3340.0,-0.0362,-0.03616236162361619,0.0008941116362242152,0.00230237912509601,0.3050306960351222,0.23546242987119767,0.21570693227920262,8.114025442356757,0.0,0.9794475295966287,0.9933153611479663,1.0029765174444083,50.72815533980582,9.48169068429138,0.33730713305740206,0.03369065849923425,1,1
2019-01-03,1941.25,1958.75,1973.0,1932.75,3340.0,-0.0091,-0.00906074527820322,-0.016715208306952056,-0.01845531538364298,0.3030879479070807,0.23216363397615963,0.21485697654609817,8.114025442356757,0.0,0.9728660664745575,0.9850977274457234,1.0024508885905912,43.98682042833608,4.978361945052029,0.21113131799272766,0.04958145524790725,1,1
2019-01-04,1957.5,1940.25,1969.5,1933.5,3340.0,0.0084,0.008370895041854398,-0.002547770700636942,-0.0050825921219822545,0.3078813980157733,0.23479649767271638,0.21647836830601833,8.114025442356757,0.0,0.9813611215555675,0.9933858853779011,1.0021307985268673,48.38449111470113,2.6896757596643965,0.3538083084001469,0.060919540229884994,1,1
2019-01-07,1949.25,1959.25,1964.25,1942.25,3340.0,-0.0042,-0.004214559386973127,-0.020846414667838764,0.0005132811497496892,0.29058735569634286,0.23158502466498354,0.20753295679825987,8.114025442356757,0.0,0.9801382778126965,0.9901664881705774,1.0031470140557355,50.16750418760469,0.2077743237091454,0.30727596437957766,0.0420674618442991,1,1
2019-01-08,1966.25,1951.5,1967.75,1941.5,3340.0,0.0087,0.008721303065281516,-0.03473244968090328,0.005883105256426546,0.2453905105140701,0.23414028190838862,0.2100783176005155,8.114025442356757,0.0,0.993736688206202,0.9992461715679631,1.0040105366580838,51.860841423948216,-0.382977790771065,0.448921560035486,0.027590591226954952,1,1
2019-01-09,1964.5,1966.5,2001.5,1956.5,3340.0,-0.0009,-0.000890019071837278,-0.03924685169336106,0.01813941435605071,0.23992542740720696,0.22618449046642589,0.20994003569619285,8.114025442356757,0.0,0.99863836894755,0.9983187725769362,1.0052427192688989,56.12959719789843,-0.9810544868364559,0.4462647131511926,0.04224993637057772,1,1
2019-01-10,1976.5,1961.0,1983.5,1954.5,3340.0,0.0060999999999999995,0.006108424535505197,-0.027552275522755187,0.009964230965763932,0.24988181846130297,0.2197475389160553,0.21119919402814108,8.114025442356757,0.0,1.0088411688572105,1.0039280090750555,1.005460875916999,53.611111111111114,-0.48118802948761186,0.5326398842058792,0.04717935745003787,1,1
2019-01-11,1994.75,1977.25,2001.5,1967.75,3340.0,0.0092,0.009233493549203109,0.018249106687085348,0.019159535061949118,0.11623432336494707,0.22258646719950695,0.2010310270725956,8.114025442356757,0.0,1.015509090909091,1.0115707089489163,1.005204585299416,56.51041666666667,1.3717693149253591,0.6691129114234332,0.03446547186364213,1,1
2019-01-14,1979.0,1997.75,1997.75,1965.0,3340.0,-0.0079,-0.007895726281488935,0.019446233097231147,0.002405976953273381,0.11143239541133404,0.22325192547800846,0.19925791755499736,8.114025442356757,0.0,1.004732461786731,1.0028843270818464,1.0046760968858799,50.82824760244116,1.5514735669305537,0.5407120980709209,0.05103587670540688,1,1
2019-01-15,1966.25,1979.5,1993.25,1959.75,3340.0,-0.0064,-0.006442647801920165,0.004469987228607808,0.0019108280254778176,0.11556574038171892,0.22352648914638154,0.199726516074717,8.114025442356757,0.0,0.9976262095458994,0.9958679604438461,1.004252027280023,50.65160729800174,0.657492869020416,0.43223546224651704,0.06420851875397338,1,1
2019-01-16,1969.75,1972.0,1988.75,1965.25,3340.0,0.0018,0.001780038143674556,0.010516865461074776,-0.010548788145171462,0.11042881142075692,0.21424408066072193,0.1965474924189381,8.114025442356757,0.0,0.9979192299341391,0.997383855858897,1.003234012285027,46.00760456273764,0.2287901242875705,0.45374139680561143,0.08173626094682063,1,1
2019-01-17,1971.25,1972.0,1975.75,1955.0,3340.0,0.0008,0.0007615179591318189,0.002542911633820699,-0.03227785959744722,0.09827546398571554,0.18483651383963826,0.19629744128579776,8.114025442356757,0.0,0.9983178990015916,0.9979917814923257,1.000703961349629,34.93699885452463,0.009962730274082787,0.4456271505006363,0.08547875713379827,1,1
2019-01-18,1996.0,1971.0,2007.5,1966.75,3340.0,0.0126,0.012555485098287855,0.016034614405701086,-0.02384154542120065,0.12137796142048156,0.19392313221758659,0.1942245812176222,8.114025442356757,0.0,1.008553795069838,1.0105220524330665,0.9989410444423819,39.63868225292243,1.8127622052747938,0.6427257762516896,0.07089178356713433,1,1
2019-01-21,2006.25,2005.5,2017.25,1993.0,3340.0,0.0051,0.005135270541082093,0.01505185934733122,-0.01291512915129156,0.1202305700204897,0.19484033692601868,0.18929780385846076,8.114025442356757,0.0,1.0115606936416184,1.0154286099910583,0.9977139675737688,44.37299035369775,4.022217495314862,0.7095921327703065,0.049968847352025,1,1
2019-01-22,2009.0,2009.5,2024.25,1997.75,3340.0,0.0014000000000000002,0.0013707165109033692,0.007143752349918486,0.025523226135783617,0.10958957597507775,0.10929895404250335,0.18925371007373756,8.114025442356757,0.0,1.0119086166576723,1.0165460709406466,0.9992518486927231,65.38461538461539,5.926808192692988,0.7142621814767415,0.04728720756595317,1,1
2019-01-23,2031.0,2008.5,2038.25,2008.25,3340.0,0.011000000000000001,0.010950721752115422,0.0262758969176351,0.04623309723116553,0.10321808260169364,0.10348892908109153,0.1905241055069419,8.114025442356757,0.0,1.019176314563246,1.027041377479425,1.001874637669381,76.91154422788605,9.106452662801985,0.8552801687776446,0.03631216149679961,1,1
2019-01-24,2072.75,2028.5,2074.25,2017.0,3340.0,0.0206,0.02055637616937478,0.05416401780038149,0.0588761174968071,0.11757970451417822,0.12569968996503358,0.19951828573686045,8.114025442356757,0.0,1.032246015936255,1.0460685687369624,1.004036211752718,79.9739921976593,14.824334197357075,1.060834441948637,0.014835363647328403,1,1
2019-01-25,2105.75,2072.5,2108.75,2058.0,3340.0,0.0159,0.01592087806054754,0.0690442949612895,0.0802872899833269,0.11885196602415438,0.12879904862275565,0.20071349956651943,8.114025442356757,0.0,1.0386309188275085,1.06043946820654,1.0075083212631053,86.05990783410138,21.767696263491416,1.1391083483197475,-0.007598242906327934,0,0
2019-01-28,2079.0,2106.5,2128.5,2075.25,3340.0,-0.0127,-0.012703312359017005,0.05466074825618272,0.05734265734265742,0.17509315218701765,0.14908773829968505,0.19297160237255523,8.114025442356757,0.0,1.01771009982692,1.045012440624293,1.009674245933011,74.86218302094818,24.825684249625056,0.9478346614665172,0.0014430014430013571,1,1
2019-01-29,2077.0,2080.5,2095.25,2072.0,3340.0,-0.001,-0.0009620009620009418,0.040581162324649256,0.0572664800203615,0.17805588315068607,0.1491341054782525,0.19281857246446532,8.114025442356757,0.0,1.0110042939346,1.0417598401665211,1.011531321522168,74.77973568281938,26.779085842754284,0.9004405654637632,0.005416466056812785,1,1
2019-01-30,2085.25,2081.75,2094.75,2075.25,3340.0,0.004,0.00397207510832942,0.039376947040498544,0.05502150265621042,0.17836179785971526,0.1488310725537256,0.19147076467024535,8.114025442356757,0.0,1.0094745759781463,1.043620788168711,1.0132167776753653,74.35610302351624,28.662473577054925,0.8889509897786131,0.01918235223594289,1,1
2019-01-31,2110.25,2087.0,2116.5,2084.75,3340.0,0.012,0.01198897014746425,0.05039820806371331,0.05790199273091856,0.179197216019636,0.15119498026907652,0.1379766103462505,8.114025442356757,0.0,1.0144735938465763,1.0529576621454173,1.0142872587257894,75.1086956521739,31.80572637655473,0.9450612932119282,-0.0010662243809974603,0,0
2019-02-01,2123.0,2109.75,2127.5,2100.75,3340.0,0.006,0.0060419381589857935,0.04529788281634661,0.07276402223345113,0.1771798582316348,0.1410338316608217,0.13023950278011664,8.114025442356757,0.0,1.014195045383198,1.0564028562187444,1.0166127008612018,81.71806167400881,34.92302442315349,0.9372801441604849,-0.02767310409797452,0,0
2019-02-04,2128.75,2124.0,2134.5,2110.75,3340.0,0.0027,0.0027084314649081787,0.02701724761789892,0.0826446280991735,0.14710554329461803,0.13158574879070656,0.12948592191625188,8.114025442356757,0.0,1.0130702291114284,1.056259406890392,1.0194883596745956,86.93181818181819,37.426058226920304,0.9088190434513669,-0.044744568408690566,0,0
2019-02-05,2101.0,2116.75,2136.25,2098.5,3340.0,-0.013000000000000001,-0.013035819142689364,-0.0022557283628160674,0.06663282142403859,0.14990276947210465,0.15339157576519938,0.1397634541975644,8.114025442356757,0.0,1.0001870207593044,1.0403093034483044,1.0219976103137305,76.86796315250768,36.74694159765568,0.7653379791177993,-0.03141361256544506,0,0
2019-02-06,2082.0,2102.5,2111.0,2078.0,3340.0,-0.009000000000000001,-0.009043312708234219,0.0014430014430013571,0.05618262523779327,0.13832918785389858,0.16352947903306242,0.14503117930400183,8.114025442356757,0.0,0.9909398425946387,1.0288721693043252,1.0238951219641335,71.15568290353391,34.28043208358622,0.6665957783291293,-0.016330451488952957,0,0
2019-02-07,2078.75,2080.25,2090.5,2075.75,3340.0,-0.0016,-0.0015609990393852247,0.0008425613866152037,0.04145791583166325,0.13859397822200661,0.16007905080301588,0.14526281211258718,8.114025442356757,0.0,0.989275273641988,1.0257791521541568,1.0253297514432225,67.2216441207076,31.69806215565609,0.6346089161670845,-0.014431749849669218,0,0
2019-02-08,2087.5,2078.0,2094.75,2072.5,3340.0,0.0042,0.004209260372820101,0.001079007313271818,0.04049844236760114,0.13887550114482686,0.15988241638812736,0.14485555061041192,8.114025442356757,0.0,0.9932874500807206,1.0292419766376453,1.0273402121641317,67.01570680628272,30.011612073595188,0.6550898246721778,-0.0239520958083832,0,0
2019-02-11,2048.0,2085.5,2085.75,2045.25,3340.0,-0.0189,-0.018922155688622766,-0.02949887454093114,0.019412643106022864,0.15178900381230356,0.18484450041308423,0.1606897971000722,8.114025442356757,0.0,0.9786333538125469,1.009712567174481,1.0286587642008438,57.078039927404724,25.197309450059493,0.460181678519864,-0.0167236328125,0,0
2019-02-12,2047.25,2048.0,2058.25,2028.5,3340.0,-0.0004,-0.0003662109375,-0.03568064060292042,0.00800098473658295,0.13780260709333722,0.1797185704748392,0.15734016587298508,8.114025442356757,0.0,0.9833599231468615,1.009098190630712,1.028981595308021,53.19567354965586,21.078442044723943,0.43190193903428936,-0.024667236536817683,0,0
2019-02-13,2025.0,2045.75,2048.5,2011.0,3340.0,-0.0109,-0.010868237880083065,-0.04873752201996473,-0.02303702810276198,0.12911083197043585,0.16061142986981486,0.1609189173830812,8.114025442356757,0.0,0.9796468433601715,0.9970498812156624,1.0261876528765856,39.829605963791266,15.836270236615746,0.28528936982983083,-0.002345679012345725,0,0
2019-02-14,2037.5,2020.75,2043.0,2014.25,3340.0,0.0062,0.006172839506172867,-0.030223702998572133,-0.03241125489730501,0.14265018580098388,0.1444955233721142,0.16174913992948453,8.114025442356757,0.0,0.9900388726919339,1.001622259364861,1.0221726336783854,34.07234539089849,12.545836253207653,0.3161352089854779,-0.011533742331288344,0,0
2019-02-15,2076.75,2037.5,2084.25,2027.0,3340.0,0.019299999999999998,0.019263803680981573,-0.002521613832852987,-0.0010822510822511289,0.19496586656629922,0.16246466213725705,0.1727755105796598,8.114025442356757,0.0,1.009478672985782,1.0189262452929704,1.0201002647676758,49.50385887541345,12.955942548221174,0.5429522766416426,-0.029372818105212417,0,0
2019-02-18,2031.25,2078.25,2080.0,2025.75,3340.0,-0.0219,-0.021909233176838794,-0.02285027059530964,-0.022026961964371705,0.23469083252456016,0.1872188225937684,0.18817138509716025,8.114025442356757,0.0,0.990629299984324,0.99526763001768,1.017132894258684,41.535615171137835,9.49997520046054,0.2005864544465572,-0.009353846153846157,0,0
2019-02-19,2020.5,2035.0,2041.75,2016.5,3340.0,-0.0053,-0.005292307692307707,-0.03209580838323356,-0.031051432681932667,0.22894108618695685,0.18606837300239823,0.18868123908886628,8.114025442356757,0.0,0.9900078747046986,0.9891239607385589,1.0139683264933137,38.13015582034831,5.826496791810769,0.10490922049750744,-0.014971541697599622,0,0
2019-02-20,2047.5,2023.0,2049.75,2013.75,3340.0,0.0134,0.013363028953229383,-0.000244140625,-0.029735813292263935,0.22580759282279061,0.18817698103368213,0.19395469388835274,8.114025442356757,0.0,1.0032724918187703,1.0009859120501268,1.0104056207462901,38.58052775250227,5.0358627475204685,0.29860169723694013,-0.017216117216117266,0,0
2019-02-21,2069.75,2041.5,2069.75,2030.5,3340.0,0.0109,0.010866910866910828,0.010990352912443546,-0.02508243052284498,0.23481287078908045,0.19326279006130254,0.19390059175999474,8.114025442356757,0.0,1.012580154805794,1.0103282336239123,1.0070158535160916,40.63324538258575,6.133960145896708,0.47389147878518634,-0.033941297258123004,0,0
2019-02-22,2063.5,2062.75,2080.5,2057.0,3340.0,-0.003,-0.003019688368160356,0.019012345679012332,-0.03065179095713444,0.22157902783910632,0.19222999069303418,0.18064243275840883,8.114025442356757,0.0,1.0068133897921132,1.0061518207601603,1.0036180693336554,38.542581211589116,6.425814687121147,0.43985221916465056,-0.03743639447540581,0,0
2019-02-25,2080.0,2067.0,2088.75,2067.0,3340.0,0.008,0.007996123091834173,0.020858895705521574,-0.009995240361732494,0.22301770382384456,0.18984408601851166,0.17371141153043015,8.114025442356757,0.0,1.0118664975589418,1.0125349884386028,1.0012430675081279,46.16087751371115,7.897486311303965,0.5721841237062841,-0.04290865384615383,0,0
2019-02-26,2092.5,2077.75,2095.25,2067.5,3340.0,0.006,0.006009615384615419,0.007583965330444142,0.005043227665705974,0.19492699645867728,0.1876741213446048,0.16922335819336415,8.114025442356757,0.0,1.0168344324887193,1.0165374572394388,0.9995604662527724,51.966292134831455,9.957656543227586,0.6646421907078954,-0.05232974910394261,0,0
2019-02-27,2130.75,2090.0,2142.5,2082.25,3340.0,0.0183,0.018279569892473146,0.048984615384615404,0.025015033072760096,0.13532917147640047,0.2019405946531791,0.1801031793393462,8.114025442356757,0.0,1.0283187976145334,1.0324276525383693,0.9987609691436325,58.609271523178805,14.509554513615058,0.9167479830927431,-0.08412530799014428,0,0
2019-02-28,2139.75,2132.5,2178.75,2123.5,3340.0,0.0042,0.004223864836325308,0.059020044543429906,0.025029940119760452,0.10880753381668148,0.20194392327900532,0.18015272728367995,8.114025442356757,0.0,1.0242413881528336,1.0339745422477078,0.9978536883942126,58.64350703060381,18.628454011627127,0.9431513882156133,-0.10164738871363477,0,0
2019-03-01,2137.5,2139.5,2169.5,2135.5,3340.0,-0.0011,-0.001051524710830698,0.04395604395604402,0.043701171875,0.11455512638358097,0.17928548310112274,0.1760114062383075,8.114025442356757,0.0,1.016905955313907,1.0305384915166393,0.9986666995734932,66.88679245283018,21.46373476919598,0.9098576177561284,-0.096374269005848,0,0
2019-03-04,2106.5,2139.25,2152.75,2105.75,3340.0,-0.014499999999999999,-0.01450292397660824,0.017755767604783257,0.02894126266943453,0.16223146164807845,0.194038042646538,0.18238364488710085,8.114025442356757,0.0,0.9996610284397138,1.0139590854392297,0.9990974729241877,60.033869602032176,20.967573143140726,0.7175777525450038,-0.07500593401376687,0,0
2019-03-05,2104.0,2103.0,2119.5,2084.5,3340.0,-0.0012,-0.0011868027533823433,0.019626847589047758,0.03901234567901235,0.1599393484310687,0.18565249535915823,0.1820706572873204,8.114025442356757,0.0,0.995740653099858,1.0112143543735983,1.0002889412734015,64.33756805807623,20.140465622520423,0.6985206549760514,-0.0848384030418251,0,0
2019-03-06,2104.75,2103.0,2107.5,2087.5,3340.0,0.0004,0.0003564638783271068,0.011899038461538503,0.03300613496932514,0.15608520907088744,0.18524428121260153,0.17626481179723108,8.114025442356757,0.0,0.994431601505155,1.0103810381038103,1.0014144271570014,62.74881516587677,19.32275499385787,0.692769725208155,-0.07910678227818035,0,0
2019-03-07,2103.5,2099.0,2115.75,2094.0,3340.0,-0.0006,-0.0005938947618482349,0.0052568697729988845,0.01288070302154809,0.15349263010146025,0.1685802030700899,0.1731180066298304,8.114025442356757,0.0,0.9931036808471176,1.0092843605306718,1.0018387077979716,55.924695459579176,18.362181082582538,0.6734833935960683,-0.07665795103399098,0,0
2019-03-08,2089.75,2106.0,2106.0,2082.75,3340.0,-0.006500000000000001,-0.0065367245067744495,-0.019242050921037146,0.028799999999999937,0.09628478141232724,0.13798224883387744,0.17473162364322117,8.114025442356757,0.0,0.9893478518167831,1.0029435996704448,1.0041005851775586,65.07731958762886,16.303472963121294,0.5802401383542376,-0.07835865534154807,0,0
2019-03-11,2082.0,2087.0,2123.25,2061.25,3340.0,-0.0037,-0.003708577581050365,-0.026989134244654767,0.03043801039346694,0.08297707087503234,0.13650092466172095,0.17465753778522075,8.114025442356757,0.0,0.9895437262357415,0.9991761515881078,1.0061605807388583,66.09947643979058,13.886496824361984,0.5170904888499606,-0.07588856868395777,0,0
2019-03-12,2088.25,2080.5,2101.0,2078.5,3340.0,0.003,0.003001921229586868,-0.02304093567251464,0.01990231990231983,0.09188507965914422,0.12677542537036057,0.16079961231642545,8.114025442356757,0.0,0.9958443327940049,1.0019952737203657,1.0073761722161705,61.967694566813506,12.333179372919858,0.546776867105509,-0.07566143900395073,0,0
2019-03-13,2125.25,2088.5,2130.5,2087.0,3340.0,0.0177,0.017718185083203553,0.008901020650367908,0.026814832709264325,0.12459455735694551,0.13936060373068207,0.17079032372629782,8.114025442356757,0.0,1.0121959516924646,1.0190968267859069,1.0086330467068205,65.0,13.927210664548511,0.7806112058898549,-0.08222562051523352,0,0
2019-03-14,2108.0,2125.0,2125.75,2103.75,3340.0,-0.008100000000000001,-0.008116692153864236,0.0019011406844107182,0.021565301671916615,0.13673378869135078,0.14445281281130254,0.16846127440891634,8.114025442356757,0.0,1.0037071047172057,1.010861486081473,1.0101935612041828,61.352040816326536,13.641312552125783,0.6367468013898216,-0.06748102466793171,0,0
2019-03-15,2064.25,2112.0,2129.5,2062.75,3340.0,-0.0208,-0.020754269449715368,-0.019242190283881744,-0.00757211538461533,0.18613197157899933,0.16904175887670783,0.18500533692432414,8.114025442356757,0.0,0.9855910238046517,0.9908122572567967,1.0106031316837412,46.47256438969765,9.771833261172105,0.3097602632249257,-0.06636793024100762,0,0
2019-03-18,2033.5,2066.25,2070.75,2024.75,3340.0,-0.0149,-0.014896451495700624,-0.03327787021630613,-0.02819593787335728,0.1986545288965176,0.17656200299894792,0.1795483179682121,8.114025442356757,0.0,0.9755671304228634,0.9775424034355396,1.0101197105155026,37.78467908902691,4.175838565853155,0.07425613685700512,-0.08581263830833541,0,0
2019-03-19,2035.0,2031.0,2048.0,2027.5,3340.0,0.0007000000000000001,0.0007376444553726103,-0.026199306137097755,-0.044937228675349106,0.20070017594166792,0.151434776743477,0.16255880988051574,8.114025442356757,0.0,0.979963883394961,0.9792991714856313,1.0078978696490586,26.61782661782661,-0.13641754661421146,0.06046015837969217,-0.07653562653562651,0,0
2019-03-20,2048.0,2034.5,2051.0,2027.75,3340.0,0.0064,0.006388206388206363,-0.016330451488952957,-0.04287884098609651,0.2096607581533563,0.1537621578680262,0.16267832577982927,8.114025442356757,0.0,0.9885362616145771,0.986092943753862,1.0052923852246556,28.023952095808383,-2.4763741299248068,0.1632075607097659,-0.078125,0,0
2019-03-21,2048.75,2042.0,2073.5,2038.5,3340.0,0.0004,0.0003662109375,-0.01891535975098768,-0.04152046783625729,0.207459701839901,0.1542419358744606,0.156018866711155,8.114025442356757,0.0,0.9915991080534478,0.9869292590302924,1.0027228798755778,28.588661037394445,-4.221623599698887,0.1880261442815344,-0.0877364246491763,0,0
2019-03-22,2037.5,2050.0,2057.5,2026.5,3340.0,-0.0055000000000000005,-0.005491153142159866,-0.041289260087048585,-0.0327557559933539,0.1507324702856431,0.1456938940764035,0.15200094808440398,8.114025442356757,0.0,0.9921739130434784,0.9822985384040561,1.0011524717879727,31.599999999999994,-6.438310522175016,0.129332419936436,-0.07656441717791407,0,0
2019-03-25,2013.75,2031.5,2034.25,2011.25,3340.0,-0.011699999999999999,-0.011656441717791455,-0.044710626185958224,-0.04289448669201523,0.15430698172520407,0.1507744869202489,0.15653575696806638,8.114025442356757,0.0,0.9870805104773909,0.9713830903368186,0.9985942208003639,28.383233532934128,-9.996246879987666,0.03184899164028936,-0.08429546865301052,0,0
2019-03-26,1996.75,2019.0,2022.75,1987.5,3340.0,-0.0084,-0.008441961514587204,-0.03269952767348916,-0.05131250742368454,0.12040397103399932,0.15150103460700942,0.1548280634546384,8.114025442356757,0.0,0.9833957750690376,0.9639654499591659,0.9956815322571837,26.0,-14.026011868245405,0.01199761284756507,-0.08901965694253167,0,0
2019-03-27,2020.25,2002.25,2020.75,1986.0,3340.0,0.0118,0.011769124827845312,-0.006515859355790465,-0.039576895650106914,0.13147610761923845,0.1649206792527897,0.15974193377414023,8.114025442356757,0.0,0.9958978873239436,0.9753850362907769,0.992886685871542,33.16481294236603,-15.148750683909157,0.18402467185184945,-0.11446603143175349,0,0
2019-03-28,2014.0,2015.25,2025.5,2011.5,3340.0,-0.0031,-0.0030936765251825538,-0.010319410319410305,-0.036248355066395455,0.1314764716437797,0.16406533027640888,0.14240538738899405,8.114025442356757,0.0,0.9942873263276676,0.972735395686928,0.9906490307490091,34.202294056308645,-16.35432952029646,0.17757220956546463,-0.10004965243296926,0,0
2019-03-29,2015.75,2016.5,2042.0,2013.5,3340.0,0.0009,0.0008689175769611701,-0.0157470703125,-0.03182036503362151,0.12144184304496199,0.16460572632714743,0.14083302369044876,8.114025442356757,0.0,0.9974199020976549,0.9745376898593934,0.9893350676558446,35.82887700534759,-16.972896078488247,0.2118492147257873,-0.09872255984125011,0,0
2019-04-01,2012.25,2020.5,2038.0,2012.0,3340.0,-0.0017000000000000001,-0.0017363264293687175,-0.017815741305674204,-0.03639410990063452,0.12019567286694241,0.16288976814303338,0.14074577965720225,8.114025442356757,0.0,0.9982636735706313,0.9731435434079974,0.9870127776581548,33.549783549783555,-17.543306959367783,0.2196182237028208,-0.08957634488756372,0,0
2019-04-02,1990.25,2019.5,2019.75,1983.75,3340.0,-0.0109,-0.010933035159647164,-0.0231901840490798,-0.0635219385954594,0.12985389127421904,0.13691184861512443,0.13752284505823234,8.114025442356757,0.0,0.9906669985067198,0.9629737150875155,0.9828286650872563,18.75,-19.54527210012111,0.12796029747948218,-0.08478834317296824,0,0
2019-04-03,2012.25,1987.0,2017.25,1987.0,3340.0,0.0111,0.011053887702549892,-0.0007448789571694592,-0.04542220113851991,0.13971998704537153,0.15092271204339558,0.14548588464271972,8.114025442356757,0.0,1.0017245670803256,0.974172153369481,0.9800766985725352,28.312570781426956,-19.13603940868734,0.2836791461001342,-0.10473350726798358,0,0
2019-04-04,1999.5,2014.75,2019.5,1990.0,3340.0,-0.0063,-0.006336190831159105,0.001377238011769144,-0.031367324694198895,0.13491115313971275,0.12941319155172062,0.14591974118064366,8.114025442356757,0.0,0.9951828216933004,0.9690982305495758,0.9789474230831147,32.93807641633728,-19.614434999060222,0.2299586042704748,-0.09539884971242807,0,0
2019-04-05,1986.25,1998.25,2004.5,1983.0,3340.0,-0.0066,-0.006626656664166064,-0.016829600296992986,-0.023235800344234114,0.11202227503443422,0.11799109939603981,0.1464745378253417,8.114025442356757,0.0,0.9909837672172627,0.9638792957028817,0.9785328953525587,36.2844702467344,-20.822700091243405,0.17967028943071728,-0.08999370673379481,0,0
2019-04-08,1990.75,1984.0,2003.0,1982.5,3340.0,0.0023,0.0022655758338576693,-0.011544190665342624,-0.021744471744471694,0.11519934001143001,0.11876654066542597,0.146733046691914,8.114025442356757,0.0,0.9948775612193903,0.9674597549863319,0.9784116056060977,37.375178316690445,-21.173076444478284,0.23563653409582935,-0.08878563355519276,0,0
2019-04-09,1983.0,1995.0,2014.75,1978.25,3340.0,-0.0039000000000000003,-0.0038930051488133,-0.016247054446235865,-0.03173828125,0.11439281792562554,0.11334359708145934,0.14675725442734158,8.114025442356757,0.0,0.9933270121831225,0.9654058834745849,0.9778898800226496,30.882352941176478,-21.8245328301241,0.213106719236924,-0.07816439737771053,0,0
2019-04-10,1951.5,1981.0,1984.75,1950.25,3340.0,-0.0159,-0.015885022692889605,-0.030190085724934757,-0.047467968273337435,0.1400161530595455,0.12623377324984228,0.15266312211775898,8.114025442356757,0.0,0.981816221655227,0.9528420881311794,0.9773510657467201,25.77833125778332,-24.59904102024393,0.011703567863992643,-0.0709710479118627,0,0
2019-04-11,1922.25,1952.75,1957.75,1918.25,3340.0,-0.015,-0.01498847040737894,-0.034166561989699806,-0.05656441717791416,0.1498125606432893,0.13533078897362738,0.1375561581240634,8.114025442356757,0.0,0.9718500595861471,0.9418946508779094,0.976789360088666,23.65714285714286,-28.825803379793797,-0.14405752754865808,-0.050721810378462684,0,0
2019-04-12,1931.5,1926.5,1937.25,1908.5,3340.0,0.0048,0.004812069189751522,-0.04012920859734126,-0.040844196151458734,0.12439178780730405,0.13558134793014032,0.14080203568930474,8.114025442356757,0.0,0.9822553987540639,0.9496222488077484,0.9771985540803451,29.865361077111373,-31.070978409301006,-0.002720344521022911,-0.06847010095780481,0,0
2019-04-15,1948.5,1932.5,1957.25,1926.0,3340.0,0.0088,0.008801449650530646,-0.02550637659414856,-0.024164266933767387,0.15182306265857834,0.1416207141587712,0.13385324118458838,8.114025442356757,0.0,0.994585726004922,0.9604672943264159,0.9780366033138744,38.188494492044065,-31.119808094421387,0.15946472015328056,-0.07415960995637672,0,0
2019-04-16,1925.5,1953.25,1962.75,1917.25,3340.0,-0.0118,-0.011803951757762388,-0.030585273757079978,-0.04690013612176713,0.1590973273210244,0.13319667738793411,0.13069724651884246,8.114025442356757,0.0,0.9872189262433165,0.9519218885181066,0.9775676677790137,26.74846625766871,-32.638181117300064,0.06610011731987352,-0.058686055569981854,0,0
2019-04-17,1938.25,1924.5,1957.75,1924.5,3340.0,0.0066,0.006621656712542112,-0.0263719703629286,-0.037611717974180725,0.1686072429883815,0.13983158418769043,0.13411427252149002,8.114025442356757,0.0,0.9975920002941069,0.9608615903232203,0.9775749978754144,31.9857312722949,-32.43875050995666,0.18003574320853166,-0.04836837353282597,0,0
2019-04-18,1942.25,1936.5,1947.0,1925.25,3340.0,0.0021,0.0020637172707338447,-0.020549672213817427,-0.03646285501674318,0.17216362754248465,0.1405126902364754,0.1314005755287839,8.114025442356757,0.0,1.0026549162042073,0.9654169721521504,0.9775772175583293,32.705882352941174,-31.593740769047145,0.22927516819345758,-0.04466469301068343,0,0
2019-04-23,1926.0,1938.5,1951.0,1916.75,3340.0,-0.0084,-0.008366585146093453,-0.013066871637202104,-0.04286246738725308,0.15323738226404074,0.14251214271619328,0.1324876436848986,8.114025442356757,0.0,0.9961394240537894,0.9599441777009853,0.977166140168084,30.854605993340726,-31.867949766693073,0.15124887273065377,-0.0210280373831776,0,0
2019-04-24,1924.0,1924.0,1938.5,1921.25,3340.0,-0.001,-0.0010384215991692258,0.000910391468331273,-0.033287275467906,0.1227871083181519,0.13806551658204458,0.13229006253629255,8.114025442356757,0.0,0.9949763593380614,0.9614711908450353,0.9773731590482378,33.8611449451888,-31.879162516795077,0.1744065334441586,-0.04391891891891897,0,0
2019-04-25,1930.25,1922.5,1937.25,1908.5,3340.0,0.0032,0.003248440748440773,-0.0006471654154801554,-0.04075040377686667,0.12063624001326051,0.12686013362055634,0.12961349584482837,8.114025442356757,0.0,0.9983006704963151,0.9671398747390397,0.9770175961825232,28.364116094986812,-31.026076637054075,0.2442356509171073,-0.02525579588136251,0,0
2019-04-26,1950.5,1929.75,1957.0,1929.0,3340.0,0.0105,0.010490869058412233,0.0010264305876315216,-0.024506126531632866,0.12615260256812774,0.13774251194374573,0.1342362181179704,8.114025442356757,0.0,1.008624669880141,0.9801466493021386,0.9781186606660537,37.56345177664974,-28.388746370737863,0.3989322818908968,-0.02114842348115864,0,0
2019-04-29,1965.75,1946.25,1967.0,1944.0,3340.0,0.0078000000000000005,0.007818508074852515,0.020903661386652894,-0.010320956576463147,0.10016681360392864,0.14138528493659502,0.13010506375814737,8.114025442356757,0.0,1.0134970906680414,0.9901692467846469,0.9797172504113637,44.849246231155774,-24.782419280367776,0.5258612297922285,-0.03789902073000129,0,0
2019-04-30,1927.25,1966.0,1967.25,1922.0,3340.0,-0.0196,-0.019585399974564432,-0.0056752224945182395,-0.03189752605801832,0.16350830835621166,0.16145798134928113,0.1447384792058323,8.114025442356757,0.0,0.994453044375645,0.9730145908012319,0.9796861138558518,36.37339055793991,-24.74575367645525,0.2575526942042673,-0.01803087300557793,0,0
2019-05-01,1859.0,1925.75,1930.75,1847.25,3340.0,-0.0354,-0.03541315345699836,-0.042862659286909466,-0.06253151790216838,0.26150781090713143,0.21434082176468966,0.18458828678722272,8.114025442356757,0.0,0.9651591848843893,0.9413214282700243,0.9780867103662543,28.875638841567294,-29.879468617247994,-0.13365991596883237,0.007665411511565301,1,1
2019-05-02,1879.25,1855.25,1882.75,1852.5,3340.0,0.0109,0.010892953200645428,-0.024273104880581542,-0.03702280297207272,0.2794755937895566,0.21690137762358372,0.19141053695075316,8.114025442356757,0.0,0.9790674307829712,0.954083337916679,0.9780446661642112,37.20106288751107,-31.94571857237338,0.06953716319783612,0.002261540508181392,1,1
2019-05-03,1888.0,1881.0,1903.25,1876.0,3340.0,0.004699999999999999,0.004656112810961899,-0.018711018711018657,-0.017817661594485612,0.28352960235010777,0.21109233841699118,0.1910729901801442,8.114025442356757,0.0,0.986268656716418,0.9611281037488917,0.9794546989474935,43.45749761222541,-32.5025159039119,0.15431545729902263,0.01522775423728806,1,1
2019-05-07,1869.0,1890.5,1895.0,1856.0,3340.0,-0.0101,-0.010063559322033844,-0.031731640979147824,-0.03235827077400988,0.2833338181983325,0.21231052996080896,0.18622583838937468,8.114025442356757,0.0,0.9808265392184425,0.954366734183248,0.9801717660732827,38.48987108655617,-34.08402360350556,0.07095449348022285,0.01712145532370246,1,1
2019-05-08,1881.5,1873.0,1886.25,1864.75,3340.0,0.0067,0.0066880684858212636,-0.03537554473212001,-0.03438542468565564,0.27572371987474764,0.21035595236127114,0.18912024797096055,8.114025442356757,0.0,0.9925205825279301,0.9633074494410786,0.9803310862701595,37.453183520599254,-33.93752366895956,0.18594973372092988,0.012357161838958186,1,1
2019-05-09,1844.0,1877.5,1880.5,1830.5,3340.0,-0.0199,-0.019930906191868214,-0.06193564797151219,-0.042326668397818734,0.27177781966616466,0.21999350956589053,0.1979024952630467,8.114025442356757,0.0,0.9817462731974446,0.9468508906679902,0.9801901941858552,35.52397868561279,-36.42744510293096,-0.006797648117168673,0.03430043383947945,1,1
2019-05-10,1819.0,1848.25,1855.25,1818.5,3340.0,-0.013600000000000001,-0.013557483731019504,-0.056168115190037615,-0.061524571133754646,0.2641850659367431,0.2195540792546946,0.19971923572999334,8.114025442356757,0.0,0.9764757759926378,0.9368642431005623,0.9787943075423224,29.702127659574472,-39.95741266398613,-0.07099537891386802,0.05167674546454104,1,1
2019-05-13,1789.0,1831.0,1831.0,1773.5,3340.0,-0.0165,-0.016492578339747155,-0.037654653039268404,-0.078903333762389,0.19818704548315028,0.22299423419693595,0.2041856530323447,8.114025442356757,0.0,0.965554463270302,0.9250856441083317,0.9770353749411341,26.03596559812354,-44.660864027616526,-0.09988672606980592,0.08105086640581338,1,1
2019-05-14,1812.5,1790.75,1815.25,1775.5,3340.0,0.0131,0.013135830072666277,-0.0355194891579087,-0.058930425752855675,0.20622565612240584,0.2363824170163788,0.20904451324465625,8.114025442356757,0.0,0.9832984577230102,0.9405039371440679,0.9762338207069007,32.64525993883791,-45.96230467971873,0.08609178027555384,0.061103448275862116,1,1
2019-05-15,1816.75,1865.0,1865.0,1796.0,3340.0,0.0023,0.002344827586206799,-0.037738347457627164,-0.0557432432432432,0.2020667290089013,0.23769867314418555,0.20556215344964437,8.114025442356757,0.0,0.9910768211662477,0.9459652959477226,0.9756167863326062,33.712984054669704,-46.119133627323436,0.15075849724741752,0.06729049126186881,1,1
2019-05-16,1832.0,1816.25,1849.0,1812.25,3340.0,0.0084,0.008394110361910068,-0.019796682718031033,-0.0509001424685922,0.21420047656806113,0.24170222627560262,0.2075552286462088,8.114025442356757,0.0,1.0022860939057034,0.9568994785454988,0.9750129648537428,35.47671840354768,-44.49990692100437,0.24809037699812608,0.055267467248908186,1,1
2019-05-17,1821.5,1835.5,1835.5,1815.0,3340.0,-0.005699999999999999,-0.005731441048034913,-0.031889449906989054,-0.06613688797744166,0.2038710851479571,0.2329910333275678,0.20371354603120245,8.114025442356757,0.0,1.00123677339563,0.954218634722592,0.9730590363767557,30.365296803652967,-43.56176739985949,0.22843277518427127,0.051468569860005475,1,1
2019-05-20,1801.5,1827.5,1829.5,1799.5,3340.0,-0.011000000000000001,-0.010979961570134478,-0.023047722342733223,-0.08355589469668068,0.1813334081672614,0.22686523744562742,0.20329078963735106,8.114025442356757,0.0,0.9935590616320984,0.9472272854739204,0.9704845114574153,25.356339084771193,-43.92576900124345,0.1739919545509565,0.04759922286983076,1,1
2019-05-21,1808.75,1806.5,1823.25,1800.25,3340.0,0.004,0.004024424091035206,-0.0056349642660802335,-0.061486574134128946,0.16975326721399467,0.22175136900432896,0.20192258140728375,8.114025442356757,0.0,0.9983638227408925,0.954229516268723,0.9692744815908786,30.38079470198676,-43.13202929860995,0.23367152613936348,0.03897719419488599,1,1
2019-05-22,1807.5,1803.75,1811.25,1798.5,3340.0,-0.0007000000000000001,-0.0006910850034553828,0.010340972610396904,-0.027703066164604606,0.13007603488367894,0.17078696227042348,0.20124044564869403,8.114025442356757,0.0,0.9962206212353845,0.9565769627689132,0.9703841050590277,39.042553191489354,-42.11833546550838,0.25370217885053603,0.03983402489626564,1,1
2019-05-23,1814.0,1804.5,1817.25,1783.75,3340.0,0.0036,0.003596127247579517,0.0008275862068964912,-0.034721298390315236,0.10426606709348495,0.1627672682013882,0.20174219826100842,8.114025442356757,0.0,0.9996850889623681,0.9630196559000881,0.970944963353353,35.254237288135585,-40.325631345950114,0.30460925637784647,0.03541896361631758,1,1
2019-05-24,1828.0,1815.25,1837.25,1811.0,3340.0,0.0077,0.007717750826901959,0.00619237649649107,-0.03177966101694918,0.11361007677096803,0.16585533720899232,0.20494460915511503,8.114025442356757,0.0,1.006508957190333,0.9731211654740728,0.9713340173505466,36.75496688741722,-37.34473061016001,0.38828812827801,0.03514770240700216,1,1
2019-05-28,1813.0,1826.5,1827.25,1806.0,3340.0,-0.008199999999999999,-0.00820568927789933,-0.010371179039301293,-0.029962546816479363,0.11128103919035728,0.1643397779436441,0.20484017643069885,8.114025442356757,0.0,0.9997439785729759,0.9675138416383163,0.971592479297102,37.41573033707865,-35.78026729169028,0.3312527059761196,0.06880860452289017,1,1
2019-05-29,1824.75,1815.0,1829.0,1796.75,3340.0,0.006500000000000001,0.006480970766685079,0.0017842437551469637,-0.03016210470369385,0.11566373977432828,0.16412681036822788,0.20198848869881783,8.114025442356757,0.0,1.005965741287655,0.9754761109254928,0.9711135506658394,37.204058624577236,-33.20947389640264,0.4155645303151394,0.07357172215371977,1,1
2019-05-30,1799.25,1824.0,1826.25,1797.0,3340.0,-0.013999999999999999,-0.013974517057131153,-0.0012489592006661443,-0.02426789587852496,0.12857938762419835,0.1531887574160113,0.2012647449671057,8.114025442356757,0.0,0.9920836533349087,0.9641163494771061,0.9716947070148289,39.33253873659118,-32.85105201808415,0.2368160100287805,0.09239961094900662,1,1
2019-05-31,1804.0,1798.5,1811.75,1792.25,3340.0,0.0026,0.002639988884257427,-0.002626123013130588,-0.008246289169873577,0.12694948100246067,0.14404650610823969,0.19436540593317003,8.114025442356757,0.0,0.99507505614436,0.9691629955947136,0.9736335170148429,46.04221635883905,-31.816948814067246,0.29851168656246124,0.09686807095343686,1,1
2019-06-03,1812.5,1807.5,1816.75,1794.0,3340.0,0.004699999999999999,0.004711751662971109,0.0027662517289073207,0.013135830072666277,0.13042759759381228,0.12545532509404345,0.1561866411106723,8.114025442356757,0.0,0.9993698554605963,0.9757038525722693,0.976511331622674,56.99404761904762,-29.966105006771386,0.39000236706325186,0.09282758620689657,1,1
2019-06-04,1844.5,1812.5,1853.25,1803.0,3340.0,0.0177,0.017655172413792997,0.016813671444321887,0.017655172413792997,0.1669533730806539,0.1350545608137586,0.16430699785920583,8.114025442356757,0.0,1.0145764576457645,0.9946032416498533,0.9793893516892873,59.065155807365436,-25.62181307790115,0.7437784679327542,0.07346164272160483,1,1
2019-06-05,1855.5,1849.25,1882.0,1840.75,3340.0,0.006,0.005963675792897805,0.015043763676148902,0.021329296821246624,0.16494062021950834,0.13647063109472166,0.16491911796434208,8.114025442356757,0.0,1.0184263143450818,1.002097266352827,0.9824136951107076,60.572987721691675,-21.04868620396678,0.893251578427991,0.08124494745351662,1,1
2019-06-06,1885.5,1859.75,1918.0,1856.5,3340.0,0.016200000000000003,0.01616814874696848,0.03998896856039713,0.029203056768559055,0.16530404030251764,0.1475702234635407,0.17121749383884502,8.114025442356757,0.0,1.0290425697801342,1.0190423002089788,0.9851958276284499,63.51010101010101,-14.832718582463258,1.2179386147407394,0.08101299390082217,1,1
2019-06-07,1839.5,1882.25,1895.25,1821.5,3340.0,-0.024399999999999998,-0.024396711747547095,0.008083299082066064,0.00988196541312103,0.24398547745548757,0.1836134165792019,0.18984995474418356,8.114025442356757,0.0,1.0027841052898,0.9956967712252023,0.9873938208263899,53.85438972162741,-13.463140319661761,0.705030601961742,0.11144332699103021,1,1
2019-06-10,1881.5,1841.5,1888.5,1835.75,3340.0,0.022799999999999997,0.022832291383528158,0.04571349173266648,0.044407438245906095,0.2474290344442936,0.19722205155189249,0.1938898773245711,8.114025442356757,0.0,1.0191518997136888,1.019327401026641,0.9913588774667154,65.65557729941293,-8.88625546624553,1.0524517838278111,0.06670209938878546,1,1
2019-06-11,1909.25,1883.0,1917.5,1880.25,3340.0,0.0147,0.014748870581982487,0.058342572062084264,0.055563234277816065,0.2501252361996122,0.20326782901306903,0.19183989366620016,8.114025442356757,0.0,1.0258284880931823,1.0351324242999267,0.9959899002025381,68.20652173913044,-2.985433937600419,1.1426933248148263,0.06664920780411165,1,1
2019-06-12,1891.25,1905.75,1911.75,1882.25,3340.0,-0.009399999999999999,-0.009427785779756448,0.0434482758620689,0.046334716459197844,0.2719395270775694,0.21038646982674508,0.184504377744691,8.114025442356757,0.0,1.0100518806744487,1.026755822580937,1.0005803838030263,64.30401366353544,0.23584143598304763,0.9282769070391277,0.09729015201586244,1,1
2019-06-13,1892.5,1890.25,1905.75,1874.25,3340.0,0.0007000000000000001,0.0006609385327165374,0.026023312550826683,0.043274531422271334,0.2608158526424775,0.21068071810585187,0.18064675211304917,8.114025442356757,0.0,1.0070315469403268,1.0280809608097892,1.0042560236542046,63.65217391304348,2.856660131115632,0.8844577726052892,0.10845442536327599,1,1
2019-06-14,1873.25,1892.25,1896.25,1863.75,3340.0,-0.0102,-0.01017173051519149,0.009566154675289651,0.024753829321662923,0.2728647555561581,0.21668626456603504,0.18558686204537456,8.114025442356757,0.0,0.9954451424341918,1.0173610796817438,1.005752328538972,57.72843723313407,3.341841044611556,0.7280114511181454,0.10623248365140792,1,1
2019-06-17,1883.5,1869.75,1889.5,1867.25,3340.0,0.0055000000000000005,0.005471773655411738,-0.0010607265977193858,0.03888582460011025,0.25570240705831204,0.2121230846851248,0.1844967990584866,8.114025442356757,0.0,1.0010439800315092,1.0228491521511873,1.008409636170745,62.239583333333336,4.501548699975729,0.7705101123631984,0.09078842580302626,1,1
2019-06-18,1916.75,1887.0,1922.5,1877.0,3340.0,0.0177,0.01765330501725515,0.04199510736613221,0.050417865461022116,0.20738234729712723,0.22098038378724363,0.19080700772848086,8.114025442356757,0.0,1.012775513285024,1.040364383090743,1.0114519107625861,64.8626817447496,8.01127351600212,0.9324615881817501,0.04330246511021252,1,1
2019-06-19,1901.0,1916.5,1932.5,1880.25,3340.0,-0.008199999999999999,-0.00821703404199814,0.010364071219771454,0.05655134083645974,0.18364646574117055,0.21331663293903125,0.18857476123269687,8.114025442356757,0.0,1.0029771999246277,1.031218638964984,1.014809189291817,66.97247706422019,9.41335109532747,0.7988695974485905,0.0599684376643872,1,1
2019-06-20,1904.75,1898.5,1921.75,1893.75,3340.0,0.002,0.0019726459758022674,-0.002356946444939112,0.055848115299334866,0.15942748123717282,0.2134191408294181,0.18851760090845196,8.114025442356757,0.0,1.0052966900399607,1.0328186636663097,1.018284877697368,66.86192468619247,10.703715568071857,0.7919679454147176,0.040425252657829036,1,1
2019-06-21,1907.25,1907.0,1911.5,1884.75,3340.0,0.0013,0.001312508203176188,0.008460013218770657,0.05227586206896562,0.14604617910152565,0.21367824196509225,0.18821339649027793,8.114025442356757,0.0,1.0054032683183975,1.03299332009388,1.020787661517035,66.18274978650726,11.792135419161013,0.7786221985899623,0.023594180102241458,1,1
2019-06-24,1913.0,1902.0,1914.25,1888.75,3340.0,0.003,0.003014811901953074,0.010832232496697403,0.037137435619408965,0.14633656146402235,0.20399238835293987,0.18818649955777195,8.114025442356757,0.0,1.006879957893154,1.0343522456924519,1.0217038116522652,62.851782363977485,12.969192163813204,0.7840768695559028,0.024830109775222153,1,1
2019-06-25,1934.0,1911.0,1941.75,1901.5,3340.0,0.011000000000000001,0.010977522216413904,0.03243026825036699,0.042306655887900835,0.12901741899293073,0.20664648229439417,0.18963657967783737,8.114025442356757,0.0,1.0133043917591362,1.0429811788815186,1.0220645449572807,64.19529837251358,15.418804232542698,0.8734467342284749,0.02998965873836612,1,1
2019-06-26,1923.25,1935.0,1940.25,1918.75,3340.0,-0.005600000000000001,-0.005558428128231596,0.02110432705070342,0.02002121453195449,0.1421822831904836,0.20035919166194263,0.18792253559433714,8.114025442356757,0.0,1.0046828358208955,1.0351230495292858,1.021485052024299,57.33722060252672,16.30475324100553,0.7783068789531303,0.04965553100220976,1,1
2019-06-27,1939.0,1926.0,1941.25,1921.5,3340.0,0.008199999999999999,0.008189262966332933,0.011608190948219743,0.054090785539548714,0.10866837681683902,0.16294881528143904,0.18842727601506587,8.114025442356757,0.0,1.0112313509284956,1.0413161003902474,1.0230664085475945,71.91629955947137,18.069473937197472,0.8546145998989941,0.07001031459515206,1,1
2019-06-28,1933.25,1940.5,1944.0,1925.5,3340.0,-0.003,-0.002965446106240277,0.01696475539189901,0.02750465054477802,0.09186993198340182,0.1396958401353482,0.1796113496015026,8.114025442356757,0.0,1.0058158980266825,1.0363497473788603,1.0231969832243226,63.564875491481,18.78748047766453,0.8046348717844208,0.06685633001422464,1,1
2019-07-01,1915.25,1936.0,1940.75,1892.75,3340.0,-0.009300000000000001,-0.009310746152851435,0.005512534453340434,0.00314259525991889,0.11596471908900476,0.13423907147849962,0.18501157987604952,8.114025442356757,0.0,0.9956739695506869,1.0249834989385804,1.021715141985581,51.65745856353591,17.700021436974566,0.6585979314140915,0.07283644432841663,1,1
2019-07-02,1887.25,1915.25,1919.75,1883.5,3340.0,-0.0146,-0.014619501370578214,-0.010486302267662895,-0.0021150033046926087,0.14802414025144445,0.14301990309886564,0.1945250336144705,8.114025442356757,0.0,0.9825771662328002,1.0084561230078684,1.0200019465686003,48.952879581151834,14.412695733448345,0.38293332122056767,0.09643661412107574,1,1
2019-07-03,1879.25,1889.5,1900.0,1876.0,3340.0,-0.0042,-0.004238972049278034,-0.017642446419236846,-0.007001321003963001,0.14516961468514075,0.14401293321630965,0.18695867033367364,8.114025442356757,0.0,0.9808742660080156,1.002921908980534,1.0182176164618026,46.64981036662453,11.034731769335622,0.27996036474897934,0.09086071571105503,1,1
2019-07-04,1879.5,1881.5,1894.75,1871.5,3340.0,0.0001,0.00013303179459889236,-0.028179937952430234,0.003336447350860805,0.11413730374178092,0.13701323889246092,0.18607954269119512,8.114025442356757,0.0,0.9850075804368578,1.001772222740416,1.0171530602727052,51.74825174825175,8.28236989694733,0.2876944182985724,0.09523809523809534,1,1
2019-07-05,1878.25,1883.25,1885.75,1861.75,3340.0,-0.0007000000000000001,-0.000665070497472775,-0.023397894189522983,-0.002787363950092936,0.11519781341452703,0.13495741384352622,0.17735506798523643,8.114025442356757,0.0,0.9876800570924184,0.9999645072272159,1.0157936500894291,48.45360824742268,5.931859941122411,0.20924669329993864,0.0834553440702781,1,1
2019-07-08,1892.25,1881.75,1903.25,1874.5,3340.0,0.0075,0.007453746838812725,-0.024110366168127895,-0.012782052954219414,0.1121464892822872,0.11419213759397653,0.15539052100764805,8.114025442356757,0.0,0.9985488126649077,1.0062706343754848,1.0137061316738258,41.860465116279066,5.139501885235177,0.37029367386497763,0.08653719117452763,1,1
2019-07-09,1937.75,1890.0,1937.75,1882.0,3340.0,0.024,0.024045448540097825,0.002327686538212914,0.019331930562861643,0.19990456890527647,0.1503874366403087,0.15754147965344983,8.114025442356757,0.0,1.0222125927879724,1.028193178099879,1.0128622847389706,60.19417475728155,8.08976834418172,0.8899685999541401,0.06360469616823639,1,1
2019-07-10,1959.0,1926.25,1964.5,1924.25,3340.0,0.011000000000000001,0.01096632692555799,0.022842970891528536,0.028481428008924947,0.1955096539031552,0.15578349236905537,0.15402402836381468,8.114025442356757,0.0,1.030026477381556,1.0370063213802048,1.0125142027820122,63.716814159292035,12.004196272482204,1.0244020826747915,0.06049004594180696,1,1
2019-07-11,1965.5,1955.0,1986.25,1941.5,3340.0,0.0033,0.0033180193976518613,0.04146244535700094,0.030541355354568145,0.15103751629934434,0.15583119301327192,0.14911974761148586,8.114025442356757,0.0,1.0274054437516333,1.037403895212794,1.011748723839014,64.43618339529121,15.452774321464176,0.9948353363481943,0.050750445179343684,1,1
2019-07-12,1978.75,1965.5,1982.0,1958.5,3340.0,0.0067,0.006741287204273805,0.05294665425036582,0.034370099320438996,0.13356268567318297,0.15700846131675344,0.14997992049714814,8.114025442356757,0.0,1.0267029871766362,1.0411962026704085,1.0111188717007489,65.71087216248506,19.035531774980427,1.0224022867243474,0.04283006948831325,1,1
2019-07-15,1980.75,1978.0,1981.5,1972.5,3340.0,0.001,0.001010739102969005,0.053870710295291335,0.02417269906928654,0.13163935200150417,0.1521487448824518,0.1432395632232989,8.114025442356757,0.0,1.0200849748937815,1.039181910391382,1.00989572143082,62.286465177398156,21.78515050038527,0.964226878215875,0.0574277420169127,1,1
2019-07-16,1980.0,1975.5,1994.75,1974.5,3340.0,-0.0004,-0.00037864445285873405,0.05417276720351394,0.029507344339009478,0.13089747562984344,0.14887758992242206,0.14324647785294994,8.114025442356757,0.0,1.012122097268877,1.036332708160684,1.0096299434852234,65.74202496532592,23.631317302336356,0.9016938418581869,0.04292929292929304,1,1
2019-07-17,2006.25,1982.0,2009.25,1979.5,3340.0,0.013300000000000001,0.01325757575757569,0.06024573919936582,0.034682826199071703,0.1351979553499634,0.15433567856675684,0.13807270321331605,8.114025442356757,0.0,1.0170734356894553,1.047317431799298,1.0094890905599427,67.62778505897771,26.902458616658805,0.9958149997009923,0.02355140186915894,1,1
2019-07-18,2038.25,2005.5,2048.25,2004.5,3340.0,0.016,0.01595015576323977,0.051864275577344854,0.05431268589163318,0.10007168363410875,0.16206499938157123,0.14043384023265848,8.114025442356757,0.0,1.025829528705468,1.0612016452335087,1.0107178186524257,74.19354838709677,31.711444448487782,1.0652544521490137,-0.004906169508156477,0,0
2019-07-19,2044.5,2042.0,2088.0,2033.5,3340.0,0.0031,0.0030663559425978537,0.04364471669218983,0.06748466257668717,0.09902467071492982,0.15071644837258324,0.14034856473270793,8.114025442356757,0.0,1.0226882949835645,1.0606820461384152,1.0119243197573013,81.48599269183921,35.61635990706054,1.0012065933016483,-0.00966006358522864,0,0
2019-07-22,2007.0,2043.0,2043.5,1999.0,3340.0,-0.0183,-0.018341892883345534,0.021114220300178177,0.06345211286263086,0.17839838016864953,0.16048494616031198,0.15929298890981894,8.114025442356757,0.0,1.0009618467457517,1.0389722440316471,1.0141608561839273,77.88125727590221,35.27842917053408,0.7844708053379527,-0.0051071250622820585,0,0
2019-07-23,2036.5,2007.5,2045.75,1999.75,3340.0,0.0147,0.014698555057299556,0.02918509159823124,0.08367699880271395,0.1912510681657674,0.16071845435584559,0.16483422568153272,8.114025442356757,0.0,1.0115126035513455,1.0519337967845384,1.0177406907493212,83.28042328042328,36.96491159438915,0.8765470156362412,0.006506260741468095,1,1
2019-07-24,2075.25,2032.75,2084.25,2031.75,3340.0,0.019,0.01902774367787874,0.04770920106020449,0.10415003990422989,0.20848490369316852,0.16763785159172379,0.17192822321913953,8.114025442356757,0.0,1.023893852090712,1.0685643914851255,1.0217260844805889,85.62329390354867,40.95614527012299,0.968009556850261,-0.0104806649801229,0,0
2019-07-25,2097.75,2076.5,2115.5,2072.5,3340.0,0.0108,0.010842067220816709,0.05946969696969706,0.11686410222281385,0.2031636343453443,0.16431013098853267,0.17052011081256044,8.114025442356757,0.0,1.026475830974101,1.076358007799138,1.0261840420645236,87.07770270270271,45.41131529789027,0.973760722222818,-0.008461446788225468,0,0
2019-07-26,2072.25,2100.25,2111.75,2062.25,3340.0,-0.012199999999999999,-0.012155881301394333,0.03289719626168219,0.09512485136741966,0.23251861645878513,0.18524627840317884,0.17888106105139712,8.114025442356757,0.0,1.009341404863793,1.0596672746177578,1.0292778368954074,79.26829268292683,46.350137225082335,0.8387275076650249,0.012064181445288868,1,1
2019-07-29,2054.5,2068.25,2072.0,2026.75,3340.0,-0.0086,-0.008565568826155112,0.00797252545075433,0.06025029028512452,0.22932295415278303,0.17711759715588404,0.18234342304791842,8.114025442356757,0.0,0.9995656026828378,1.0475373058227677,1.030538451826565,70.8668453976765,45.14152036205519,0.7500617743300176,0.017765879776101334,1,1
2019-07-30,1999.75,2056.0,2065.0,1993.75,3340.0,-0.026600000000000002,-0.02664881966415189,-0.021887992174125737,0.020801429300663532,0.2824522327932312,0.21688190759402376,0.20547338731863812,8.114025442356757,0.0,0.9759638848218644,1.0181853668471343,1.0305687761094153,56.50438946528332,39.31264367037238,0.5423802841653708,0.04263032879109896,1,1
2019-07-31,2015.0,2000.0,2017.5,1981.75,3340.0,0.0076,0.007625953244155603,0.003986048829098143,0.025184431442381028,0.2657718219113589,0.21832463362356788,0.1968848876908194,8.114025442356757,0.0,0.9828583373980906,1.0239688320487847,1.030375443139058,57.6863354037267,35.5143768188218,0.5788355576795298,0.035607940446650055,1,1
2019-08-01,1981.75,2013.75,2013.75,1978.25,3340.0,-0.0165,-0.016501240694789088,-0.02688436042229314,0.0015161086544535074,0.2626069950750278,0.23021030175351934,0.207040762218262,8.114025442356757,0.0,0.9703418728687593,1.005760251725538,1.0291420161243547,50.43859649122807,29.481382826081926,0.42069470464106995,0.06458937807493381,1,1
2019-08-02,1952.25,1985.0,1985.0,1943.75,3340.0,-0.0149,-0.014885833228207357,-0.05926996747379831,-0.014388489208633115,0.2131386518346971,0.23885053614907523,0.2156650272908812,8.114025442356757,0.0,0.964193110260526,0.9900349916324357,1.0273267986640875,46.14343707713126,22.0654316029827,0.2500353398516217,0.07363298757843517,1,1
2019-08-05,1960.5,1955.25,1962.5,1932.5,3340.0,0.0042,0.004225893200153763,-0.06542724347515194,-0.009848484848484884,0.1902412996054131,0.23985308233900543,0.21559809894336307,8.114025442356757,0.0,0.9777358221715589,0.9934211081927894,1.0257967842695355,47.41379310344827,16.661875156361248,0.2445127787840793,0.049349655700076545,1,1
2019-08-06,1992.0,1956.25,2018.0,1956.25,3340.0,0.0161,0.016067329762815552,-0.038726022439377505,-0.007102803738317731,0.242298251251324,0.24327181895587674,0.22029122409576885,8.114025442356757,0.0,0.9991580531322215,1.0083948534064544,1.0242775785699219,48.13603662524526,14.751261129448721,0.3956979342721986,0.0450552208835342,1,1
2019-08-07,2018.75,1997.5,2019.75,1975.75,3340.0,0.0134,0.01342871485943764,-0.01740082745193483,-0.009567030540905241,0.2655330505847581,0.24020272908998033,0.21006552683147922,8.114025442356757,0.0,1.0151760057471264,1.0202921257454767,1.0219256761635211,47.41379310344827,15.22013890175981,0.5357596769122259,0.0365325077399381,1,1
2019-08-08,2074.75,2016.75,2074.75,2016.75,3340.0,0.0277,0.027739938080495463,0.03750468808601082,0.014795793592565332,0.2571830632330721,0.26859500743167963,0.22644805736599855,8.114025442356757,0.0,1.0377456234369418,1.0462023321777498,1.0206834451397955,53.54422964264792,19.881280872638854,0.8375637717289055,0.019158934811423167,1,1
2019-08-09,2062.5,2065.75,2081.5,2054.25,3340.0,-0.0059,-0.005904325822388201,0.023573200992555776,0.027653213751868355,0.26492939813677124,0.255955314612411,0.2284446286886417,8.114025442356757,0.0,1.0281288944276303,1.037770658973886,1.0204654962969708,56.91158156911582,22.32939744956525,0.7391016290611984,0.01139393939393929,1,1
2019-08-12,2054.75,2073.5,2099.75,2052.0,3340.0,-0.0038,-0.0037575757575757374,0.036836129683360586,0.008961453474097825,0.23382414061234943,0.250218051508302,0.228822689168541,8.114025442356757,0.0,1.0189685097941978,1.0314578540054382,1.0187378611766815,52.40289664252797,23.37473781667768,0.6732082862780981,0.001095023725514066,1,1
2019-08-13,2069.25,2055.0,2082.5,2027.0,3340.0,0.0070999999999999995,0.007056819564423833,0.059930849020361165,-0.002891217925551137,0.18668092214011675,0.23813239040842288,0.22948575512172575,8.114025442356757,0.0,1.0177235201124186,1.035582914195631,1.0154303444972312,49.15611814345992,25.084053057957362,0.7366463162431084,0.01824332487616287,1,1
2019-08-14,2050.0,2076.5,2076.5,2029.25,3340.0,-0.009300000000000001,-0.009302887519632708,0.04565161948482532,-0.02276248361339528,0.21492212530412594,0.23550830912973522,0.23279938579115178,8.114025442356757,0.0,1.0019550342130987,1.0230349204236862,1.0108440513371042,43.222143364088005,24.601789465707043,0.605668753667017,0.02097560975609758,1,1
2019-08-15,2058.5,2047.5,2066.0,2037.5,3340.0,0.0040999999999999995,0.004146341463414638,0.03338353413654627,-0.006635299794908955,0.20421191283791476,0.23138534713718917,0.22924102233481602,8.114025442356757,0.0,1.0014594989053758,1.0242270199894683,1.0073544089432835,47.94929157345265,24.621648024876094,0.65038023121085,0.005100801554529966,1,1
2019-08-16,2035.0,2061.5,2062.25,2032.75,3340.0,-0.011399999999999999,-0.011416079669662405,0.00804953560371513,-0.0094913604283281,0.21414635918529396,0.23364587294934455,0.2268303569572039,8.114025442356757,0.0,0.9889099081900068,1.0099088517973234,1.0040510968742098,47.14076246334311,22.48197426895581,0.5097887657123459,0.0491400491400491,1,1
2019-08-19,2056.0,2038.0,2059.25,2023.0,3340.0,0.0103,0.010319410319410416,-0.009037233401614664,0.02812851606450817,0.13409374332077903,0.20451913150490103,0.22943381016816147,8.114025442356757,0.0,1.0004170721534824,1.0175741053126508,1.0033272193884917,59.15378356387307,22.224600536893604,0.6238766030510519,0.01945525291828787,1,1
2019-08-20,2061.0,2056.5,2065.0,2045.25,3340.0,0.0024,0.0024319066147859836,-0.0007272727272726875,0.022828784119106604,0.13128040125382917,0.20296035366696868,0.2191451331306411,8.114025442356757,0.0,1.002954569154298,1.0179788600217328,1.0029141558826435,57.744107744107744,22.168543048389893,0.6456949317132655,0.018922852983988436,1,1
2019-08-21,2077.5,2059.75,2093.75,2048.5,3340.0,0.008,0.008005822416302655,0.011071906557975408,0.04831588242714768,0.13629700637478204,0.18633454018609205,0.21520167173334256,8.114025442356757,0.0,1.0093876346978083,1.0241305365901752,1.0043327922478056,67.08296164139162,23.188229710691758,0.7448149772290803,0.024789410348977192,1,1
2019-08-22,2065.25,2080.0,2084.5,2058.75,3340.0,-0.0059,-0.005896510228640239,-0.001933067536547095,0.057881931105135065,0.13669761982267611,0.17259344104799068,0.20607434227261098,8.114025442356757,0.0,1.00371443944943,1.0164257151645648,1.0066616865140396,71.48288973384031,22.74566821009421,0.6891091653529511,0.04587822297542665,1,1
2019-08-23,2063.5,2064.0,2089.75,2059.25,3340.0,-0.0008,-0.0008473550417624764,0.0065853658536585424,0.05253761795460332,0.12176326854272969,0.1738488722675866,0.20215947016626798,8.114025442356757,0.0,1.0019248443650615,1.014154420799135,1.008879862949259,70.07797270955166,22.000120957943636,0.6825326583081143,0.06081899685001213,1,1
2019-08-27,2094.5,2066.25,2101.0,2061.25,3340.0,0.015,0.015023019142234029,0.017488462472674327,0.051455823293172775,0.14830128066457077,0.17246196293168256,0.20467267409794898,8.114025442356757,0.0,1.014443617996575,1.0274753800808605,1.0105949018094027,70.01953125,23.638223584231127,0.8507978800768444,0.024110766292671393,1,1
2019-08-28,2065.0,2094.5,2097.0,2062.75,3340.0,-0.0141,-0.014084507042253502,0.014742014742014753,0.022910216718266208,0.15928815841712748,0.18147327818010453,0.20863710265081414,8.114025442356757,0.0,0.9980839274309091,1.011597859233586,1.0108105554690494,58.937198067632856,22.298979504151703,0.6524960056345783,0.0314769975786926,1,1
2019-08-29,2053.5,2064.0,2075.0,2038.5,3340.0,-0.005600000000000001,-0.00556900726392251,-0.0012159533073929918,-0.010242197855163226,0.15342353446976828,0.13874409975731467,0.18583035213601998,8.114025442356757,0.0,0.9926969492930027,1.005188702334916,1.00928826667972,45.040840140023334,20.07821585731881,0.5699371358726015,0.05137570002434866,1,1
2019-08-30,2028.25,2055.75,2059.25,2020.5,3340.0,-0.0123,-0.012296079863647447,-0.01589034449296456,-0.016606060606060624,0.16784963005291392,0.14585967880698836,0.19008997960403254,8.114025442356757,0.0,0.9827132721924208,0.9929908448520652,1.0082552530779436,42.46424642464247,16.09524472823523,0.39093314869538165,0.07580426476026125,1,1
2019-09-02,2024.75,2027.75,2033.5,2008.75,3340.0,-0.0017000000000000001,-0.0017256255392580355,-0.02539109506618531,-0.014600316340187325,0.1523455666851248,0.1454112618497163,0.18018963534893234,8.114025442356757,0.0,0.9846124455096475,0.9915969130184591,1.0075308870145399,43.27354260089686,12.51205943076775,0.31114079473922246,0.05247561427336711,1,1
2019-09-03,1996.75,2026.0,2037.75,1986.25,3340.0,-0.0138,-0.01382886776145198,-0.03316789734898917,-0.035036849099915446,0.16427390952775237,0.14987833826305869,0.17904287658168497,8.114025442356757,0.0,0.9756391239856906,0.9780479043871537,1.005162935094197,34.6723044397463,7.328514717017015,-0.0040371107354818594,0.07599849755853261,1,1
2019-09-04,2049.75,1994.5,2056.25,1993.25,3340.0,0.0265,0.026543132590459484,-0.006663435909861848,-0.00012195121951219523,0.25099701299575006,0.19011120623998176,0.19942883866115396,8.114025442356757,0.0,1.0024978165938865,1.0037912022885966,1.0049367831738945,49.95374653098982,7.411737351918646,0.4645503188126856,0.053787047200878124,1,1
2019-09-05,2053.5,2054.25,2078.25,2049.25,3340.0,0.0018,0.0018294914013903263,-0.019575077584149003,-0.0024289531212047244,0.22732471687787204,0.18939805950294242,0.19294510045327323,8.114025442356757,0.0,1.0072171810951898,1.0059847971455866,1.0051187453271109,49.058380414312616,7.691621326819586,0.4858341935014012,0.06598490382274158,1,1
2019-09-06,2080.0,2059.25,2082.5,2025.25,3340.0,0.0129,0.012904796688580467,0.007263922518159882,0.02211302211302213,0.228396297666939,0.1893574865856033,0.19254574209912168,8.114025442356757,0.0,1.0191439470829105,1.0192622599363779,1.0069852600162994,58.37988826815642,9.937209953003048,0.7915421481829511,0.048557692307692246,1,1
2019-09-09,2097.25,2078.0,2097.25,2067.75,3340.0,0.0083,0.00829326923076934,0.021305088872656475,0.020063229571984476,0.22647487659771254,0.18774323960299077,0.16955797552010407,8.114025442356757,0.0,1.024458749847351,1.0272957715433315,1.0080174659349541,57.79036827195468,12.959398079466155,0.9326952918869421,0.05423769221599706,1,1
2019-09-10,2091.0,2095.0,2109.75,2081.25,3340.0,-0.003,-0.0029800929789008945,0.030938000739553884,0.01455604075691408,0.20582731087353517,0.18861591300015776,0.16845052855903922,8.114025442356757,0.0,1.0169526853331479,1.0236242957789572,1.008466096277004,55.6390977443609,14.680948342883312,0.8296112357256497,0.060736489717838404,1,1
2019-09-11,2085.0,2094.0,2109.5,2076.0,3340.0,-0.0029,-0.0028694404591105283,0.029756760093838652,0.0036101083032491488,0.2073735150365623,0.18652698654837038,0.16818181141556596,8.114025442356757,0.0,1.0098074827460952,1.019269157127144,1.0073270518946162,51.46771037181996,15.383804551055164,0.7544933954235934,0.06666666666666665,1,1
2019-09-12,2086.75,2081.75,2097.5,2073.5,3340.0,0.0008,0.0008393285371701698,0.0450732440215349,0.010410361941653568,0.16866788867436006,0.18435102824709057,0.16661559894834108,8.114025442356757,0.0,1.0044006669760888,1.0189333365885815,1.006900544614628,54.38775510204082,15.898762497046846,0.7475731448297561,0.06673056187851922,1,1
2019-09-13,2109.75,2085.0,2117.75,2084.75,3340.0,0.011000000000000001,0.011021924044566811,0.029271862422246553,0.022413375333171892,0.10399368669095735,0.18910852015712018,0.1664960641506962,8.114025442356757,0.0,1.011298854707,1.028022203362989,1.0064169088041357,58.68544600938968,17.95579493339801,0.9106310892223073,0.0541533357032824,1,1
2019-09-16,2096.0,2111.5,2120.75,2092.5,3340.0,-0.006500000000000001,-0.006517359876762607,0.020696372047723344,0.0007161613750299445,0.12226496267319607,0.18151042478172166,0.1683840704127168,8.114025442356757,0.0,1.0017923288325965,1.018943138176338,1.004124640895233,50.30120481927711,18.265939492552207,0.7605318313856158,0.06679389312977091,1,1
2019-09-17,2057.25,2098.5,2103.25,2055.5,3340.0,-0.018500000000000003,-0.018487595419847347,-0.010937500000000044,-0.0037530266343825947,0.15553666832056698,0.18899291879479196,0.1764947864542772,8.114025442356757,0.0,0.9848013403542365,0.9985398271252393,1.002284156459806,48.49951597289448,15.2096032982422,0.41475379863517947,0.10098432373313893,1,1
2019-09-18,2081.75,2056.5,2082.0,2052.25,3340.0,0.011899999999999999,0.011909101956495416,-0.007390630587674307,0.013757000243486806,0.1662694012318351,0.1938581219502203,0.17768239156815452,8.114025442356757,0.0,0.9975868560670889,1.0089664364473525,1.0018088660400546,55.2073732718894,14.596125045740337,0.6232234232256838,0.06064609102918217,1,1
2019-09-19,2092.5,2077.75,2098.5,2068.75,3340.0,0.0052,0.005163924582682888,0.0007173601147776321,0.03167755454209287,0.16937195829462423,0.18449198044155032,0.17827819891403535,8.114025442356757,0.0,1.0026353617632966,1.0129697238638884,1.002838297712937,62.512171372930865,14.806691941406825,0.7084309185582797,0.03130227001194741,1,1
2019-09-20,2114.5,2093.25,2124.5,2086.25,3340.0,0.0105,0.010513739545997547,0.014148681055155876,0.04432646005679719,0.17815386379482312,0.18662007017293591,0.17976402821676313,8.114025442356757,0.0,1.0111350206646856,1.0229636677363694,1.0052968712924204,66.30336058128974,16.557914529847494,0.8569222281814259,0.02293686450697563,1,1
2019-09-23,2086.0,2100.0,2101.0,2085.0,64790.00000000001,-0.013500000000000002,-0.013478363679356842,-0.0003594105666706593,0.04469763365468893,0.20147137163360454,0.18600621365320205,0.18521295024621742,11.078921983805522,18.398203592814372,0.9975576847534628,1.0087934939428866,1.0079990051618741,66.18313689936537,15.467756563185958,0.6130451058014477,0.0364333652924258,1,1
2019-09-24,2057.0,2070.0,2070.0,2057.0,76740.0,-0.0139,-0.01390220517737295,-0.02500296243630762,0.00353701670935469,0.19979002590075767,0.16561262940694657,0.1918480506259889,11.248191394729853,0.1844420435252352,0.9872471717517999,0.9947329607047435,1.0082128738207594,51.439920556107246,12.123983152688197,0.3899949084724246,0.04569761789013116,1,1
2019-09-25,2107.0,2073.0,2108.0,2073.0,56770.0,0.024300000000000002,0.024307243558580494,0.005248091603053506,0.02605308010713414,0.2577196860754975,0.19455687328953947,0.20340543231142133,10.946780910947098,-0.26022934584310664,1.0104823239243628,1.0182925355822439,1.0094465981545215,58.97651006711409,13.354656598564361,0.776209399352647,0.0052206929283340475,1,1
2019-09-26,2093.0,2121.0,2121.0,2093.0,52890.0,-0.0066,-0.006644518272425293,0.017377567140600236,0.006250000000000089,0.22851819520140088,0.19078070180744935,0.19831692844232393,10.875988471047103,-0.06834595737185134,1.0013156321014234,1.0108262566909485,1.009196281241196,52.27670753064798,13.049860505178458,0.6486833118961484,0.009555661729574672,1,1
2019-09-27,2069.0,2088.0,2088.0,2069.0,42790.0,-0.0115,-0.011466794075489672,-0.006124654737600599,-0.013470020264632288,0.2313442087830896,0.1935575275616914,0.2016954386878973,10.664083079084039,-0.19096237474002642,0.9906970381011012,0.9990664434715426,1.0080513502078656,45.16680923866552,10.747813873549148,0.43686858257763816,0.018366360560657213,1,1
2019-09-30,2135.0,2098.0,2135.0,2095.0,67380.0,0.0319,0.03189946834219426,0.020310633213858953,0.021042563366810096,0.30432944119465305,0.23780107733348355,0.22347565356105722,11.118118358049584,0.5746669782659499,1.0193363571258056,1.0292794240534806,1.007946583531529,56.25,14.086691140807488,0.9490802113899162,-0.021077283372365363,0,0
2019-10-01,2096.0,2130.0,2130.0,2096.0,98220.0,-0.0183,-0.01826697892271667,-0.008749113265547392,0.005275779376498813,0.32303274118315217,0.25195266868774713,0.23452622453078828,11.494975320767226,0.45770258236865535,1.0019804684832343,1.0098284833301214,1.0076776422652314,51.42857142857142,13.430977419818646,0.6043701378261882,-0.017652671755725158,0,0
2019-10-02,2100.0,2095.0,2110.0,2090.0,66660.0,0.0019,0.001908396946564972,0.006711409395973256,0.00634958667784824,0.31120259263830674,0.2520220360827539,0.2275864847802288,11.10737535324936,-0.3213194868662187,1.0029337517909531,1.0111223458038423,1.0075025965896973,51.71078114912847,13.083270345883648,0.6315442839256818,-0.030952380952380953,0,0
2019-10-03,2129.0,2108.0,2130.0,2106.0,46370.0,0.0138,0.013809523809523716,0.03500243072435594,0.009124303827467761,0.2992093165294101,0.2545283988676115,0.21453794782353977,10.744429542820429,-0.30438043804380444,1.0118134292891574,1.0242388768171138,1.0073320282834621,52.44755244755245,14.975143489143647,0.9451705458519246,-0.05260685767966178,0,0
2019-10-04,2160.0,2149.0,2160.0,2143.0,54880.0,0.0146,0.014560826679192118,0.025154247745609926,0.03053435114503822,0.2778543275194152,0.2585124664718255,0.21897643958680207,10.9129224838081,0.18352383006254036,1.022865647409011,1.037576106927982,1.0079996980598631,57.79537149817296,18.75965784937125,1.1340225602498493,-0.07546296296296295,0,0
2019-10-07,2189.0,2181.0,2189.0,2181.0,98470.0,0.0134,0.013425925925925952,0.04586717630195891,0.06404180337829635,0.27255961894848313,0.24387407316615306,0.21929562049150017,11.497517367567555,0.7942784256559767,1.0299099341309315,1.0493977588238819,1.0104896401962098,66.43792888334373,23.82433824157988,1.177836191501543,-0.10758337140246688,0,0
2019-10-08,2145.0,2185.0,2185.0,2135.0,107660.0,-0.020099999999999996,-0.02010050251256279,0.03673272112131465,0.03038309114927351,0.3000677858251271,0.26227572723995557,0.23159922913562475,11.586742680572646,0.09332791713212152,1.0040791761401633,1.0274751813250198,1.0118389456318617,57.52528256989886,24.010918739844783,0.8027984607072487,-0.07086247086247088,0,0
2019-10-09,2130.0,2132.0,2132.0,2126.0,87380.0,-0.006999999999999999,-0.006993006993006978,-0.0023419203747072626,0.017921146953405076,0.24012358014255905,0.2647322256323902,0.2329194892147129,11.378033146706365,-0.18837079695337178,0.997391129841461,1.0192322262408435,1.012071624248977,54.41696113074206,22.686890141735148,0.6732134353182089,-0.06713615023474173,0,0
2019-10-10,2159.0,2167.0,2167.0,2159.0,118340.0,0.013600000000000001,0.013615023474178312,0.03005725190839703,0.021045164341451983,0.2143942074282153,0.2671185009005816,0.23645762317071684,11.681325566423139,0.354314488441291,1.0067279509725553,1.031373532537948,1.0118898335013846,55.15643105446119,23.704396053281926,0.8458189643532836,-0.09309865678554885,0,0
2019-10-11,2182.0,2187.0,2194.0,2180.0,97970.0,0.010700000000000001,0.010653080129689574,0.039047619047619,0.0460210930009588,0.21667435440998123,0.2602098820612704,0.2384080242100312,11.492426795492882,-0.17213114754098358,1.0119252683185371,1.0398151016226262,1.0126862343974976,61.267605633802816,26.06620956172128,0.940125941105548,-0.0989917506874427,0,0
2019-10-14,2131.0,2140.0,2140.0,2131.0,53400.0,-0.023399999999999997,-0.02337305224564623,0.0009394081728510972,0.03597472046669914,0.2664132477035142,0.2750561208586099,0.2518298856437972,10.885584751364705,-0.4549351842400735,0.988142554319025,1.0138004035854884,1.0134945711918344,58.25892857142857,23.55120636107722,0.5991176271653471,-0.09197559831065227,0,0
2019-10-15,2148.5,2150.0,2150.0,2130.0,58860.0,0.008199999999999999,0.008212106992022461,-0.005324074074074092,0.019696250593260523,0.25455471872804564,0.25848646861442237,0.2517559753449633,10.982934011109675,0.10224719101123592,0.9970168053299744,1.0196720533447237,1.0124683460627077,54.993983152827916,22.708383837939436,0.692551062026952,-0.09564812659995348,0,0
2019-10-16,2160.0,2159.0,2169.0,2159.0,68330.0,0.0054,0.005352571561554553,-0.013248058474189084,0.032011466794075405,0.2399953871645014,0.25614425429025806,0.24148388745343763,11.132118822527973,0.16089024804621133,1.0042841486499952,1.0233450591621363,1.0129728613898745,58.11138014527845,22.706646717669628,0.7453021646483814,-0.10046296296296298,0,0
2019-10-17,2189.0,2180.0,2189.0,2176.0,57750.0,0.0134,0.013425925925925952,0.02051282051282044,0.05799903334944423,0.21572645995924758,0.25180575090710916,0.2422896373472887,10.963895944251435,-0.15483682130835652,1.0148018146296236,1.0348699321196553,1.0148620865678413,64.35406698564594,24.75991083463623,0.8903126423840044,-0.11169483782549106,0,0
2019-10-18,2181.0,2200.0,2203.0,2181.0,44550.0,-0.0037,-0.003654636820465962,0.023943661971830954,0.021545667447306682,0.21009794352095262,0.21888971316688613,0.24299541003513114,10.704389879336146,-0.22857142857142854,1.0076895151975183,1.0294493633792625,1.0148002591548475,56.38888888888889,25.44825268314662,0.8045488359168071,-0.11210453920220087,0,0
2019-10-21,2211.0,2185.0,2211.0,2185.0,39950.0,0.0138,0.01375515818431916,0.02408522464103746,0.054866412213740556,0.21038386888559144,0.20418215026501593,0.2446656266434434,10.595408982170255,-0.10325476992143656,1.0180562407498768,1.0417451941198643,1.016857600560013,66.38176638176637,28.090705667784277,0.9305835225025422,-0.13794663048394395,0,0
2019-10-22,2218.0,2225.0,2225.0,2212.0,51160.0,0.0032,0.003165988240615203,0.016498625114573784,0.056190476190476124,0.2043750160086109,0.20401403162126938,0.23789221244258654,10.842732802022468,0.2806007509386734,1.0188666863536437,1.0429630558472704,1.0187967567785432,66.66666666666666,30.39928614671362,0.9351082740141231,-0.1433724075743913,0,0
2019-10-23,2224.0,2218.0,2224.0,2210.0,39140.0,0.0027,0.0027051397655546428,0.04364148287189118,0.04462188821042745,0.09883223013360383,0.1990319414579143,0.22981503619690025,10.574925789933857,-0.23494917904612977,1.0154257574275185,1.0435109011855235,1.0197657999043717,64.35045317220545,32.34020491343381,0.912592427073601,-0.13579136690647486,0,0
2019-10-24,2226.0,2229.0,2229.0,2223.5,50520.0,0.0009,0.0008992805755396738,0.03607167791482424,0.030555555555555447,0.1020715012682796,0.19223446375308828,0.21750235523511866,10.83014437040946,0.29075114971895766,1.0112272048802649,1.0421795567069436,1.0197568448351682,60.92715231788079,33.65186258065387,0.8805568973980618,-0.14420485175202158,0,0
2019-10-25,2224.0,2234.0,2238.0,2223.0,53050.0,-0.0009,-0.0008984725965858198,0.029629629629629672,0.0159890360895385,0.10811519542920597,0.1855388694369299,0.21528838055003363,10.879008994005844,0.05007917656373717,1.006139727266852,1.0393899503828388,1.0191102293249772,56.36363636363637,34.13647343012099,0.8504309682465636,-0.1492805755395683,0,0
2019-10-28,2236.0,2215.0,2236.0,2207.5,44370.0,0.0054,0.0053956834532373765,0.021470991320237554,0.042424242424242475,0.08824359928054917,0.15834555681265824,0.2088567737862211,10.700341381869716,-0.16361922714420363,1.0085051546391752,1.0427240154512176,1.0199235877558317,68.72427983539094,35.084399612123434,0.8742527766004776,-0.15339892665474064,0,0
2019-10-29,2265.0,2245.0,2265.0,2241.0,45140.0,0.013000000000000001,0.012969588550983957,0.038514442916093516,0.06338028169014076,0.09148693965085904,0.15651856123661612,0.18576864805388668,10.717546203426988,0.01735406806400719,1.0160856190720327,1.0528476857106335,1.021122805114717,76.26459143968873,37.7406449158334,0.9841625613728656,-0.15805739514348782,0,0
2019-10-30,2208.0,2235.0,2235.0,2208.0,53750.0,-0.0252,-0.025165562913907258,-0.0013568521031207537,0.022695692450208416,0.188884774289646,0.19437358042199893,0.19687072703453248,10.892117550468008,0.19073992024811703,0.9907057239920518,1.0243483774191802,1.0207529517285105,58.59649122807018,34.84464741969941,0.6398333329343507,-0.12273550724637683,0,0
2019-10-31,2158.0,2192.0,2192.0,2158.0,52630.0,-0.0226,-0.02264492753623193,-0.02705139765554554,-0.010999083409715893,0.22914843751640332,0.2148206468486382,0.21539026390192284,10.871060578737334,-0.020837209302325577,0.9720095231967054,1.0001390369374799,1.018925575513609,46.15384615384615,28.190009524782454,0.30796892009038856,-0.10194624652455975,0,0
2019-11-01,2163.0,2165.0,2165.0,2163.0,41210.0,0.0023,0.0023169601482855295,-0.02742805755395683,0.015016424213984081,0.22869558065422194,0.18828028805085673,0.21066570242396007,10.626460489993315,-0.21698650959528787,0.9781007751937983,1.0017057865528447,1.0192212483446592,56.015037593984964,23.05386861537727,0.33938458128074617,-0.11696717521960243,0,0
2019-11-04,2162.0,2168.0,2168.0,2162.0,51880.0,-0.0005,-0.000462320850670328,-0.02875112309074568,0.0062834535722597895,0.22764515156320825,0.185533086332128,0.20467925377531537,10.856707913495192,0.2589177384130066,0.9817073170731707,1.000069385017462,1.018472934887117,52.705410821643284,18.68733236310436,0.3434127560866821,-0.1269657724329325,0,0
2019-11-05,2151.0,2168.0,2168.0,2151.0,47220.0,-0.0051,-0.005087881591119281,-0.03282374100719421,-0.004166666666666652,0.22657914882813088,0.18553988978700747,0.19950101132636244,10.76259398788244,-0.08982266769468006,0.9813595776575638,0.9935411358055105,1.0167019871482572,48.19277108433735,14.175803021715183,0.26785296873205316,-0.12226871222687119,0,0
2019-11-06,2118.0,2132.0,2132.0,2115.0,64800.0,-0.015300000000000001,-0.015341701534170138,-0.05277280858676203,-0.03243490178163544,0.2220102949565764,0.1846244893384585,0.19430078919482754,11.079076314320059,0.37229987293519695,0.9737931034482759,0.9781328653566398,1.0141877426611996,35.96837944664031,7.847102791035013,0.0665079500858208,-0.09065155807365444,0,0
2019-11-07,2113.0,2106.0,2113.0,2099.0,64379.99999999999,-0.0024,-0.0023607176581680323,-0.06710816777041939,-0.031178358551123386,0.17669499717734194,0.18452056283024235,0.19301808866822937,11.07257383750632,-0.0064814814814816435,0.9812910502222517,0.9755234262586467,1.0116331602777535,36.400000000000006,2.400433347726448,0.08041303145494191,-0.09181258873639375,0,0
2019-11-08,2107.0,2092.0,2107.0,2090.0,52770.0,-0.0028000000000000004,-0.0028395646000946018,-0.04574275362318836,-0.047037539574853016,0.14278710181300222,0.16953437452510195,0.18636169900702307,10.873717076381238,-0.1803355079217147,0.9851055303232702,0.9721848396994701,1.0076143163649027,26.991150442477874,-2.372888106121991,0.09903400498181036,-0.0799715234931182,0,0
2019-11-11,2090.0,2109.0,2110.0,2090.0,53160.0,-0.008100000000000001,-0.008068343616516427,-0.03151065801668207,-0.057709648331830454,0.09181443625338327,0.16781453873792007,0.18274154409498564,10.881080323786447,0.007390562819783897,0.9816156736446591,0.9650088112846007,1.0040906787272614,22.88135593220339,-7.441753768184299,0.047852483787397634,-0.08325358851674636,0,0
2019-11-12,2059.0,2084.0,2087.0,2058.0,59920.0,-0.0148,-0.01483253588516742,-0.048081368469718,-0.07419064748201443,0.09553402348290958,0.17033370008444826,0.1722403551170505,11.0007823069704,0.1271632806621521,0.9738513513513514,0.9512369776627936,0.9992179172840279,18.39080459770115,-13.801215426287854,-0.019100548396620353,-0.05439533754249637,0,0
2019-11-13,2035.0,2040.0,2040.0,2033.2,60200.0,-0.011699999999999999,-0.011656143759106397,-0.05874190564292325,-0.08580413297394429,0.08655220944620036,0.16960749971975106,0.17176005216933526,11.005444242454628,0.004672897196261738,0.9708307776187555,0.9410912342091674,0.9939099384387378,16.254416961130744,-20.540950737608,-0.022917827977322527,-0.04717444717444719,0,0
2019-11-14,2017.0,2024.5,2027.0,2017.0,51990.0,-0.0088,-0.008845208845208896,-0.0622966062296606,-0.09307553956834536,0.08301582647309325,0.16801425827637456,0.170592918319435,10.858825905660948,-0.1363787375415283,0.9711121810303323,0.9343802839737799,0.9887793627631026,15.384615384615387,-27.023182668270692,0.0031832036020733277,-0.037183936539414986,0,0
2019-11-15,1997.0,2010.0,2010.0,1997.0,63740.0,-0.009899999999999999,-0.0099157164105107,-0.0571293673276676,-0.10688729874776381,0.07157203517359231,0.1585839699219728,0.16080959185548815,11.062583276583748,0.22600500096172338,0.969551948952698,0.927449629623896,0.9833460680642803,11.074918566775239,-33.389339506616125,0.021261473153633585,-0.035052578868302486,0,0
2019-11-18,1953.5,1992.0,1992.0,1953.0,67660.0,-0.0218,-0.021782674011016523,-0.07548509228584954,-0.1375275938189845,0.09441990980073035,0.1365337358878937,0.1717632950431198,11.122265222006739,0.061499843112645225,0.9590419749623033,0.9105669582511148,0.9765729911858777,1.5552099533437058,-41.46664939983111,-0.012457205654904348,-0.017660609163040686,0,0
2019-11-19,1993.0,1978.0,1993.0,1978.0,66520.0,0.0202,0.020220117737394405,-0.054105363075462765,-0.09737318840579712,0.21005979763824997,0.17284231273304726,0.18190208727602977,11.105272966266629,-0.016848950635530602,0.9863197709356994,0.9311778722608979,0.9717095734242862,14.63815789473685,-44.171474536682126,0.14298617881647938,-0.03712995484194681,0,0
2019-11-20,1987.0,2003.0,2003.0,1980.0,40710.0,-0.003,-0.0030105368790768194,-0.049282296650717705,-0.0792400370713624,0.21201194976476775,0.1583793470164712,0.17970998223477525,10.614253605184526,-0.38800360793746247,0.9905636862158602,0.9304467268129741,0.9681589521520217,17.115384615384613,-46.26589338137546,0.16536938134432538,-0.0337191746351283,0,0
2019-11-21,1958.0,1983.0,1983.0,1958.0,37080.0,-0.0146,-0.014594866633115267,-0.04905293831957258,-0.0947757743874249,0.21165319812430897,0.1577605934707952,0.18015917237938903,10.52085998803243,-0.08916728076639646,0.9831785086618127,0.9197526031472637,0.9643276554338952,13.90845070422536,-49.69296349181741,0.13231167310567823,-0.026557711950970342,0,0
2019-11-22,1966.0,1966.0,1967.0,1966.0,35230.0,0.0040999999999999995,0.004085801838610736,-0.033906633906633954,-0.09065679925994452,0.218338683771453,0.16254474514820974,0.1820221497720749,10.469681655831673,-0.049892125134843535,0.9921061168583066,0.9266445662932646,0.9610015194941903,16.323024054982824,-51.17351171519158,0.18574044699606693,-0.03306205493387593,0,0
2019-11-25,1935.0,1956.5,1957.0,1934.5,40300.0,-0.0158,-0.01576805696846384,-0.0406544372830937,-0.10041841004184104,0.22744072506411755,0.16673231815814074,0.1842167716714064,10.604131561522696,0.1439114391143912,0.9822691178070271,0.9148503616850268,0.9566754695826608,15.273311897106097,-54.223245944727296,0.14041188179715278,-0.0031007751937984773,0,0
2019-11-26,1943.0,1920.5,1943.0,1920.5,47990.0,0.0040999999999999995,0.004134366925064636,-0.02704056084126194,-0.0826251180358829,0.2323928496947878,0.16938327152949295,0.1832360734688554,10.778768772309705,0.19081885856079395,0.9902078555567689,0.9216174552353849,0.9538547542816487,19.4055944055944,-55.356533492714334,0.17851245146854927,-0.005661348430262447,0,0
2019-11-27,1943.0,1960.0,1960.0,1943.0,27150.0,0.0,0.0,-0.0053749680061427885,-0.08045433033601512,0.19548522527899634,0.17068143683782114,0.17087189544666836,10.209169157096309,-0.4342571369035215,0.9909653916211293,0.924790379260834,0.9513591492554058,19.7508896797153,-55.61359315575032,0.2016177814278457,-0.013896037056098764,0,0
2019-11-28,1944.5,1935.0,1944.5,1935.0,25830.0,0.0008,0.0007720020586721166,-0.024335173105870522,-0.07712387280493593,0.13284203216358972,0.17262150298020404,0.15981420110683361,10.159330600013353,-0.048618784530386705,0.9952473220487699,0.9291083999617749,0.949517863399939,20.614828209764923,-55.06156191561308,0.2319362797926806,0.0017999485728978915,1,1
2019-11-29,1936.5,1959.0,1959.0,1936.5,37560.0,-0.0040999999999999995,-0.0041141681666237995,-0.02541519879214893,-0.07344497607655498,0.13284219976721384,0.1723678076300218,0.1479236546155514,10.533721557035943,0.45412311265969807,0.9948260678115367,0.9289032082697088,0.9479705475564225,21.308411214953267,-54.63975325834758,0.2304109102741224,0.03227472243738694,1,1
2019-12-02,1906.0,1926.0,1926.0,1901.0,56580.0,-0.0158,-0.01575006454944483,-0.026557711950970342,-0.07430791646430301,0.1369600177724145,0.173384227950153,0.14973458466221592,10.943428518789158,0.5063897763578276,0.9829085015470753,0.9187534646067821,0.9473483061731115,21.348314606741567,-56.119649572360686,0.15800413590780563,0.050367261280167996,1,1
2019-12-03,1900.0,1900.0,1910.0,1898.0,50430.0,-0.0031,-0.0031479538300105414,-0.033570701932858604,-0.06633906633906639,0.12588348164535976,0.17121974359535205,0.14877747836838864,10.828361344340758,-0.10869565217391308,0.9846017175007402,0.9205649361660894,0.9475416417202798,22.891566265060234,-57.11820480901065,0.15977451867542217,0.040000000000000036,1,1
2019-12-04,1922.0,1919.0,1922.0,1917.0,53240.0,0.0116,0.011578947368421133,-0.006718346253229979,-0.047099652949925686,0.13290667351776733,0.18344197221872297,0.1609015446814835,10.882584055202674,0.05572080111045019,0.9969618377176732,0.9357883034576778,0.9488819669128515,31.22529644268775,-55.494643187479824,0.25778784652620057,0.020291363163371434,1,1
2019-12-05,1905.0,1907.0,1912.0,1902.0,37670.0,-0.0088,-0.008844953173777315,-0.019557385486361323,-0.04606910365548322,0.13492488280099976,0.18275721357602095,0.15732546218768842,10.536645846657073,-0.29244928625093913,0.9909340863491121,0.9323686078097086,0.9506349219297152,31.599999999999994,-54.94632974397314,0.21014050384272634,0.029396325459317696,1,1
2019-12-06,1892.0,1903.0,1903.0,1891.0,62040.0,-0.0068000000000000005,-0.006824146981627255,-0.026248069994853296,-0.03148195546455079,0.13521778742649698,0.16343218654384914,0.15714609862272594,11.035550735793711,0.6469338996548979,0.9879158585707892,0.9310489063127938,0.9536502520829208,35.99088838268793,-54.927607476337016,0.16819070486366738,0.04968287526427062,1,1
2019-12-09,1893.0,1880.0,1893.0,1880.0,59020.0,0.0005,0.0005285412262157063,-0.0264849575726408,-0.05017561465127951,0.1348824340332816,0.12864028164432714,0.15821310264102592,10.985648591762406,-0.048678272082527396,0.9922498034370437,0.936811804587557,0.9555112780094428,22.37569060773481,-54.20721131250434,0.17941429343194312,0.03909138932910716,1,1
2019-12-10,1907.0,1910.0,1910.0,1900.0,58890.0,0.0074,0.007395668251452658,-0.015233668990446647,-0.04026170105686966,0.15051595948860305,0.1369355153268204,0.16346500361490704,10.983443556606128,-0.0022026431718061845,1.0018011257035646,0.94934660858743,0.9583429638190062,28.835978835978835,-51.908243248959934,0.26376398740539764,0.017304667016255992,1,1
2019-12-11,1937.0,1920.0,1937.0,1917.0,44730.0,0.015700000000000002,0.01573151546932361,0.016264428121720798,-0.010725229826353377,0.14958220642462022,0.1468040910298921,0.17268775289077568,10.70842205253738,-0.24044829342842589,1.0151991614255764,0.9686372236066776,0.9619219865671447,44.473684210526315,-47.12234811941448,0.4672906356137681,-0.023231801755291714,0,0
2019-12-12,1938.0,1933.8,1938.0,1932.0,54180.0,0.0005,0.0005162622612286949,0.020000000000000018,-0.014242115971515812,0.14549012182748114,0.14530765571353327,0.16999179959607644,10.90008557246396,0.21126760563380276,1.0128415708526206,0.9727043825234434,0.9644586944805277,42.349726775956285,-42.75593628721322,0.501370922265983,-0.024767801857585092,0,0
2019-12-13,1910.0,1955.0,1955.0,1910.0,48530.0,-0.0144,-0.014447884416924683,-0.00624349635796051,-0.012919896640826822,0.16282232768341667,0.14279028730022425,0.17378855801740317,10.789958047997803,-0.1042820228866741,0.9991032730533552,0.9627258751480632,0.9676583151217089,43.05555555555556,-41.08132945244347,0.29928827436242994,-0.039790575916230364,0,0
2019-12-16,1887.5,1899.0,1899.0,1887.5,47550.0,-0.0118,-0.011780104712041939,-0.009186351706036766,-0.028564076170869757,0.16968384791430985,0.14780871813898439,0.17490263891196728,10.769558098246614,-0.020193694621883362,0.9886265853567286,0.9557929916953616,0.9701344078243005,35.732647814910024,-41.09602404682664,0.1508403182976157,-0.0331125827814569,0,0
2019-12-17,1888.0,1893.0,1899.0,1888.0,41730.0,0.0003,0.00026490066225171027,-0.0021141649048626032,-0.02830674215131246,0.1652076034627216,0.14788341238100866,0.16055993855135142,10.638999536873841,-0.12239747634069398,0.9891845365068673,0.9603092521320425,0.9724620761649635,35.8974358974359,-40.59932010741932,0.1716722521958187,-0.004766949152542388,0,0
2019-12-18,1926.0,1892.0,1926.0,1892.0,40240.0,0.020099999999999996,0.020127118644067687,0.017432646592709933,-0.009514013885317585,0.20594336192934262,0.17521200149881605,0.1604011265199238,10.602641655359475,-0.03570572729451238,1.006607682831224,0.9828369252751364,0.9749637322822783,46.00431965442764,-36.71615525338348,0.5428954437526141,-0.05244029075804779,0,0
2019-12-19,1919.0,1924.0,1924.0,1914.0,36920.0,-0.0036,-0.0036344755970924014,0.0062926061877293105,-0.00903692228246833,0.2056630237388892,0.17503862399911777,0.16048585585752992,10.516535773840447,-0.08250497017892644,1.0020513968147402,0.9825070398498165,0.9775517169919423,46.20390455531454,-33.81377646172109,0.48971681527993677,-0.0489838457529963,0,0
2019-12-20,1938.5,1930.0,1938.5,1928.0,28620.0,0.0102,0.010161542470036533,0.0007743933918431534,0.01705141657922349,0.1910673541530744,0.1658205140507807,0.1581403385677844,10.261895993101012,-0.22481040086673887,1.0121205340493773,0.9953531359913738,0.9815629160447008,57.40318906605923,-29.598935226524645,0.7462684428035513,-0.0611297394892959,0,0
2019-12-23,1916.0,1920.0,1920.0,1916.0,24600.0,-0.0116,-0.011606912561258675,-0.011351909184726505,0.008421052631578885,0.20358686950965452,0.17386672865698105,0.16179610367205838,10.110542371500753,-0.14046121593291405,1.0020171834142697,0.9867387665765418,0.9850834115028785,53.389830508474574,-27.754271179273474,0.47988158821806176,-0.0375782881002088,0,0
2019-12-24,1947.0,1930.0,1947.0,1923.0,25620.0,0.016200000000000003,0.0161795407098122,0.019371727748691114,0.013007284079084247,0.20508236776872465,0.18044134662675515,0.16333541035700033,10.15116760669524,0.04146341463414638,1.015422440768887,1.0046353230536373,0.987902457962055,55.102040816326536,-23.51979910602222,0.8619365046977586,-0.06676938880328709,0,0
2019-12-27,1939.0,1930.0,1939.0,1925.0,29050.0,-0.0040999999999999995,-0.004108885464817691,0.027284768211920607,0.01784776902887142,0.18647212672991698,0.17651690652445548,0.16342170524252123,10.276808185095502,0.13387978142076506,1.007384866589973,1.0021621342246037,0.9907915478641387,57.20338983050847,-20.572337520357905,0.7685123628576442,-0.07374935533780302,0,0
2019-12-30,1942.0,1942.0,1943.0,1942.0,32920.0,0.0015,0.0015471892728209369,0.028601694915254328,0.026427061310782207,0.18557539794852154,0.1725570465458358,0.16351526664085508,10.401866031000361,0.13321858864027547,1.0049159120310478,1.005011255919061,0.9939216804896172,61.06194690265487,-17.789313913124033,0.810379177824458,-0.047373841400617955,0,0
2019-12-31,1927.0,1937.0,1937.0,1918.0,32220.0,-0.0077,-0.007723995880535517,0.0005192107995846129,0.0179609086106709,0.1576574552328367,0.17733264167639362,0.165661353753823,10.380373692872555,-0.02126366950182257,0.9970802380160402,0.9984542180847849,0.9963816613269545,57.08333333333333,-16.60273628451455,0.6289773136644573,-0.03788271925272446,0,0
2020-01-02,1919.0,1916.0,1919.0,1903.0,44520.0,-0.0042,-0.004151530877010923,0.0,0.0062926061877293105,0.1582036761569748,0.17644131990985595,0.16567201933374842,10.703716266952133,0.3817504655493482,0.9929408286210593,0.9949019268988163,0.9974201034427423,52.56410256410256,-16.122053113558422,0.5175669801283167,-0.014069828035435106,0,0
2020-01-03,1919.0,1904.0,1920.0,1903.0,42880.0,0.0,0.0,-0.010059324219757526,-0.00929272070211673,0.1418036640147519,0.16217195639388074,0.15596080197787388,10.666184116368278,-0.036837376460017945,0.9943741209563994,0.9961758751362669,0.9980298464664543,45.588235294117645,-15.561722388580847,0.5053310941205784,-0.023970818134445016,0,0
2020-01-06,1920.0,1915.0,1921.0,1910.0,43080.0,0.0005,0.0005211047420532466,0.0020876826722338038,-0.009287925696594423,0.12253387092059573,0.1621726144528516,0.15543515369508826,10.670837343628586,0.004664179104477695,0.9945977947161992,0.9978518467188691,0.9985200510805111,45.588235294117645,-14.865603189369494,0.5200062719550242,-0.02447916666666672,0,0
2020-01-07,1906.0,1926.0,1926.0,1906.0,49490.0,-0.0073,-0.007291666666666696,-0.021058038007190527,-0.0020942408376963817,0.05987556692011533,0.1529208718760729,0.1522690318107891,10.809546113844034,0.14879294336118853,0.9903503562945367,0.9914689970869746,0.999271743653766,48.94736842105264,-15.267611187829516,0.3322866350405858,-0.0041972717733472775,0,0
2020-01-08,1901.0,1930.0,1930.0,1901.0,69580.0,-0.0026,-0.002623294858342118,-0.01959773078906657,0.007152317880794623,0.05941263828140889,0.14404865403556952,0.14939598116508032,11.150246820548618,0.40594059405940586,0.9905463748697335,0.9899838561285955,1.000901428149853,53.913043478260875,-15.80744524716033,0.25185734355539957,-0.00946870068385064,0,0
2020-01-09,1929.0,1912.0,1933.0,1912.0,62170.0,0.0147,0.014729089952656427,-0.006694129763130774,0.021716101694915224,0.12090572801374913,0.15606904728498996,0.15562367083062434,11.037643932062444,-0.10649611957459038,1.006109827881678,1.0046700578114964,1.0025309580438833,60.25000000000001,-13.816632099945082,0.6193268773181917,-0.0318818040435459,0,0
2020-01-10,1932.0,1942.0,1945.0,1932.0,58170.0,0.0016,0.0015552099533437946,0.002594706798131785,0.0031152647975076775,0.1114706132700813,0.13119454721438772,0.15562775702424403,10.971142227748963,-0.06433971368827407,1.0072992700729928,1.00642472651502,1.0029456998982957,51.81818181818182,-11.860107473494736,0.6460518135254277,-0.0522774327122153,0,0
2020-01-13,1916.0,1915.0,1916.0,1907.0,80760.0,-0.0083,-0.008281573498964856,-0.0015633142261594069,-0.0015633142261594069,0.12089567628352661,0.13528212659718541,0.1570011954517224,11.299249454717621,0.3883445074780816,0.9991805110631006,0.9985581015582926,1.0033044540019507,49.13793103448276,-11.468413165324364,0.425175043179415,-0.050104384133611735,0,0
2020-01-14,1948.0,1914.5,1948.0,1914.0,70280.0,0.0167,0.016701461377870652,0.015112037519541488,0.004900696414753769,0.15791253498258337,0.14719841946295834,0.15823580447306998,11.160256770998894,-0.12976721149083703,1.0136782634552484,1.0151737555696454,1.0035970821323412,52.54691689008043,-8.47812944051475,0.881242521983275,-0.0462012320328542,0,0
2020-01-15,1999.0,1967.0,1999.0,1964.0,73200.0,0.0262,0.026180698151950788,0.04114583333333344,0.04331941544885187,0.21224563343702413,0.17261429431773184,0.18185576957851837,11.200964361058276,0.04154809334092202,1.0341438178996378,1.0406219091082614,1.005594901376539,69.30232558139535,-1.9703216283076017,1.2516725273483706,-0.09104552276138067,0,0
2020-01-16,2002.0,2030.0,2030.0,2002.0,63080.0,0.0015,0.0015007503751875984,0.050367261280167996,0.02824858757062154,0.19525161982294867,0.1619381007818452,0.1723329281779341,11.052174893836543,-0.1382513661202186,1.0283995009906803,1.040450411433521,1.005964239312009,64.70588235294117,3.390158243117412,1.1285532620635772,-0.09665334665334668,0,0
2020-01-17,1976.0,1980.0,1980.0,1976.0,40730.0,-0.013000000000000001,-0.012987012987012991,0.03945291951604424,0.019082001031459406,0.2246379855746393,0.17250805916836967,0.17362114564604783,10.614744752268392,-0.35431198478123016,1.0094876660341556,1.025587792598744,1.0060132424797394,59.024390243902445,5.477256054141208,0.8608711484483569,-0.06477732793522262,0,0
2020-01-20,1961.0,1995.0,1995.0,1961.0,33310.0,-0.0076,-0.007591093117408909,0.01658890616899944,0.009783728115345003,0.22657051069444148,0.17666908459849767,0.17685049024295435,10.413642951751815,-0.18217530076110977,0.9994903160040775,1.017116182572614,1.0060388263189093,54.3778801843318,5.853446577830709,0.7062448194709441,-0.0581336053034166,0,0
2020-01-21,1961.0,1967.0,1967.0,1959.0,41560.0,0.0,0.0,0.015010351966873614,0.017644006227296227,0.22701723832267526,0.1724745338833021,0.16393786155932125,10.634917506521377,0.24767337135995193,0.997384291215578,1.01613237529363,1.0063241477328808,58.41584158415842,6.081476799207849,0.6869676958223069,-0.06093829678735341,0,0
2020-01-22,1986.0,1970.0,1986.0,1967.0,52100.0,0.0127,0.012748597654258065,0.03653444676409179,0.03491401771756131,0.22115903664205488,0.17695690025461122,0.16799091249618334,10.860939421415225,0.253609239653513,1.004988072001735,1.0274185204345576,1.007168723671569,65.29680365296804,8.185130370951128,0.8642071363753617,-0.08358509566968786,0,0
2020-01-23,1967.0,1988.0,1988.0,1967.0,35240.0,-0.0096,-0.009566968781470342,0.009753593429158158,0.025013027618551398,0.22005054412121622,0.18409993948923897,0.16934901424616283,10.469965456491996,-0.32360844529750477,0.9940080854750216,1.0162923670432626,1.0076565759949612,60.08403361344538,8.224344646579311,0.6857572591673364,-0.0671072699542451,0,0
2020-01-24,1940.0,1950.0,1950.0,1938.0,35070.0,-0.0137,-0.01372648703609558,-0.02951475737868936,0.01041666666666674,0.15138542547539044,0.19562386113379818,0.17144379224086354,10.465129857127469,-0.004824063564131675,0.9845573841803814,1.001772897051483,1.0078218939261678,53.78787878787878,6.007497202737341,0.462279875105887,-0.04484536082474222,0,0
2020-01-27,1892.0,1885.0,1892.0,1880.0,48320.0,-0.024700000000000003,-0.024742268041237137,-0.05494505494505497,-0.007345225603357819,0.18728004029749837,0.22188204928358699,0.18295266249771586,10.785621527758789,0.3778157969774736,0.9679163926039611,0.9777440915041687,1.0080863462314575,47.651006711409394,0.3731295791831144,0.10881137107094996,-0.049154334038054914,0,0
2020-01-28,1890.0,1905.0,1911.0,1890.0,43450.0,-0.0011,-0.0010570824524313016,-0.04352226720647778,-0.005786428195686533,0.18756492380195297,0.22168215752214301,0.1826676196529884,10.679389145388422,-0.10078642384105962,0.973008751930573,0.9775187918074615,1.0085141911395272,48.135593220338976,-4.205057357552278,0.13679234185013855,-0.050264550264550234,0,0
2020-01-29,1834.0,1884.0,1884.0,1834.0,53420.0,-0.0296,-0.029629629629629672,-0.06476287608363085,-0.04924831518921724,0.2347325539176122,0.24222679560012988,0.20714307145621408,10.885959206069424,0.2294591484464903,0.9530809205642168,0.9497997514155503,1.006323120326711,35.294117647058826,-12.211271540378675,-0.10849135370342186,-0.03762268266085056,0,0
2020-01-30,1825.0,1827.0,1827.0,1817.0,42320.0,-0.0049,-0.004907306434024039,-0.06935237123916371,-0.05538302277432716,0.22821320164972522,0.24116566917162713,0.20650079277583536,10.653038695742612,-0.20778734556345935,0.9580770961451928,0.9461596287943593,1.003447650154237,33.73860182370821,-19.062735398258383,-0.046301713097142504,-0.028493150684931523,0,0
2020-01-31,1879.0,1850.0,1879.0,1841.0,45350.0,0.0296,0.029589041095890334,-0.05387713997985899,-0.019311064718162796,0.3076508650319675,0.2786082846472196,0.2343166135671856,10.722187506016818,0.07159735349716456,0.9944053829288576,0.9743071219309845,1.002233358148424,44.9591280653951,-19.905759954736368,0.25123834185001026,-0.07184672698243744,0,0
2020-02-03,1825.0,1862.0,1862.0,1825.0,51890.0,-0.0287,-0.028738690792974975,-0.07219115404168785,-0.06314168377823404,0.3329493576591911,0.28838512826400303,0.2533064822181077,10.856900643712033,0.14421168687982355,0.9763087504776462,0.9479616659885205,0.9994224421421831,34.19023136246787,-24.64709532001416,0.04898629751079907,-0.05369863013698628,0,0
2020-02-04,1825.0,1855.0,1855.0,1825.0,44400.0,0.0,0.0,-0.05927835051546393,-0.08704352176088048,0.3374472964640639,0.2537082673622089,0.25324062324722063,10.70101727068921,-0.14434380420119486,0.9849653045489591,0.9495070367576286,0.9945853943148498,24.260355029585796,-28.080938180901512,0.09849102773774526,-0.11287671232876717,0,0
2020-02-05,1820.0,1840.0,1840.0,1820.0,39500.0,-0.0027,-0.002739726027397249,-0.038054968287526414,-0.09090909090909094,0.31823860840180257,0.2517904818421616,0.25259846188844315,10.584081267024454,-0.11036036036036034,0.9877500387657001,0.9488556383921589,0.9898560331280211,23.235294117647072,-30.850120614007892,0.12022829635140612,-0.07719780219780215,0,0
2020-02-06,1844.0,1830.0,1852.0,1830.0,43030.0,0.0132,0.01318681318681314,-0.024338624338624326,-0.0668016194331984,0.3372268215233857,0.2632817840576012,0.2580450784330857,10.66967606516289,0.08936708860759501,1.0043572984749456,0.962572427833168,0.9861743935450674,30.473372781065095,-30.75360974975797,0.2405046230428143,-0.11849240780911063,0,0
2020-02-07,1817.0,1826.0,1826.0,1816.0,58750.0,-0.0146,-0.014642082429501047,-0.009269356597600864,-0.07343192248852626,0.29780158327608364,0.26641258073833574,0.25506564041210694,10.981063453138141,0.3653265163839181,0.9909622126996493,0.9506286950000873,0.983028847471393,29.42857142857143,-32.48137349144531,0.17388306829604852,-0.08695652173913049,0,0
2020-02-10,1796.0,1808.0,1808.0,1795.5,52400.0,-0.0116,-0.011557512383049029,-0.01589041095890409,-0.08414074451810305,0.3039089859894482,0.26646651824896195,0.2563370231914668,10.866680954096502,-0.10808510638297875,0.9817273153209434,0.9419909787055492,0.9793049707032714,27.762803234501348,-35.14009011537155,0.1407527097489578,-0.10161469933184852,0,0
2020-02-11,1850.0,1813.0,1850.0,1808.0,81080.0,0.0301,0.030066815144766057,-0.015433741351782881,-0.06847935548841888,0.3060095184213959,0.2984569841983926,0.2803318516788616,11.303203933987659,0.5473282442748091,1.0135399546059325,0.9718768605750709,0.9757793776986156,33.0,-32.51498103023846,0.34516607970825225,-0.14297297297297296,0,0
2020-02-12,1854.0,1855.0,1855.0,1844.0,57200.0,0.0022,0.00216216216216214,0.0158904109589042,-0.0574478901881037,0.24242398213670538,0.2990422823976101,0.27284907805947584,10.954326659732555,-0.2945239269856932,1.0134312041230673,0.975224869812214,0.9727826746920957,35.324675324675326,-29.768642219604317,0.3777093371695609,-0.11299892125134847,0,0
2020-02-13,1892.0,1869.0,1892.0,1864.0,49800.0,0.020499999999999997,0.02049622437971954,0.03671232876712338,-0.024742268041237137,0.2642732483331545,0.3125260578033292,0.2660209898405636,10.815790343132422,-0.12937062937062938,1.0288200108754757,0.9956846647721292,0.9714390966364442,43.93939393939394,-24.246369450935617,0.5413273066956837,-0.10940803382663844,0,0
2020-02-14,1873.0,1865.0,1873.0,1853.0,38070.0,-0.01,-0.010042283298097199,0.029120879120879017,-0.010042283298097199,0.2769127393812309,0.2972840656195551,0.2668470723400092,10.547208116433715,-0.2355421686746988,1.0143122388983443,0.9864817415730337,0.9715088282504013,47.41144414168937,-21.15916008003046,0.48475765367213997,-0.08996262680192202,0,0
2020-02-17,1873.0,1888.0,1888.0,1869.0,50690.0,0.0,0.0,0.01572668112798259,-0.008994708994709,0.2702386016524858,0.2972835001111409,0.2645248702514952,10.833503659028759,0.3314946151825584,1.0120416827479737,0.987296399768067,0.9716710467856955,47.67123287671233,-18.499276270004657,0.5038828174682486,-0.09022957821676458,0,0
2020-02-18,1898.0,1855.0,1898.0,1847.0,60290.0,0.013300000000000001,0.013347570742124892,0.044578976334617604,0.034896401308615044,0.24752826990552948,0.2702953782146158,0.2692633649736357,11.006938117844488,0.1893864667587295,1.0191776618594661,1.0006150601880328,0.9742176810975686,59.58083832335329,-14.210201760497284,0.6420634665721966,-0.0824552160168599,0,0
2020-02-19,1883.0,1885.0,1885.0,1857.0,53520.0,-0.0079,-0.007903055848261342,0.0484409799554566,0.03178082191780818,0.2371768785734476,0.2721976640782579,0.27012977149333856,10.887829379231441,-0.1122905954552994,1.004419721100358,0.9930212526587797,0.9767107222589143,58.529411764705884,-11.8844573241538,0.6108186496291822,-0.0868295273499734,0,0
2020-02-20,1867.5,1865.0,1885.0,1863.0,52210.0,-0.008199999999999999,-0.008231545406266583,0.009459459459459474,-0.0061202767429483496,0.18560171151715735,0.24481186912326078,0.26563862881425604,10.863048479640058,-0.024476831091180817,0.9948251588600129,0.9859130144037448,0.9773341193654257,48.09286898839138,-11.163324705090872,0.5602455682580428,-0.09049531459170013,0,0
2020-02-21,1831.0,1840.0,1840.0,1830.0,62810.0,-0.0195,-0.019544846050870146,-0.012405609492988079,0.0032876712328766544,0.22367128075851814,0.22655630560763976,0.27103882496205584,11.047885496353372,0.20302624018387272,0.9770916714312942,0.9683646396178018,0.9793009571324056,51.05633802816901,-13.382798297505133,0.3175556891655273,-0.09530311305297656,0,0
2020-02-24,1820.0,1822.0,1822.0,1819.0,41420.0,-0.006,-0.006007646095030017,-0.038054968287526414,-0.002739726027397249,0.1609603456751886,0.22815327304648964,0.26859365139822994,10.631543277584262,-0.34055086769622667,0.9765819631290483,0.9641788145545088,0.9807719232743736,49.152542372881356,-15.846684464809641,0.25297510093600223,-0.08021978021978027,0,0
2020-02-25,1858.0,1846.0,1858.0,1846.0,44240.0,0.0209,0.020879120879120805,-0.008008542445274935,0.020879120879120805,0.22019776417121753,0.24429214974150845,0.268340924857777,10.69740723991905,0.06808305166586193,0.9981197958635509,0.9858768803558637,0.9837733832445401,55.79268292682927,-14.565151582044791,0.5849795755663728,-0.06539289558665229,0,0
2020-02-26,1817.0,1840.0,1841.0,1813.0,45560.0,-0.022099999999999998,-0.022066738428417665,-0.029898558462359892,-0.014642082429501047,0.2530640404041496,0.2572827227014999,0.2783492621632544,10.72680736639838,0.029837251356238603,0.9803075263015916,0.9672353677038141,0.9859237938075339,46.08695652173913,-16.66577223991203,0.24208266774127118,-0.05421023665382496,0,0
2020-02-27,1808.5,1828.0,1828.0,1806.0,39960.0,-0.004699999999999999,-0.004678040726472155,-0.04715489989462596,-0.004678040726472155,0.22167869789491607,0.2503700893710527,0.25962504720627244,10.595659257474393,-0.12291483757682176,0.982499029879705,0.9660274557983014,0.9889963142994499,48.69831546707505,-18.799697003313668,0.18626951861871216,-0.04755322090129943,0,0
2020-02-28,1848.0,1818.0,1848.0,1800.0,59810.0,0.0218,0.021841304948852613,-0.018587360594795488,0.028953229398663627,0.27967613155830456,0.26092811478392003,0.27027191799263467,10.998944869510936,0.4967467467467468,1.006692607003891,0.9893816364772018,0.9932440184068632,57.53623188405797,-17.106336666909556,0.5255525132701326,-0.08252164502164505,0,0
2020-03-02,1847.0,1870.0,1870.0,1845.0,55310.0,-0.0005,-0.0005411255411255089,-0.010977242302543488,-0.001621621621621605,0.27690030568813456,0.22767935780642232,0.249061992110662,10.9207270827385,-0.07523825447249621,1.0077555633500916,0.9908621090466909,0.995153877791885,49.486301369863014,-15.66445792281047,0.5077660846556923,-0.07904710341093668,0,0
2020-03-03,1841.5,1853.2,1853.2,1838.0,44230.0,-0.003,-0.002977801840822969,0.0057345712725287434,-0.006742179072276144,0.24772335478033888,0.22776844525256684,0.22758243993521823,10.697181179695644,-0.20032543843789552,1.0039330218068536,0.9900271498078009,0.9968050014016521,47.87052810902896,-14.79501494184592,0.4525319132212125,-0.08009774640238931,0,0
2020-03-04,1820.0,1840.0,1840.0,1816.0,44000.0,-0.011699999999999999,-0.011675264729839818,0.0,-0.038054968287526414,0.25655794576067154,0.21085703724336632,0.23148280526595502,10.691967639914864,-0.005200090436355387,0.9922118380062306,0.9813877829802914,0.9970060226191654,37.00361010830325,-15.660322977365695,0.26440954165550934,-0.079945054945055,0,0
2020-03-05,1835.0,1825.0,1835.0,1821.0,42010.0,0.008199999999999999,0.008241758241758212,-0.01237890204520986,-0.020288307528029903,0.22254393187000696,0.2127520966740939,0.23298391042672037,10.645686767736345,-0.04522727272727278,1.0021845985800109,0.9918293440954175,0.9979100417090815,43.04029304029304,-14.963224452745635,0.40001201150817645,-0.07956403269754764,0,0
2020-03-06,1853.0,1840.0,1853.0,1831.0,51620.0,0.0098,0.009809264305177035,0.019812878370941034,-0.010678056593699914,0.17763485611145954,0.21799118129631426,0.23095015858054307,10.851683845421267,0.22875505831944776,1.009180736014938,1.0031308364837188,0.998703325853182,46.56357388316151,-12.810646127727523,0.5423968741073081,-0.10118726389638422,0,0
2020-03-09,1799.0,1818.0,1818.0,1799.0,47320.0,-0.0291,-0.029141932002158644,-0.0052529720763063725,-0.05216016859852479,0.2618968212460238,0.23855965494649337,0.24765393353077408,10.76470945058247,-0.0833010461061604,0.980495970724491,0.9755348088967618,0.9965475792384791,34.531250000000014,-15.28585517647116,0.051855903098685076,-0.07309616453585321,0,0
2020-03-10,1795.0,1838.0,1838.0,1795.0,67480.0,-0.0022,-0.0022234574763757564,-0.02867965367965364,-0.04673393520977165,0.20977094672635518,0.23784229045908922,0.24442524258131834,11.119601355755792,0.42603550295857984,0.9823697275321527,0.9750400608381542,0.9948473808165815,35.76051779935274,-17.370012064501452,0.07825842748518042,-0.0824512534818942,0,0
2020-03-11,1765.0,1799.0,1799.0,1765.0,76770.0,-0.0167,-0.01671309192200554,-0.04439631835408775,-0.05488621151271755,0.2205031424921009,0.24389069964402008,0.22508059388746193,11.248582243658692,0.13767042086544157,0.9721839713577527,0.9599434367606667,0.9921098942935616,34.15765069551777,-21.198112052964007,-0.04548781590597969,-0.08413597733711053,0,0
2020-03-12,1773.0,1752.0,1774.0,1745.0,65800.0,0.0045000000000000005,0.004532577903682666,-0.03719793646483849,-0.03167667941015839,0.22978347600770677,0.23521696869306294,0.2258002907333429,11.094390314766315,-0.1428943597759541,0.981882911392405,0.965204373270426,0.9907907272149888,40.16949152542373,-23.31758512594206,0.06693844317775623,-0.07755217146080096,0,0
2020-03-13,1744.0,1790.0,1790.0,1744.0,61680.0,-0.016399999999999998,-0.016356457980823413,-0.04175824175824172,-0.04175824175824172,0.2368380819727543,0.24245563132404593,0.21532477580210466,11.029731220816553,-0.06261398176291788,0.9716650748169373,0.951748601573514,0.990261364448458,37.85942492012779,-27.025803799917185,-0.0281436056683795,-0.057912844036697275,0,0
2020-03-16,1727.0,1717.0,1727.0,1697.0,70380.0,-0.0097,-0.009747706422018387,-0.05885558583106265,-0.07050592034445635,0.2150669298413873,0.21770188139250654,0.21521928045968675,11.16167861935662,0.1410505836575875,0.9705362877328195,0.944154388650466,0.9869142966483261,27.56849315068493,-30.979242318844626,-0.02852739837762678,-0.04371742906774756,0,0
2020-03-17,1619.0,1710.0,1710.0,1619.0,78760.0,-0.0625,-0.06253618992472498,-0.12628170534268757,-0.10897083104017613,0.35087222253487327,0.3216537411038441,0.29547997926846936,11.274173229472865,0.11906791702188113,0.927262313860252,0.8884458143172028,0.9828720900910554,22.42339832869081,-42.33901047676386,-0.2808405992865344,0.010191476219888917,1,1
2020-03-18,1679.5,1633.0,1680.0,1630.0,76180.0,0.0374,0.0373687461395924,-0.06642579210672594,-0.07132983135194915,0.47439650921556087,0.375124586508245,0.326185103132508,11.240867366751376,-0.0327577450482478,0.9714108655236522,0.9240206866197184,0.9803351358148894,34.30656934306569,-45.930407062292716,0.03968610940884162,-0.030068472759749887,0,0
2020-03-19,1625.5,1680.0,1680.0,1625.5,56640.0,-0.0322,-0.032152426317356375,-0.09442896935933143,-0.1204004329004329,0.489184443817472,0.37012111463254965,0.3389076085697593,10.944488383578978,-0.25649776844316097,0.9535322215704349,0.8979092055717692,0.9755002084612927,23.85428907168037,-52.52844818129938,-0.051749156737652555,0.002768378960319895,1,1
2020-03-20,1659.0,1687.0,1687.0,1648.0,50300.0,0.0206,0.020609043371270452,-0.06005665722379605,-0.10178668110449374,0.5290262561058111,0.3897013350802576,0.3518080377769784,10.825780236605917,-0.11193502824858759,0.9819058087427073,0.919088113902662,0.970907018800429,29.47598253275109,-54.42687414996499,0.11673822547877738,-0.016274864376130238,0,0
2020-03-23,1613.5,1632.0,1648.75,1580.75,45090.0,-0.0274,-0.02742616033755274,-0.08996051889452905,-0.1238121096931849,0.5311481202458302,0.3980925867109537,0.35682851633744556,10.716437949035694,-0.10357852882703777,0.9680308549389329,0.8969037780948322,0.9651373936889696,27.10843373493975,-58.92362527470323,0.045957854333751526,0.010226216299969115,1,1
2020-03-24,1585.5,1624.25,1648.0,1582.25,32210.0,-0.0174,-0.017353579175705014,-0.09088302752293576,-0.12884615384615383,0.5314549176039673,0.399530771428433,0.35908512711830776,10.380063288102246,-0.28565092038145934,0.9643322617082284,0.8856799709521548,0.9605340334608831,26.759167492566903,-64.00884481374669,0.03741008969437833,0.03689687795648067,1,1
2020-03-25,1644.5,1611.0,1648.5,1583.5,42600.0,0.037200000000000004,0.03721223588773248,-0.047770700636942665,-0.1038147138964578,0.612206023177551,0.441209824937385,0.37858990050472086,10.659633006160352,0.3225706302390563,1.0074388482912529,0.922235722964763,0.9566648418410265,32.63445761166818,-62.55699294474948,0.2297126988526225,0.01641836424445131,1,1
2020-03-26,1685.0,1646.75,1697.75,1635.75,39500.0,0.0246,0.024627546366676745,0.040765904879555226,-0.0906637884511603,0.4865653207597311,0.45664700570068384,0.3873334367101762,10.584081267024454,-0.07276995305164324,1.0263215140308897,0.9486188260021018,0.9536253136594677,35.28896672504379,-57.475832728928026,0.3557118144864971,-0.027893175074183985,0,0
2020-03-27,1704.5,1686.25,1734.5,1686.25,40550.0,0.0116,0.01157270029673585,0.014885382554331583,-0.05252918287937747,0.4393218169198464,0.44992605163957367,0.39068084357637456,10.610315720151938,0.026582278481012578,1.0359453006294768,0.9626408381102984,0.9528381425707266,41.192917054986026,-51.28431594754193,0.42554784026096787,-0.061601642710472304,0,0
2020-03-30,1704.0,1686.0,1714.75,1665.0,36420.0,-0.0003,-0.00029334115576418185,0.0482928329744694,-0.0506963788300836,0.3700880310615279,0.45010423143520323,0.3806827322940568,10.502900810345617,-0.10184956843403203,1.028630562262849,0.9654299770540411,0.9521965933142409,41.463414634146346,-45.88886187725302,0.4415968222967612,-0.04988262910798125,0,0
2020-03-31,1741.5,1706.75,1753.0,1704.5,38670.0,0.022000000000000002,0.022007042253521236,0.049728752260397746,-0.013314447592068013,0.3723365546808923,0.4577053010023494,0.3908282187917408,10.562845244106652,0.06177924217462927,1.043841246735454,0.9896010910330719,0.9540653970418717,47.82608695652174,-38.147251287969766,0.5719563800790316,-0.08125179443008901,0,0
2020-04-01,1719.5,1742.5,1743.0,1689.75,36620.0,-0.0126,-0.012632787826586278,0.06569569259374042,-0.030174844895657027,0.32170550307536017,0.4597871541567497,0.3924031394356493,10.50837712533791,-0.05301267132143783,1.0213840213840213,0.9801350927694018,0.9548510030169904,45.17583408476104,-33.40214611074816,0.5194536115467626,-0.03198604245420178,0,0
2020-04-02,1698.5,1704.5,1723.5,1686.0,33400.0,-0.012199999999999999,-0.012212852573422528,0.07127089246294549,-0.02608944954128445,0.3048504106209973,0.45757374486878283,0.39255787787781704,10.416341118636355,-0.08793009284543962,0.9993275898297962,0.9712837032871725,0.9560684638122378,45.837145471180236,-30.97903355183371,0.4705549063698167,-0.009420076538121824,0,0
2020-04-03,1656.5,1697.25,1706.75,1648.5,29430.0,-0.024700000000000003,-0.024727700912569928,0.00729705077531162,-0.040822235089751024,0.29945662825853697,0.46712380728539954,0.3972569320425179,10.289803819583309,-0.11886227544910177,0.9736344934715983,0.9504274485053645,0.956369925329705,43.83202099737533,-32.077973472321446,0.33685768625496865,0.02444913975249019,1,1
2020-04-06,1674.0,1664.5,1683.25,1639.0,29950.0,0.0106,0.010564443102927923,-0.006528189910979254,0.033971587399629355,0.26288595291895733,0.3800463657365233,0.39760958835550914,10.307317991967832,0.01766904519198098,0.9848300205908308,0.9631575919142326,0.9613082109773773,55.71725571725572,-31.17739394025557,0.427109349328254,-0.010752688172043001,0,0
2020-04-07,1736.5,1680.0,1739.75,1678.0,39170.0,0.0373,0.03733572281959385,0.018773833968905862,0.03393867222387614,0.346145893954854,0.37998791490441114,0.41217157012394245,10.575691956076149,0.30784641068447405,1.0188592263526257,1.0014513788098693,0.9659015231925391,55.900621118012424,-25.130758763391896,0.7298117893616654,-0.052404261445436195,0,0
2020-04-08,1718.5,1722.75,1732.75,1711.25,44140.0,-0.0104,-0.010365678088108288,0.0085093896713615,0.05721316517994457,0.35516151113961425,0.3514781299128584,0.4133500449986409,10.69514433474214,0.12688281848353333,1.007074089577229,0.9929508291442769,0.9715721962211822,60.402684563758385,-21.542873553445816,0.6639539325687964,-0.018620890311317972,0,0
2020-04-09,1722.5,1711.75,1727.0,1700.25,55920.0,0.0023,0.002327611288914788,-0.01091013494114268,0.038276069921639566,0.32566327506226445,0.34340726375724495,0.4099118750353137,10.931695259437355,0.26687811508835524,1.0110263290290122,0.9969132825311083,0.9758092298364316,57.60479041916168,-18.167261225956054,0.710849377385604,-0.049056603773584895,0,0
2020-04-14,1695.5,1727.75,1749.5,1691.0,70420.0,-0.015700000000000002,-0.015674891146589265,-0.01395754579819719,0.050821196157421644,0.33055008134799513,0.3264917158473535,0.4125430932772462,11.162246793119436,0.25929899856938476,0.9971853470005042,0.9841822667247134,0.9820884383357174,60.27568922305764,-17.4693625508462,0.5836935722352905,-0.03804187555293426,0,0
2020-04-15,1701.0,1701.5,1708.5,1679.5,47540.0,0.0032,0.0032438808611028325,0.0014718869590815142,0.07284768211920523,0.32306793583416216,0.31207002156924946,0.4094060567288439,10.769347775610917,-0.3249076966770804,1.0002100046201017,0.9901720140094884,0.9896730611175713,65.33864541832669,-16.284748346120978,0.6245688382090132,-0.0161669606114051,0,0
2020-04-16,1694.0,1697.75,1703.5,1687.5,36940.0,-0.0040999999999999995,-0.004115226337448541,0.02263809236341685,0.030100334448160515,0.2760162168120207,0.27723802522462676,0.4083305316985597,10.517077324312647,-0.22297013041649139,0.9929660023446659,0.9889275915079102,0.994577772341496,57.6271186440678,-15.72945518462825,0.5666072931048158,-0.008559622195985828,0,0
2020-04-17,1674.5,1697.0,1707.5,1663.5,31690.0,-0.0115,-0.011511216056670603,0.00029868578255665135,-0.006231454005934722,0.28339958845643287,0.26273981446386985,0.34400344022260854,10.3637880078829,-0.14212236058473204,0.9814946619217081,0.9803194551504094,0.9969626809811418,48.27018121911038,-16.67069894488759,0.45061595254240616,0.02687369363989256,1,1
2020-04-20,1689.0,1677.75,1696.5,1664.5,34700.0,0.0087,0.008659301283965304,-0.02735387273250789,-0.00909357582868875,0.14286786049127714,0.2604643744408943,0.3201823322929884,10.454523783963511,0.0949826443673083,0.9939470365699874,0.9916336415675914,0.9991612673250718,47.403685092127304,-16.0614660055478,0.5198921447928528,0.019538188277087087,1,1
2020-04-21,1665.5,1678.0,1681.0,1645.5,43450.0,-0.0139,-0.013913558318531694,-0.0308408495781205,-0.022593896713615003,0.15094862835745015,0.26656486312299116,0.3025203439382006,10.679389145388422,0.2521613832853027,0.9845043067049485,0.9814378314672952,1.001220641468137,44.01244167962675,-17.275753976087344,0.36753370840815475,0.045331732212548825,1,1
2020-04-22,1667.5,1660.25,1674.75,1650.25,30700.0,0.0012,0.0012008405884118556,-0.03193033381712629,-0.04249210450760843,0.14896961192858874,0.24471686358205785,0.294295147218828,10.332050506334692,-0.29344073647871116,0.9902859082039535,0.9851610425672284,1.0006906747653324,37.06293706293706,-17.87070034644057,0.3492061650319729,0.06476761619190397,1,1
2020-04-23,1647.0,1666.5,1678.25,1645.25,46280.0,-0.0123,-0.012293853073463312,-0.028605131229725744,-0.04216341959872061,0.13947942959302373,0.24446199499785248,0.28061388350614874,10.742486788680049,0.5074918566775244,0.9821527452400222,0.9758939769506523,1.0005473832119827,37.25834797891037,-19.76849935060409,0.09701792764544755,0.06830601092896171,1,1
2020-04-24,1616.5,1647.5,1657.5,1611.5,51070.0,-0.018500000000000003,-0.01851851851851849,-0.04967666078777189,-0.0482778922578746,0.15189297074807465,0.2504767950229884,0.2816077888354831,10.840972100417284,0.10350043215211757,0.9709541788227218,0.9606394358385167,1.0000099045204232,36.054421768707485,-23.463145301437407,-0.09843469674806173,0.09155583049798954,1,1
2020-04-27,1635.5,1627.75,1655.25,1624.75,29360.0,0.0118,0.011753789050417573,-0.03453364817001181,-0.012677331723513485,0.19043832638037228,0.23780003061848684,0.25277271424429415,10.28742254209393,-0.4251028000783239,0.9873226682764865,0.974585108601734,1.001847272293895,46.125461254612546,-24.574755145521294,0.10515560783930016,0.07092632222561912,1,1
2020-04-28,1643.0,1636.5,1662.75,1636.5,32640.0,0.0046,0.004585753592173614,-0.018811585547924725,-0.01851851851851849,0.19161918323039182,0.2335729590573662,0.23707499933242757,10.393324445863634,0.11171662125340598,0.9945520581113801,0.9810224208106522,1.002539063332997,44.06130268199233,-24.567329751051375,0.1957096700175522,0.05934266585514303,1,1
2020-04-29,1651.5,1644.5,1656.75,1638.75,25150.0,0.0052,0.005173463177114979,-0.022202486678507993,-0.048949035416066766,0.18396973234120836,0.15837300424174294,0.23377992000668504,10.132652936168832,-0.2294730392156863,1.0029497245477812,0.9875817254026471,1.000417169738251,29.468599033816417,-23.60347988642593,0.2792918779059392,0.06418407508325763,1,1
2020-04-30,1635.5,1646.75,1652.75,1593.25,47680.0,-0.0097,-0.009688162276718093,-0.018012608826178278,-0.04829793424498108,0.17511521329850022,0.15783146995365735,0.235478479655291,10.77228827467366,0.8958250497017892,0.9958248162484235,0.9776923153563352,0.9965441805452168,29.75609756097562,-23.855694609167585,0.190267178984917,0.06267196575970657,1,1
2020-05-01,1629.0,1632.25,1633.25,1603.25,29070.0,-0.004,-0.003974319779883828,-0.023088455772113936,-0.05428156748911461,0.1732134263911159,0.15558220700973593,0.21893386531511516,10.277496392686066,-0.39031040268456374,0.9951998603595741,0.9747875693142378,0.9935515675133499,27.46987951807229,-24.29995748756437,0.1763646004934983,0.0813382443216697,1,1
2020-05-04,1630.0,1624.0,1642.25,1610.25,34980.0,0.0006,0.0006138735420504471,-0.01032179720704307,-0.03863167207313478,0.1619501603093622,0.1468574066928011,0.2164497775904786,10.462560335928407,0.20330237358101133,0.9972904466392798,0.9752984233672727,0.9906630063296098,31.955922865013775,-24.291332022062534,0.21516092054749686,0.10061349693251542,1,1
2020-05-05,1632.0,1635.5,1651.5,1621.5,36070.0,0.0012,0.0012269938650306678,0.009588617383235354,-0.040564373897707284,0.10922805304589821,0.145499321271106,0.213805857207635,10.493244497383538,0.031160663236134978,0.9971631824728321,0.9770212426289374,0.9882462109495823,30.617977528089895,-23.84820572262879,0.24529339858517726,0.10906862745098045,1,1
2020-05-06,1630.0,1640.0,1650.75,1627.5,35170.0,-0.0012,-0.001225490196078427,-0.0033628859675940426,-0.037780401416765086,0.08179337385498554,0.14555351166610847,0.1969023072793161,10.467977158387665,-0.024951483227058535,0.9964195266788927,0.9755027130545803,0.9851850690802972,31.502890173410407,-23.388796733356003,0.2534282827809907,0.09110429447852764,1,1
2020-05-07,1644.0,1634.75,1665.75,1633.0,42010.0,0.0086,0.008588957055214674,0.0006086427267193439,-0.018214392355927145,0.09469462067131623,0.14696262562556675,0.19559352798490526,10.645686767736345,0.19448393517202156,1.0048899755501222,0.9827344006854433,0.9827344006854433,40.8955223880597,-21.645512804628197,0.36811459026064725,0.08120437956204385,1,1
2020-05-11,1671.5,1647.5,1678.5,1642.25,58130.0,0.0167,0.016727493917275016,0.0121102028458977,-0.010361160449970375,0.1367288632210702,0.1608610872882445,0.15347300316554263,10.970454363368692,0.3837181623422994,1.0199180613668062,0.9986358250271341,0.9814591693468888,45.152354570637115,-17.83928735842096,0.6076237320333906,0.04516900987137307,1,1
2020-05-12,1638.0,1671.5,1683.0,1631.25,50400.0,-0.02,-0.020041878552198633,0.0015285845307244639,-0.016511558090663514,0.18028941859380834,0.17231566245325647,0.163625723182901,10.827766295132466,-0.13297780836057116,0.9992592269815678,0.9795381380004584,0.981204019187534,42.78215223097113,-17.326269845199704,0.3400546351705827,0.07570207570207566,1,1
2020-05-13,1599.5,1627.25,1632.0,1596.0,55170.0,-0.0235,-0.023504273504273532,-0.01810926949048497,-0.040779610194902505,0.2306604503827745,0.1960685780619138,0.17836253579655148,10.91819273189521,0.09464285714285725,0.9782874617737003,0.9585210191464498,0.9803513107449265,35.02202643171806,-19.79810774971088,0.03005496409993401,0.11659893716786507,1,1
2020-05-14,1619.0,1604.25,1623.75,1592.5,33240.0,0.012199999999999999,0.012191309784307602,-0.006748466257668673,-0.017000607164541548,0.24713096903973314,0.20078689596345475,0.1804293724967949,10.411539332752723,-0.39749864056552475,0.9911666958194858,0.9718567726831611,0.9808181273770099,43.80530973451327,-19.95355787148219,0.22994161896400267,0.10315009264978392,1,1
2020-05-15,1600.0,1624.5,1631.25,1593.25,40640.0,-0.011699999999999999,-0.011735639283508292,-0.019607843137254943,-0.010207237859573115,0.2546521494939154,0.19124851745976432,0.1822558759338145,10.612532688248846,0.22262334536702766,0.9822838098579196,0.9631784890137454,0.9828935487107454,46.15384615384615,-21.36362782020342,0.07170003206361075,0.12593750000000004,1,1
2020-05-18,1664.5,1602.0,1672.5,1601.0,56540.0,0.0403,0.04031249999999997,0.02116564417177913,0.01773158055640467,0.36353368099838484,0.2549641562599358,0.23555023199142303,10.942721317684738,0.39124015748031504,1.0187994578760986,1.0031137002812376,0.9852278597256501,55.57692307692308,-17.0796241866351,0.7589346334271285,0.06578552117753089,1,1
2020-05-19,1682.5,1663.0,1686.25,1649.0,43330.0,0.0108,0.010814058275758542,0.023418491484184845,0.02404138770541686,0.3651554744596887,0.2578376478929477,0.23537329835096915,10.676623593166008,-0.23363990095507603,1.0263616557734205,1.0142874367012298,0.9872455131075821,57.301293900184845,-12.09267405564401,0.9697565997839974,0.05319465081723629,1,1
2020-05-20,1697.0,1680.25,1702.75,1665.0,56090.0,0.0086,0.008618127786032659,0.015255758300927402,0.027550711474417122,0.35597921434359686,0.25911713778024886,0.23535498462387924,10.934730650833384,0.2944841910916225,1.0329116125385853,1.0221967894467368,0.9884003596921104,58.22784810126583,-6.891015986569528,1.0454481848928447,0.05008839127872711,1,1
2020-05-21,1656.0,1697.5,1699.75,1642.75,41480.0,-0.0242,-0.02416028285209193,0.01098901098901095,0.01253439315194127,0.36754357305913554,0.2784000303457092,0.24562088814928468,10.632990770056727,-0.2604742378320556,1.0063810391978123,0.9978608658973819,0.9896400487223301,53.39966832504146,-6.007768029470981,0.6497981059365228,0.07487922705314021,1,1
2020-05-22,1645.5,1642.0,1654.5,1612.5,43610.0,-0.0063,-0.0063405797101449,0.02875898718349479,0.01012891344383049,0.330491124593007,0.2794041067569897,0.24648265972433958,10.683064691094435,0.05135004821600764,0.9960223096545462,0.9933494984455333,0.9921637055381559,52.700490998363335,-6.084906888957903,0.5450195259898267,0.09206927985414759,1,1
2020-05-26,1686.5,1647.75,1687.5,1644.5,30910.0,0.024900000000000002,0.024916438772409677,0.041692402717727006,0.034662576687116475,0.3514969253508672,0.2974269335670985,0.25753971054237,10.338867386592495,-0.2912176106397615,1.014915749656121,1.0187562294240236,0.9952408279147232,58.176555716353114,-2.8053443784253886,0.9018770496686221,0.08419804328490965,1,1
2020-05-27,1638.0,1678.75,1678.75,1626.0,40780.0,-0.0288,-0.028757782389564168,0.023749999999999938,0.003676470588235281,0.39928364206463096,0.325946968586946,0.2696047108828087,10.615971565652215,0.31931413781947593,0.9825192802056556,0.9911454446439016,0.9971963936344016,50.76530612244898,-4.0728627034675355,0.4362350531634977,0.1068376068376069,1,1
2020-05-28,1631.0,1643.0,1650.25,1625.25,44460.0,-0.0043,-0.004273504273504258,-0.020126164013217207,0.0006134969325153339,0.305947764729772,0.32650806063696125,0.26707960694987953,10.702367679393,0.09024031387935261,0.9811369398014866,0.9881953771117551,0.9985386676053047,50.12594458438288,-5.577922784871362,0.3757131583901591,0.12722256284488043,1,1
2020-05-29,1673.5,1629.0,1677.25,1622.75,44380.0,0.026099999999999998,0.02605763335377076,-0.005349182763744409,0.017944038929440298,0.34543495765705007,0.34315426448355885,0.2816799598508747,10.700566728905104,-0.001799370220422869,1.0074822618791657,1.014508860912967,1.000370948791746,53.466509988249115,-3.3032214493919128,0.7622298819889793,0.10815655811174185,1,1
2020-06-01,1679.5,1664.5,1684.25,1647.0,44560.0,0.0036,0.0035853002688974733,-0.010312315851502607,0.004786120251271342,0.34110971752946334,0.33630155901303016,0.2814389186102715,10.704614316001061,0.004055881027489772,1.0126184323858742,1.0184445904290262,1.0010106624892618,50.990099009900995,-1.0047720104898872,0.7873087638717596,0.12027389103899977,1,1
2020-06-02,1719.5,1677.25,1724.5,1667.25,40740.0,0.023799999999999998,0.023816612086930533,0.038345410628019216,0.0497557997557998,0.3271367750658638,0.3357254807510796,0.28930374374633305,10.614990235380386,-0.0857271095152603,1.0310960723005098,1.0417529156358865,1.003627866050242,59.926918392204634,3.9983410485981494,1.0300539757809841,0.07531259086943876,1,1
2020-06-03,1722.0,1712.75,1729.5,1704.0,47060.0,0.0015,0.0014539110206455153,0.046490428441203324,0.07658643326039383,0.3184430817295927,0.312440162089698,0.288371962448665,10.75919991152435,0.15513009327442306,1.0258723404255319,1.0425727288322015,1.008257088367279,66.35514018691589,8.072024031660249,0.9673361122222836,0.07113821138211374,1,1
2020-06-04,1741.0,1714.5,1743.75,1688.25,43770.0,0.011000000000000001,0.011033681765389103,0.032315446190334995,0.07535515750463251,0.29510047464992306,0.31199528758009865,0.2896311080490521,10.686726776622612,-0.06991075223119425,1.0324028972002202,1.0524724942570427,1.0119911221652245,66.31016042780749,12.687336636262671,1.0034436032500813,0.0617461229178633,1,1
2020-06-05,1775.5,1739.5,1779.0,1733.5,56950.0,0.019799999999999998,0.01981619758759323,0.08394383394383387,0.10968749999999994,0.188413541583028,0.3071189666343901,0.29506220569547115,10.949946527983677,0.3011194882339503,1.04073856975381,1.0709977078055255,1.0173551867362942,72.52888318356867,18.910874014384262,1.0783384417013673,0.022247254294564867,1,1
2020-06-08,1759.5,1777.0,1777.0,1733.5,45440.0,-0.009000000000000001,-0.009011546043368068,0.07878602084610664,0.05707419645539202,0.2064991290912889,0.2750021080116475,0.29807857144854205,10.724170060195135,-0.202107111501317,1.0203802659376164,1.0589509795070868,1.0191430548928067,63.929618768328446,22.29500302556903,0.925003906596968,0.04603580562659837,1,1
2020-06-09,1764.5,1764.25,1768.75,1741.75,51010.0,0.0028000000000000004,0.0028417163967036085,0.054377054078279086,0.04873699851411595,0.18058662673721132,0.2733106856039076,0.2975831524802845,10.839796574724032,0.12257922535211274,1.015623072811742,1.0588164698116793,1.0196407319090814,62.5,25.09117244429717,0.8960402066718687,0.04732218758855189,1,1
2020-06-10,1751.5,1759.75,1764.5,1736.5,50670.0,-0.0074,-0.007367526211391362,0.04286990175647509,0.032115497937536874,0.2016632528653895,0.27595812035002765,0.2958306312250458,10.833109033818927,-0.006665359733385556,1.0022070543998038,1.048582632382435,1.0196109455246762,58.34609494640123,25.95892714621459,0.8012914849305838,0.030830716528689628,1,1
2020-06-11,1740.5,1745.0,1749.5,1711.75,52130.0,-0.0063,-0.006280331144733031,0.012212852573422417,0.05102657004830924,0.16865773345783852,0.2519830726664206,0.2863702520909201,10.861515060390364,0.028813893822774883,0.9942062099636868,1.039973709369025,1.0212373668396613,64.24957841483979,25.465470834084726,0.7300517974308689,0.04912381499569096,1,1
2020-06-12,1757.5,1734.75,1769.75,1723.5,45800.0,0.0098,0.009767308244757356,0.020615563298490125,0.06806441810999697,0.1752231816836263,0.24881598445065498,0.2702380226483825,10.732061203925053,-0.12142720122770001,1.0010170870626525,1.0479190682513813,1.0238558992384965,68.48184818481849,26.14478032362308,0.783964507866554,0.03442389758179232,1,1
2020-06-15,1738.0,1753.5,1753.5,1721.5,43660.0,-0.0111,-0.011095305832147906,-0.001723147616312426,0.030536614289949693,0.18260763406815078,0.23917943169966688,0.2740447541334622,10.684210534101828,-0.04672489082969433,0.990152193375112,1.03418523697599,1.023963243325952,59.147424511545296,24.823501088092144,0.6720790072237566,0.06472957422324521,1,1
2020-06-16,1761.5,1747.5,1788.5,1745.75,56350.0,0.013500000000000002,0.013521288837744505,-0.007885102787947074,0.07539682539682535,0.15554225953323084,0.19633224643785957,0.27026448501521333,10.939355265539387,0.29065506184150247,1.0046850810722725,1.045421274407011,1.0265145841517282,74.07407407407408,25.38006577719898,0.7700969246657632,0.06045983536758448,1,1
2020-06-17,1794.0,1768.75,1795.5,1767.75,58740.0,0.018500000000000003,0.01845018450184499,0.019607843137254832,0.0999386879215205,0.18184477003392946,0.19856466842630227,0.24325565557183257,10.98089322878203,0.042413487133984074,1.0203534430225472,1.061266341963599,1.0300824527945778,78.90070921985816,28.11948180681611,0.8893812775701605,0.04403567447045709,1,1
2020-06-18,1810.0,1789.75,1814.5,1785.5,42360.0,0.0089,0.008918617614269708,0.0257863417398696,0.08156558111741852,0.1854749094344828,0.17884415599545428,0.24264367486678373,10.65398340661328,-0.2788559754851889,1.0256617825629402,1.0669863040616219,1.0322271409202302,76.71232876712328,31.22165126811933,0.9091486562672867,0.0348066298342542,1,1
2020-06-19,1778.5,1795.25,1800.75,1777.5,35510.0,-0.0174,-0.0174033149171271,0.015415358264344814,0.058946114915153336,0.21761999959866254,0.20399766814567177,0.25240432739767615,10.477597786622002,-0.1617091595845137,1.0056138933764136,1.0453668237345586,1.033380309088339,67.61565836298932,30.78350311081431,0.7380601486937707,0.05678942929434916,1,1
2020-06-22,1777.5,1781.0,1788.75,1763.5,33530.0,-0.0006,-0.0005622715771718134,0.021258259120942258,0.03373073567897644,0.2107829473304538,0.1837103241891589,0.233712522459156,10.42022566305372,-0.0557589411433399,1.002053636143996,1.0420534266116899,1.0331131651456824,61.98347107438016,30.009643407959175,0.7130284824472172,0.05147679324894505,1,1
2020-06-23,1747.0,1774.5,1777.5,1745.25,35670.0,-0.0172,-0.01715893108298172,-0.00597439544807965,0.014518002322880363,0.235407456732204,0.2017249207104522,0.24228780771032316,10.482093312723077,0.06382344169400533,0.985692983516705,1.0226640779730138,1.0326364952841824,54.629629629629626,26.62830439964864,0.5462680763408365,0.07698912421293636,1,1
2020-06-24,1762.0,1747.0,1774.75,1747.0,27780.0,0.0086,0.008586147681740153,0.013808975834292303,0.012062033314187204,0.22864197482211182,0.19964630439771122,0.22993490279749182,10.232107612780684,-0.22119428090832638,0.9922368368126785,1.0289551803007446,1.0310199314530424,53.94736842105264,24.87223190710165,0.6040703235994329,0.09704880817253114,1,1
2020-06-25,1786.0,1765.5,1789.5,1759.25,29860.0,0.013600000000000001,0.013620885357548351,0.013908600624467748,0.005913827090960222,0.22885252397969613,0.18977178633182526,0.20340518062082857,10.304308560150634,0.07487401007919359,1.0037735849056604,1.0391978122151322,1.0277269037136372,52.05479452054794,25.12747731143554,0.7475273593193886,0.1007838745800671,1,1
2020-06-26,1786.0,1781.5,1789.5,1765.75,24370.0,0.0,0.0,-0.004459308807134854,0.015061096902529103,0.1980741897570428,0.184814333327025,0.20169207124389804,10.101149179835646,-0.18385800401875418,1.0044187354382583,1.035842709662452,1.0255066531890566,55.53235908141962,25.041102886780436,0.7386743703295172,0.07250839865621495,1,1
2020-06-29,1801.5,1782.25,1802.5,1778.5,26860.0,0.0087,0.008678611422172411,-0.00469613259668511,0.020969113063190603,0.19759589406420797,0.18750102689034048,0.1866093095610093,10.198430699466112,0.10217480508822319,1.0138280339269206,1.0407780077993356,1.0230541207865362,57.400000000000006,25.92452915935246,0.8773353751073756,0.054121565362198254,1,1
2020-06-30,1774.0,1798.0,1806.75,1771.75,39260.0,-0.015300000000000001,-0.015265056897030282,-0.0025302220972729383,0.012846131886953938,0.1902409708307551,0.19750734895266187,0.19769991094583358,10.57798693872359,0.4616530156366343,0.9987132057262346,1.0227338240098391,1.0218278752206533,54.253308128544425,24.12750382693048,0.5830715859522464,0.10512965050732803,1,1
2020-07-01,1772.0,1778.5,1793.5,1759.25,51880.0,-0.0011,-0.0011273957158962622,-0.0030942334739803012,0.01809824762999135,0.1903038888352273,0.1950277977222785,0.1823948361038104,10.856707913495192,0.3214467651553745,0.9980287243030133,1.0198267675750339,1.0213683470568165,56.16438356164384,22.285076528572517,0.5380690925408795,0.10468397291196396,1,1
2020-07-02,1782.0,1779.0,1790.75,1761.25,31510.0,0.005600000000000001,0.0056433408577878375,0.02003434459072695,0.013940256045519295,0.1509864211395516,0.19234483701160096,0.18295913270567163,10.358091970204585,-0.39263685427910566,1.0008424599831507,1.0239123564731907,1.020711091289412,54.929577464788736,21.385339169134113,0.6420733269656579,0.09062850729517402,1,1
2020-07-03,1780.0,1777.0,1787.75,1763.75,5510.0,-0.0011,-0.001122334455667784,0.010215664018161208,0.024165707710011475,0.14674432576104707,0.1846292359930045,0.17996305299627072,8.614501373883236,-0.8251348778165661,0.9982774506269279,1.0203399222325191,1.020012365275141,59.09090909090909,20.27716500810243,0.6129934239745838,0.09578651685393269,1,1
2020-07-06,1797.0,1784.75,1800.75,1782.5,8119.999999999999,0.0096,0.00955056179775271,0.006159014557670872,0.020153278455861567,0.13409920340316575,0.180451475740672,0.16974641800740775,9.00220857828241,0.4736842105263157,1.0069241544926957,1.0271114752224362,1.0185175104583721,57.906458797327396,20.533983941674705,0.7973483953538867,0.09682804674457435,1,1
2020-07-07,1828.5,1797.25,1832.25,1781.25,9960.0,0.0175,0.017529215358931483,0.02379619260918253,0.019230769230769162,0.16645445876191708,0.17880801036419322,0.1755554239540368,9.206432747145165,0.22660098522167504,1.0211009174311927,1.042296072507553,1.0171741272465207,57.71812080536912,23.01401035468257,1.0556392858271346,0.08722996992069998,1,1
2020-07-08,1813.0,1814.75,1847.75,1809.0,13560.0,-0.0085,-0.008476893628657334,0.006383569247849108,0.0016574585635358297,0.17525234799992115,0.1798955670940282,0.17912582711066016,9.514953305087944,0.3614457831325302,1.011517156179014,1.0300356033633815,1.0139248108909498,50.672645739910315,23.4583158309174,0.8491004416630611,0.10976282404853843,1,1
2020-07-09,1838.5,1816.5,1842.75,1816.25,11820.0,0.0141,0.014065085493656815,0.03635851183765504,0.03373629463030636,0.1473242336961629,0.1695221104074363,0.18135195474825763,9.377632889750377,-0.12831858407079644,1.0204979779557528,1.0404346226762118,1.0123814105025728,63.824884792626726,25.57327521166053,1.027663695011991,0.08512374218112595,1,1
2020-07-10,1854.5,1834.25,1867.75,1825.75,12980.0,0.0087,0.00870274680446026,0.046557562076749326,0.04331926863572444,0.1414155536044776,0.17090808609152316,0.1797638968790427,9.471242028892995,0.0981387478849407,1.0226887777208808,1.0459181275555764,1.0120384855544888,66.59482758620689,28.21521461011548,1.058125544579168,0.0636290105149635,1,1
2020-07-13,1881.5,1856.25,1885.75,1855.25,14920.0,0.0146,0.014559180372067937,0.05583613916947261,0.07698912421293636,0.1489180621269586,0.14973781603364197,0.18274931142389836,9.610524895640422,0.14946070878274265,1.0295083248651606,1.0571313524801245,1.0136076080602203,79.43107221006565,32.117415396823844,1.1377061418600252,0.052086101514748906,1,1
2020-07-14,1849.0,1879.0,1879.0,1842.75,11100.0,-0.0173,-0.017273452032952386,0.03876404494382024,0.04937570942111247,0.20907559293422137,0.17668358591511435,0.18999702677303001,9.314790473332646,-0.2560321715817694,1.0062976208987717,1.0363575218593528,1.0146382931021598,67.6829268292683,32.21609219100469,0.8521102834245163,0.07815035154137373,1,1
2020-07-15,1844.5,1855.0,1872.75,1834.5,8020.0,-0.0024,-0.0024337479718766764,0.026432943795214214,0.03275475923852178,0.21172606554954096,0.17193274440294867,0.18690028921103724,8.989818381366925,-0.27747747747747753,1.0001549246678803,1.0314745603161437,1.014658125746454,62.91390728476821,31.567293756918616,0.7898518056308753,0.07210626185958247,1,1
2020-07-16,1848.5,1854.25,1858.25,1823.75,7480.0,0.0022,0.0021686093792354644,0.010937927262783642,0.0349944008958567,0.18873440935465136,0.1716017579581458,0.1773991127093162,8.920121751872404,-0.06733167082294267,1.0007734251131133,1.031644156713919,1.0151204694401479,63.557483731019516,31.01832297514875,0.792893868886262,0.07222071950229925,1,1
2020-07-17,1815.0,1838.5,1846.75,1810.25,8200.0,-0.0181,-0.018122802272112493,0.0011031439602868787,0.007493755203996644,0.21713595171464073,0.1896617164995429,0.1875638218315559,9.012011377036412,0.09625668449197855,0.9824846305533,1.0122040767007168,1.014912847941002,52.716297786720325,27.562367827321623,0.5553527108603021,0.08677685950413228,1,1
2020-07-20,1840.5,1812.25,1841.5,1804.5,7180.0,0.013999999999999999,0.014049586776859524,0.0010878433505574492,0.03748590755355119,0.21709451565843318,0.18278222101243818,0.18193561343512912,8.879193928110318,-0.12439024390243902,0.9961340704372367,1.024881901456162,1.0160319684770027,63.488843813387426,26.574797636547373,0.7078150632986069,0.07144797609345277,1,1
2020-07-21,1848.0,1827.25,1851.25,1827.25,18790.0,0.0040999999999999995,0.004074979625101838,-0.0035049878673496515,0.04288939051918739,0.2112098706534238,0.18200500468864958,0.18191961196690407,9.841133310789152,1.616991643454039,1.0006962172197726,1.0274658067385745,1.0174778796206574,65.07936507936508,26.096504209170917,0.739280037967736,0.04870129870129869,1,1
2020-07-22,1805.5,1843.0,1849.75,1794.25,13530.0,-0.023,-0.022997835497835517,-0.04039330321551948,0.0131874298540966,0.21935255724650746,0.2122000715715227,0.19055350466114288,9.512738628263644,-0.2799361362426823,0.9834643218426582,1.0028327038435902,1.0173929602945377,54.13005272407733,22.034063441748685,0.4084111503401641,0.0767100526170037,1,1
2020-07-23,1826.0,1818.25,1841.75,1808.5,7990.0,0.011399999999999999,0.011354195513708198,-0.012439156300703136,0.02584269662921357,0.22362055137298978,0.21632106970636839,0.19206043819260765,8.986071187374463,-0.409460458240946,0.9964140941690053,1.0126161098017468,1.0176070982947456,57.590759075907584,20.235466675913585,0.5536684824169602,0.07995618838992335,1,1
2020-07-24,1818.0,1830.5,1840.75,1808.25,11480.0,-0.0044,-0.004381161007667056,-0.01436703713743559,0.011686143572620988,0.22419309217257646,0.2148534485114053,0.1881491027401231,9.348448774093812,0.4367959949937421,0.9941022536421513,1.0070534362421064,1.017301229735219,53.57142857142857,17.957529418624745,0.4763095699054992,0.08415841584158423,1,1
2020-07-27,1850.5,1811.5,1859.25,1811.5,11830.0,0.0179,0.01787678767876777,0.001081958344603784,0.01203171998906205,0.25420152512450356,0.21537885188813996,0.19703726835654028,9.378478484253662,0.030487804878048808,1.0117155465302456,1.0229314268340997,1.016061080276446,53.728813559322035,18.560769123955424,0.7215186335457743,0.028640907862739873,1,1
2020-07-28,1868.0,1856.5,1869.5,1846.75,11870.0,0.0095,0.00945690353958395,0.029201101928374662,0.030336458907887387,0.2222677217519307,0.2136108466896042,0.19739949927219427,9.381853730053534,0.0033812341504648735,1.017073075876016,1.0305827831619987,1.0162384831822278,59.25925925925926,20.217885484269345,0.834179647656629,0.014186295503211932,1,1
2020-07-29,1873.0,1861.25,1877.75,1853.75,9840.0,0.0027,0.002676659528907832,0.01765824504210811,0.01876529779711711,0.21131565478914943,0.2067241631428833,0.18738495680587572,9.194312610898985,-0.17101937657961241,1.0172239894483668,1.0318422212428382,1.0161217968897565,56.238698010849916,21.68465316845527,0.8509775810213822,0.0050720768820073925,1,1
2020-07-30,1873.0,1875.25,1882.75,1852.25,9820.0,0.0,0.0,0.0135281385281385,0.009975734699379846,0.21151926484492983,0.2040511914337011,0.18713869645431533,9.192278229157774,-0.002032520325203291,1.0152547622735015,1.0306498651846145,1.0156747451085204,53.550863723608444,22.586711574373794,0.8265290247735176,0.008809396689802407,1,1
2020-07-31,1879.5,1872.5,1881.5,1856.5,9860.0,0.0034999999999999996,0.00347036839295245,0.04098587648850738,-0.0010629816635663314,0.11994558230368994,0.19475411419172184,0.18686064281897216,9.19634286233233,0.004073319755600879,1.012973514012935,1.0323141706334675,1.0137181566145315,49.583333333333336,23.554572586710037,0.8689953390370609,0.025272678903963897,1,1
2020-08-03,1869.0,1872.75,1888.75,1856.75,13370.0,-0.005600000000000001,-0.005586592178770999,0.023548740416210245,0.010816657652785278,0.12955731233741405,0.18045452000376605,0.1886146693542864,9.500843461614666,0.3559837728194726,1.0039904842299132,1.0248302459263592,1.012806135038207,54.58715596330275,23.20683323641265,0.745603932012583,0.020866773675762396,1,1
2020-08-04,1881.5,1865.5,1888.0,1836.0,14690.0,0.0067,0.0066880684858212636,0.03492849284928501,0.020059636757928878,0.11831814757030115,0.18140483321304812,0.18750344709168704,9.594990340370426,0.09872849663425587,1.0058039634961244,1.0291543594792691,1.0117680153781237,58.1858407079646,23.667073537616716,0.8388363665266074,0.006643635397289405,1,1
2020-08-05,1933.0,1884.5,1936.0,1880.75,12750.0,0.0274,0.02737177783683231,0.0445825452580384,0.04571274005950765,0.16601994003379728,0.21216411412699432,0.20026988719668562,9.453364978883542,-0.13206262763784893,1.0268649920315702,1.054037842848574,1.0119144991548066,65.44789762340037,27.866212536706826,1.1711277647340823,-0.01189860320744951,0,0
2020-08-06,1966.0,1914.5,1971.75,1913.0,13090.0,0.0171,0.017071908949819026,0.05246252676659524,0.08319559228650131,0.1779652513521464,0.19520512831121864,0.2018124743788258,9.479680250180099,0.026666666666666616,1.0366854990583805,1.0685363334963855,1.0144767184551955,77.65567765567766,33.47105121078903,1.190061183548666,-0.026958290946083374,0,0
2020-08-07,1915.5,1955.25,1964.25,1910.25,12170.0,-0.025699999999999997,-0.02568667344862663,0.022690870261612428,0.04074979625101882,0.26804779703398224,0.2319686915024396,0.22259919476503404,9.406811351874557,-0.07028265851795268,1.006833114323259,1.0386523636955165,1.015007016787357,62.58389261744966,33.452380072696315,0.8217972735448555,-0.014095536413469056,0,0
2020-08-10,1899.0,1912.75,1921.0,1895.5,9360.0,-0.0086,-0.008613938919342257,0.013881473571810021,0.02759740259740262,0.2773666522251072,0.23697541752365583,0.2241550041911537,9.144307401371744,-0.23089564502875926,0.9962153857683516,1.027894053117783,1.0151932633619267,58.306188925081436,31.740288667379218,0.7095573440948519,-0.00789889415481837,0,0
2020-08-11,1960.5,1902.25,1964.75,1893.75,13840.0,0.032400000000000005,0.03238546603475512,0.04309656823623298,0.08584879534754908,0.33219649412160784,0.23997280553907444,0.24504865332506992,9.535390480896702,0.4786324786324787,1.0222727103430296,1.0576240098542542,1.0177612912258347,73.77300613496932,34.94317672683337,0.9941557840867767,-0.042591175720479435,0,0
2020-08-12,1957.5,1951.75,1963.75,1932.0,9580.0,-0.0015,-0.0015302218821728886,0.047351524879614804,0.07201533406352678,0.326985561799914,0.24063158978233848,0.23526033116945697,9.167537249650874,-0.30780346820809246,1.01402353289425,1.0524948024948027,1.0194279159796402,71.31280388978931,36.81503287909118,0.9149118602018302,-0.051851851851851816,0,0
2020-08-13,1943.5,1953.5,1960.25,1933.5,6750.0,-0.0072,-0.007151979565772626,0.032952431570555385,0.06903190319031904,0.33757920829534316,0.24301997104247686,0.2371489851932303,8.81744592104187,-0.29540709812108557,1.0021731123388582,1.041951481034714,1.0212916690600649,69.9523052464229,36.74523319349146,0.8080879174203371,-0.056084383843581165,0,0
2020-08-14,1950.5,1951.0,1962.0,1937.5,6490.0,0.0036,0.0036017494211473267,0.009053285049146487,0.05403944879762235,0.29883411699266565,0.23566530550410306,0.23716819488455626,8.778171881033469,-0.03851851851851851,1.004487768990252,1.0425277936145951,1.0220070960254113,67.30103806228374,36.83020229231215,0.8107275690801381,-0.059728274801333026,0,0
2020-08-17,1971.0,1949.0,1977.75,1948.5,8790.0,0.0105,0.010510125608818255,0.0025432349949134903,0.055139186295503295,0.28676722653371256,0.23619125375658986,0.2260221262980126,9.081483749851179,0.3543913713405238,1.0146718146718148,1.050229121523214,1.0227687927858438,67.63698630136986,38.11238375386915,0.8659171611124855,-0.06418061897513949,0,0
2020-08-18,1988.0,1971.5,1994.75,1961.0,16780.0,0.0086,0.008625063419583912,0.03784912555468556,0.06139882541377473,0.22166919086765485,0.23692002158185313,0.2237621860230586,9.728002573001161,0.9089874857792946,1.0179956108266277,1.0562949974761564,1.0242440803531103,68.91447368421052,40.0387380755576,0.8930080425494606,-0.08224346076458755,0,0
2020-08-19,2012.0,1991.5,2025.25,1988.75,12530.0,0.0121,0.012072434607645954,0.059505002632964654,0.07421249332621471,0.2004610983486807,0.2381385816592378,0.22560596965859236,9.435960853165286,-0.25327771156138257,1.0218384966988319,1.0652923994670007,1.0259036592637603,71.1890243902439,43.00623803613348,0.9515997263366234,-0.10164015904572565,0,0
2020-08-20,1995.0,1998.0,1999.0,1962.75,7970.0,-0.0084,-0.008449304174950267,0.01759755164498844,0.06145251396648055,0.1334167172620079,0.2451138573576379,0.20852781199783504,8.983565234427923,-0.363926576217079,1.0106748688257645,1.0533819103437352,1.0274339420545662,67.06056129985228,43.48497745782515,0.8424117805595689,-0.11203007518796992,0,0
2020-08-21,1972.5,1985.5,2008.75,1956.5,9240.0,-0.0113,-0.011278195488721776,0.00766283524904221,0.05537720706260041,0.15665797119289598,0.25072480822198623,0.2142861907131731,9.13140538388804,0.15934755332496864,0.9981926622085667,1.039343110564679,1.0291999648722228,64.76462196861627,41.569631107779514,0.7222555654570191,-0.10950570342205324,0,0
2020-08-24,1979.5,1964.0,1990.25,1964.0,5610.0,0.0034999999999999996,0.003548795944233296,0.018523282737329616,0.052086101514748906,0.14566063337369473,0.25041930233889675,0.21223732794633204,8.632484235750972,-0.3928571428571429,0.9991347297833219,1.041239282520646,1.0311135658303088,64.20289855072464,40.15368019412267,0.735504148339176,-0.10053043697903508,0,0
2020-08-25,1993.5,1982.75,2012.75,1978.75,7060.0,0.0070999999999999995,0.007072493053801532,0.022045629325813998,0.031298499741334807,0.14807023301552238,0.22701450239595775,0.2066565543723614,8.862341963516347,0.2584670231729056,1.003090967904252,1.0459533907568537,1.0307750926001111,59.83739837398374,39.70353426240695,0.7813515731031571,-0.09581138700777525,0,0
2020-08-26,1977.5,1991.0,2004.75,1968.5,6870.0,-0.008,-0.00802608477552047,0.003297818366311489,0.005849440488301161,0.1511472364073328,0.22022464438845646,0.20930395627999024,8.835064935031076,-0.026912181303116123,0.9945753700244289,1.0351506268484834,1.0288129699494108,51.97934595524958,37.62204062060778,0.676472599383308,-0.09380530973451329,0,0
2020-08-27,1982.0,1984.5,1989.5,1961.75,7110.0,0.0023,0.0022756005056889794,-0.003018108651911433,0.03471678412947021,0.14130915497992066,0.18487395067340198,0.2093115126896871,8.869398159883518,0.03493449781659397,0.9972685451408856,1.035095049091289,1.0289026828613208,63.59918200408998,35.92147391412004,0.6825330969228224,-0.08753784056508573,0,0
2020-08-28,1972.5,1982.0,2011.75,1967.5,8180.0,-0.0048,-0.004793138244197803,-0.019632206759443327,0.03870458135860977,0.11199006705629656,0.18109225350575484,0.21076701584305346,9.009569671513699,0.15049226441631514,0.9953144710758696,1.0273169969532043,1.0288236541459115,65.47368421052632,33.42192479748019,0.6068678312035481,-0.06438529784537395,0,0
2020-09-01,1972.0,1982.75,2013.75,1968.5,16379.999999999998,-0.0003,-0.00025348542458814016,-0.011528822055137833,0.005865850548329554,0.10524063703888824,0.12042542234556475,0.21095709398693316,9.703877405604631,1.002444987775061,0.9967146828405358,1.0247172327784801,1.0269071167517463,53.25779036827196,31.0428259192297,0.5826575850081148,-0.08646044624746452,0,0
2020-09-02,1938.0,1978.5,1986.5,1932.0,13480.0,-0.0172,-0.017241379310344862,-0.017490494296577896,-0.009961685823754785,0.13109324624058977,0.14194460085980212,0.2201611533003741,9.509036565691064,-0.17704517704517697,0.9819761129207383,1.0054822475485534,1.0245861137807248,45.30120481927711,26.112844451435194,0.26589007382784224,-0.07352941176470584,0,0
2020-09-03,1944.0,1937.5,1960.25,1911.5,14190.0,0.0031,0.003095975232198178,-0.017933821672139416,0.0002572678157961583,0.1302428237266875,0.13952189900305267,0.21951086454880178,9.560363239834537,0.05267062314540061,0.9875539751079502,1.0061851401361248,1.0221563328366983,50.125313283208015,22.431373564115802,0.3113629583732686,-0.08822016460905346,0,0
2020-09-04,1972.0,1940.0,1977.75,1936.25,10520.0,0.0144,0.014403292181069949,-0.010785051417105618,0.011022814662906999,0.1575595878131594,0.15182892753724672,0.2044419296131692,9.261128538808288,-0.25863284002818887,1.003343509230993,1.018112980252119,1.0203809441859606,54.87528344671201,21.52502032118332,0.5661300541050517,-0.11156186612576069,0,0
2020-09-07,1971.0,1976.25,1989.75,1967.0,5790.0,-0.0005,-0.0005070993914807476,-0.003286978508217464,0.0,0.15080446441721612,0.14525983748707455,0.1959554003551375,8.66406026722579,-0.44961977186311786,1.003308729956732,1.0149243484007175,1.0177012849921596,50.0,20.4898430474193,0.5347576755939288,-0.10755961440892947,0,0
2020-09-08,1903.5,1969.0,1972.25,1902.25,18160.0,-0.0342,-0.03424657534246578,-0.039606458123107924,-0.042505030181086534,0.2499127564615091,0.19978235991823853,0.21180259873432558,9.807031716718498,2.1364421416234887,0.9745118115995027,0.9792758109185695,1.0136711788130415,33.20079522862824,14.060688852334351,-0.1701377244174164,-0.07249802994483845,0,0
2020-09-09,1894.5,1914.0,1918.25,1890.25,11240.0,-0.004699999999999999,-0.004728132387706863,-0.03954372623574143,-0.05839960238568587,0.24992240983116215,0.1875129334637621,0.21028319730146228,9.327323087461798,-0.3810572687224669,0.9754689223979405,0.9742029482344875,1.0088949018071405,25.158562367864704,8.145417743907956,-0.10240301687795997,-0.04433887569279493,0,0
2020-09-10,1882.5,1896.25,1900.75,1866.5,11280.0,-0.0063,-0.006334125098970689,-0.04538539553752541,-0.05639097744360899,0.2470651343482043,0.18680227327451593,0.17487526113482713,9.33087517360492,0.003558718861210064,0.9757135981637111,0.9678746176059778,1.0045991335462539,25.701943844492433,2.460855847062021,-0.06938164286369664,-0.03798140770252323,0,0
2020-09-11,1889.5,1874.0,1902.75,1870.5,9470.0,0.0037,0.003718459495351878,-0.025025799793601644,-0.042078580481622274,0.24074791269470142,0.18642345997629062,0.1759468285825262,9.155989777226102,-0.16046099290780147,0.9828713680612321,0.971198985710859,1.0012678614261727,30.787037037037038,-1.4625001216584224,0.04590289129415567,-0.054776395871923844,0,0
2020-09-14,1927.0,1891.5,1929.75,1884.0,9980.0,0.019799999999999998,0.01984652024345057,-0.008744855967078191,-0.026521848951755467,0.2781385334555275,0.20898168481901575,0.18958556650755615,9.208438564686587,0.05385427666314668,1.0036458333333333,0.9896684841688994,0.9985277375949053,39.350912778904664,-1.5282348535999972,0.30523799527877843,-0.07602490918526206,0,0
2020-09-15,1908.0,1929.0,1946.25,1904.75,12400.0,-0.009899999999999999,-0.009859885832900872,-0.032454361054766734,-0.04288939051918739,0.25867730624790797,0.20732914372778327,0.19178362341282795,9.425532393502772,0.24248496993987967,0.9985047846889952,0.9792566613917283,0.994727098315482,33.00198807157058,-3.077990158071316,0.2119919946564081,-0.06865828092243187,0,0
2020-09-16,1894.0,1912.25,1921.25,1886.5,12210.0,-0.0073,-0.007337526205450695,-0.039066463723998024,-0.04222503160556257,0.2573956128906238,0.20702892702920536,0.18824528005557573,9.410092463833022,-0.015322580645161343,0.9969170614331905,0.9718635080817584,0.9914539834577464,33.26653306613227,-5.373918215328786,0.16418316509786915,-0.05306230200633577,0,0
2020-09-17,1910.0,1898.0,1911.5,1875.5,8080.0,0.0084,0.008447729672650395,0.003414762280010475,-0.03632694248234103,0.17030867109226613,0.21168000230233847,0.18812216325019337,8.997270906233448,-0.3382473382473382,1.004847619405509,0.9804592587522672,0.989204192679433,36.206896551724135,-5.835127739216432,0.28260778008676773,-0.03638743455497384,0,0
2020-09-18,1913.0,1902.0,1921.5,1902.0,5840.0,0.0016,0.0015706806282722585,0.009765109527579918,-0.03016476552598224,0.16627691509302645,0.21209794409658037,0.1817481268330262,8.67265729404031,-0.27722772277227725,1.0050285199639748,0.9828906129579201,0.987918468008896,38.31041257367388,-5.890660810761119,0.32187157712859854,-0.04861474124411913,0,0
2020-09-21,1888.5,1911.5,1917.25,1866.75,10090.0,-0.0128,-0.012807109252482962,0.0031872509960160222,-0.04234279918864092,0.18270533446795775,0.216616351898986,0.18420507223088567,9.219399216464529,0.7277397260273972,0.9917104276069018,0.970751516397656,0.9853096682283482,35.00897666068222,-7.821455544185028,0.19389396937020467,-0.0479216309240138,0,0
2020-09-22,1884.0,1895.0,1905.75,1881.25,6510.0,-0.0024,-0.002382843526608447,-0.0029108229690394394,-0.02786377708978327,0.1818726342770232,0.20662031127346356,0.1814476559415498,8.781248333236862,-0.354806739345887,0.9897557131599685,0.9686873361098256,0.9835797653937404,39.156626506024104,-9.604027423144544,0.19720475570113444,-0.039278131634819524,0,0
2020-09-23,1877.0,1887.5,1888.25,1862.5,8460.0,-0.0037,-0.0037154989384289294,-0.025947067981318073,-0.034465020576131655,0.1143245497312873,0.2054213924194701,0.18032915742591907,9.0432226489245,0.29953917050691237,0.9897924592263362,0.9664712899156419,0.9825252026201162,36.6,-11.449586275057072,0.17986920095002634,-0.018646776771443774,0,0
2020-09-24,1856.0,1875.5,1879.75,1850.5,7330.0,-0.011200000000000002,-0.011188066062866264,-0.027253668763102756,-0.05882352941176472,0.11754960621375737,0.19310986677845102,0.17924937011729225,8.899867211223587,-0.1335697399527187,0.9825675931177917,0.9573260891991334,0.979966055401907,26.13168724279835,-14.440271002053578,0.09002884189188054,-0.004579741379310387,0,0
2020-09-25,1834.5,1864.0,1867.75,1827.25,11480.0,-0.0116,-0.0115840517241379,-0.031414994720168954,-0.06925418569254183,0.12524995462566843,0.1946584462818257,0.180838973290334,9.348448774093812,0.5661664392905865,0.9755754767150346,0.9480130225828123,0.9767675350849347,24.098671726755214,-18.33393828386488,0.015614066376921474,0.004360861270100935,1,1
2020-09-28,1834.0,1837.0,1849.75,1818.75,10230.0,-0.0003,-0.0002725538293812946,-0.039790575916230364,-0.03651168899395851,0.09446795858885472,0.14213579645759247,0.18002613959448713,9.23317760587894,-0.10888501742160284,0.980973485137923,0.9496604040630691,0.9761610926248071,32.31552162849873,-21.21548457834524,0.06561589760603007,-0.0005452562704471031,0,0
2020-09-29,1844.5,1848.75,1854.5,1828.75,9070.0,0.005699999999999999,0.005725190839694694,-0.03580763199163617,-0.026392187912377962,0.11003076660468865,0.14599168262778925,0.182833142435038,9.112837790614945,-0.1133919843597263,0.9917809271421439,0.9571873378308251,0.9764437689969605,37.37373737373737,-22.393727577401478,0.15986688977779023,0.0029818378964487913,1,1
2020-09-30,1824.5,1841.75,1850.0,1815.25,9370.0,-0.0108,-0.010843046896177877,-0.03388933015620865,-0.0308100929614874,0.10481643311008103,0.14986649660491105,0.18440991367615023,9.145375093123823,0.03307607497243659,0.9858736346443321,0.9494938981551352,0.9770572119977549,35.92233009708738,-24.65709485498246,0.0908830318536937,0.02740476842970674,1,1
2020-10-01,1807.5,1822.0,1842.25,1768.5,13580.0,-0.009300000000000001,-0.009317621266100251,-0.04060509554140124,-0.04339772426567878,0.10608828737587987,0.15010647324021872,0.17900458238692263,9.516427036104067,0.44930629669156885,0.9824895170057462,0.9439956826015807,0.977476659686541,31.01851851851852,-27.505521128244027,0.053963851239875314,0.05062240663900419,1,1
2020-10-02,1771.5,1796.5,1803.0,1766.25,13220.0,-0.0199,-0.01991701244813282,-0.05620671283963774,-0.08069538142189936,0.13323539820819494,0.12483200595709673,0.18632170285885777,9.489561753510097,-0.026509572901325495,0.9708749266001174,0.928807990422678,0.9754712199725614,13.752913752913742,-32.29553577392471,-0.06670825065818452,0.06858594411515662,1,1
2020-10-05,1756.5,1777.75,1781.0,1755.25,12980.0,-0.0085,-0.008467400508044065,-0.053609913793103425,-0.0794025157232704,0.1316630966984687,0.12412717205315242,0.1737379320682571,9.471242028892995,-0.018154311649016597,0.9702122622899078,0.9244331388974169,0.9734723414386587,14.014251781472694,-36.876937154170946,-0.07009484830728067,0.08824366638200964,1,1
2020-10-06,1780.5,1759.5,1786.0,1759.25,10210.0,0.0137,0.01366353543979515,-0.029435813573180702,-0.05992608236536434,0.17966915140382395,0.14881606171417258,0.185352123797712,9.231220849555537,-0.21340523882896767,0.9876773119898565,0.9403469856610948,0.9726010343930015,24.263038548752846,-38.131574279387905,0.1099292669667526,0.08986239820275199,1,1
2020-10-07,1802.5,1779.5,1808.75,1771.25,8590.0,0.0124,0.012356079752878335,-0.01717557251908397,-0.05628272251308897,0.20540936247927613,0.15608449314045894,0.1605999022603297,9.058470422638056,-0.15866797257590592,1.0023833167825222,0.9551777434312211,0.9718133930542852,26.269315673289185,-36.92501847402332,0.2462195630086368,0.08099861303744804,1,1
2020-10-08,1792.0,1803.75,1804.0,1783.75,6110.0,-0.0058,-0.005825242718446644,-0.028462998102466774,-0.06325143753267115,0.19776870975066754,0.15403082962103323,0.1608326894490353,8.717845704894916,-0.2887077997671711,1.0007179896290386,0.9527353926311871,0.9704131001116486,24.14529914529915,-36.39652012538704,0.22428700874976545,0.10407366071428581,1,1
2020-10-09,1808.5,1801.25,1818.5,1782.5,12250.0,0.0092,0.00920758928571419,-0.008769525897506125,-0.04236166269526076,0.20529108327039894,0.1595466691812142,0.16523255335603282,9.41336284529417,1.0049099836333877,1.0112229411294833,0.9644733216599857,0.9703586697462634,32.30088495575221,-34.25143999326042,0.32204475216802764,0.11390655239148462,1,1
2020-10-12,1845.5,1814.0,1850.75,1805.5,9430.0,0.020499999999999997,0.020458943876140445,0.021023513139695638,-0.02043524416135878,0.231784061221462,0.1882248663709258,0.1817043949509927,9.151757414543885,-0.23020408163265305,1.0287887234211992,0.9864324338770456,0.9710844508132775,42.5531914893617,-29.228924904064115,0.5199170021333926,0.08940666486047144,1,1
2020-10-13,1801.5,1838.25,1846.0,1796.5,9640.0,-0.023799999999999998,-0.023841777296125688,0.01693480101608813,-0.04022376132125738,0.24870889584954217,0.21099740522927316,0.1813960568998171,9.17378011666438,0.022269353128313796,1.0018670056407404,0.9658481664164701,0.9711520786740602,37.22504230118444,-28.470784308208522,0.3140414236843611,0.1226755481543158,1,1
2020-10-14,1795.5,1798.0,1805.5,1782.25,7400.0,-0.0033,-0.0033305578684429404,0.02220324508966698,-0.03259698275862066,0.24097818917181352,0.2075813677069166,0.179750805215756,8.909370405197466,-0.23236514522821572,0.9954459052748297,0.9650890913488672,0.9713087847410189,39.2156862745098,-28.030978607088628,0.30314140792248,0.13088276246170993,1,1
2020-10-15,1772.5,1785.5,1790.0,1763.5,7380.0,-0.0128,-0.012809802283486493,-0.004493119910137566,-0.03379667484328153,0.2452017929759587,0.20870788110707283,0.1824595542947391,8.906664409770052,-0.002702702702702675,0.9833174829608495,0.955662988390065,0.9719148433608733,39.00709219858155,-29.201717973936866,0.20041419823133516,0.1475317348377998,1,1
2020-10-16,1752.0,1786.5,1786.75,1750.25,10930.0,-0.0116,-0.011565585331452799,-0.028016643550624165,-0.04471101417666301,0.23411486519044514,0.2119792541683509,0.17966470830750245,9.299358068293836,0.481029810298103,0.9758504077978913,0.9483598570964599,0.9726024219366213,36.423841059602644,-31.421508441137576,0.1067994653180478,0.1980593607305936,1,1
2020-10-19,1759.0,1751.5,1771.5,1751.5,8500.0,0.004,0.003995433789954372,-0.018415178571428603,-0.04635402548116019,0.2382047617182896,0.2106939268673883,0.1808118597385036,9.04793908261736,-0.222323879231473,0.982328772587658,0.9558051077703315,0.9730186042901131,35.678391959799,-32.24417608990029,0.17478778935380979,0.1768050028425241,1,1
2020-10-20,1765.5,1756.0,1781.25,1750.25,13450.0,0.0037,0.0036952814098920594,-0.023776610450649716,-0.03233762674705398,0.2288861305152301,0.2096338980565062,0.17963262518319906,9.506808731708581,0.5823529411764705,0.9893527598767161,0.9617409936083672,0.9731611085747489,39.64912280701754,-32.00274275386096,0.23416062265641985,0.18210138770886442,1,1
2020-10-21,1810.5,1776.25,1826.5,1766.75,11490.0,0.0255,0.02548853016142738,-0.01896505012191818,0.0016597510373443924,0.2517048594241618,0.23713876387571015,0.20523662620720542,9.349319399257634,-0.14572490706319707,1.0174206237707222,0.9877609660289517,0.974764623969905,50.47923322683707,-27.859138370880146,0.5763392608590638,0.13670256835128414,1,1
2020-10-22,1811.0,1801.0,1815.75,1791.0,7400.0,0.0003,0.0002761668047501775,0.00527338329170135,0.02229748800451592,0.2032499264858044,0.21865096273695075,0.20523637895863076,8.909370405197466,-0.3559617058311575,1.0169260388256056,0.9893201496817896,0.977575045751277,57.11711711711711,-24.255355582266475,0.6065167853969341,0.12230811706239653,1,1
2020-10-23,1786.0,1796.25,1811.0,1768.75,8600.0,-0.0138,-0.0138045278851463,-0.005291005291005346,0.016794762311414635,0.2211623497665804,0.2245381952677484,0.20696558188604894,9.059633754551479,0.16216216216216206,1.0036527114357965,0.9775053363253243,0.9805742120612682,55.1304347826087,-23.149766724153324,0.411050983922566,0.13521836506159013,1,1
2020-10-26,1780.5,1778.5,1785.25,1756.25,7000.0,-0.0031,-0.003079507278835436,0.004513399153737607,0.0,0.20591950059650177,0.21777749595864687,0.2039478263987343,8.853808274977197,-0.18604651162790697,0.9999197721529143,0.9771066375202363,0.9832020393790399,50.0,-22.458496060683956,0.38064450043559805,0.1659646166807076,1,1
2020-10-27,1777.0,1781.25,1803.5,1772.75,7250.0,-0.002,-0.0019657399606851644,0.014269406392694028,-0.014147018030513214,0.18925511392702216,0.21049195332218798,0.203920166761301,8.888894669371593,0.03571428571428581,0.9959566035469795,0.9775283989328053,0.9845618253902766,44.91017964071857,-21.940167238185722,0.3664050360626277,0.18148564997186267,1,1
2020-10-28,1793.5,1778.0,1813.5,1774.25,12200.0,0.009300000000000001,0.00928531232414187,0.019613416714042042,0.0008370535714286031,0.1940956082109661,0.2134301042552937,0.2058565169510213,9.409273194575334,0.6827586206896552,1.002435324177579,0.9884265637916781,0.9864386096130379,50.292397660818715,-19.967799445764967,0.5549804031134025,0.17591301923613045,1,1
2020-10-29,1840.5,1807.25,1844.75,1799.0,13920.0,0.0262,0.026205742960691447,0.042480883602378894,0.01769422173071611,0.23985015965480136,0.2381733129763518,0.2233740167657578,9.541153770388567,0.14098360655737707,1.0225811572347012,1.0156257185163384,0.9889609613239488,55.57491289198606,-14.445656024970503,0.9950089226051166,0.13474599293670209,1,1
2020-10-30,1820.0,1832.5,1837.5,1798.25,12590.0,-0.0111,-0.011138277641945082,0.0052471692902513745,-0.013817393660254695,0.21457386176776724,0.2264915739044858,0.22446964316337828,9.4407375520017,-0.09554597701149425,1.0104294721814648,1.0060343636279885,0.9896487960885216,45.28650646950092,-11.589895156542298,0.7652511199541476,0.1332417582417582,1,1
2020-11-02,1798.0,1810.75,1813.5,1786.25,8320.0,-0.0121,-0.012087912087912045,-0.007178354500276041,-0.0019428254232584097,0.22828908309595572,0.20815990368709644,0.2170464705266785,9.02653771890043,-0.3391580619539317,0.9992457623754515,0.9955335720349932,0.9911633805639195,49.29577464788733,-10.975382850434244,0.5347212122663612,0.1284760845383759,1,1
2020-11-03,1810.0,1796.0,1827.25,1792.5,8770.0,0.0067,0.006674082313681939,0.013437849944008873,0.008075744917850125,0.21233217917951683,0.20943622325645536,0.21523416643199314,9.079206103951382,0.05408653846153855,1.0040017433337296,1.003548458638279,0.9930931787219213,52.84872298624755,-9.41158679464661,0.6422360353195533,0.13370165745856344,1,1
2020-11-04,1842.0,1824.0,1847.5,1776.75,9860.0,0.0177,0.017679558011049812,0.034540859309182714,0.03921015514809589,0.22752534314076273,0.21137729855202564,0.2185144368490652,9.19634286233233,0.12428734321550738,1.016796782588124,1.0219518058920347,0.9964901944725516,63.18785578747628,-5.52642935156905,0.9141774369173509,0.1123778501628665,1,1
2020-11-05,1847.5,1836.0,1863.75,1825.5,9410.0,0.003,0.0029858849077089022,0.039673607203151384,0.054509132420091255,0.2231003765622973,0.20092029330788114,0.21514625576553115,9.149634496858788,-0.045638945233265726,1.0141944085009607,1.0251643869822156,1.0004320236542859,69.21529175050301,-1.9807768893110733,0.9068884059124435,0.10446549391069015,1,1
2020-11-06,1842.5,1840.5,1862.75,1825.75,8240.0,-0.0027,-0.0027063599458727605,0.027320880959018634,0.04747015349630468,0.2264874397907217,0.20284324888575508,0.21412054249696888,9.016876974763383,-0.1243358129649309,1.007577828991055,1.0222386610569143,1.003593059582703,66.93711967545639,0.42086850863256586,0.8317096455954824,0.10691994572591579,1,1
2020-11-09,1833.0,1841.0,1864.0,1826.5,10250.0,-0.0052,-0.0051560379918589305,-0.004074979625101838,0.03823279524214107,0.1675125039661146,0.2060389071945842,0.21330997462491869,9.235130540783402,0.24393203883495151,1.0029703744235128,1.0169867675207827,1.0062866495552847,63.52705410821643,1.5398685382619988,0.7652852656840742,0.069012547735952,1,1
2020-11-10,1850.0,1829.75,1866.75,1826.75,8800.0,0.009300000000000001,0.009274413529732684,0.016483516483516425,0.021817177575255364,0.157736363589631,0.18137693465766389,0.2035699115781758,9.082620630373812,-0.14146341463414636,1.0099040786087499,1.026314329567099,1.0077495317523426,58.91647855530474,3.7551549599004375,0.8657801777212468,0.061891891891891815,1,1
2020-11-11,1874.5,1862.75,1876.5,1851.25,11670.0,0.0132,0.013243243243243219,0.042547274749721975,0.03506350082827159,0.13112823824500447,0.18776885982636454,0.1883661959721581,9.364862411412354,0.32613636363636367,1.017209969378658,1.0389454431245035,1.0093325485828304,62.93279022403259,7.402400390416005,0.9753312459174712,0.0522806081621765,1,1
2020-11-12,1899.0,1869.5,1903.5,1864.25,10660.0,0.0131,0.01307015204054407,0.04917127071823213,0.06326987681970886,0.13794900796086898,0.17674628993002756,0.19111007240586583,9.274347501950475,-0.08654670094258787,1.0234438156831043,1.0507483607993582,1.0120952389735185,73.06122448979592,12.129986976826558,1.0382133236612492,0.0376513954713007,1,1
2020-11-13,1893.0,1887.25,1915.25,1885.25,12660.0,-0.0032,-0.003159557661927326,0.027687296416938123,0.06318449873630994,0.12576510221236464,0.17681269945664457,0.1840077646651334,9.446281681520253,0.18761726078799246,1.0162199470838607,1.0450864924549135,1.0142686261107314,72.91242362525458,15.217070633110552,0.945676987046351,0.048335974643423096,1,1
2020-11-16,1911.5,1904.75,1916.5,1888.0,9130.0,0.0098,0.009772847332276902,0.03464140730717191,0.07568936409679239,0.13012870539943167,0.175574363564479,0.17715152335874654,9.11943049661634,-0.27883096366508686,1.0211393902392492,1.052298375997798,1.016672564979749,75.81573896353167,18.93809548480749,0.9901315697503298,0.04420612084750197,1,1
2020-11-17,1940.5,1915.25,1947.0,1905.25,21450.0,0.0152,0.01517133141511895,0.05318860244233381,0.08196264287705612,0.13041677397042864,0.17989884022623753,0.18116065008768292,9.973526543316103,1.3493975903614457,1.0289361057455593,1.0651358521635714,1.019459727903603,76.92307692307693,23.950999907250207,1.0570039070222876,0.027570213862406545,1,1
2020-11-18,1948.5,1943.0,1961.5,1933.0,9380.0,0.0040999999999999995,0.004122648801855089,0.06301145662847785,0.05867970660146704,0.10136695435223222,0.15358198854337582,0.18113538281869251,9.14644164612595,-0.5627039627039627,1.0242171660283848,1.0666776153719821,1.020966770679367,73.07692307692307,28.243719897400297,1.0013241016889134,0.05286117526302281,1,1
2020-11-19,1978.5,1955.0,1989.75,1942.0,11160.0,0.0154,0.015396458814472602,0.06945945945945953,0.087087912087912,0.10897795753415271,0.14338608181745172,0.1695961880386003,9.320180837655714,0.18976545842217485,1.030047227696999,1.0794271425323936,1.0236807066541098,82.54620123203286,33.678258694271335,1.031160588420514,0.05180692443770529,1,1
2020-11-20,2014.5,1971.5,2038.0,1967.5,17880.0,0.0182,0.0181956027293404,0.0746865830888237,0.12041156840934364,0.11937302875552104,0.1257267579202051,0.17551143035502148,9.791493975575204,0.6021505376344085,1.0379816716351993,1.094965892722875,1.028265491925162,92.03883495145631,40.42408528789656,1.0604040628681732,0.023827252419955425,1,1
2020-11-23,2010.5,2029.25,2031.25,1998.5,10750.0,-0.002,-0.0019856043683296187,0.058715113217482795,0.11077348066298343,0.13781039254311764,0.13290478987770923,0.16382175826542666,9.282754052485227,-0.3987695749440716,1.0274877710447543,1.089534579152253,1.0329617725500924,90.18036072144288,44.92951540782656,0.9714360237730219,0.012186023377269262,1,1
2020-11-24,2022.5,2003.0,2042.25,1997.75,9980.0,0.006,0.005968664511315502,0.06840993132593765,0.09799131378935932,0.11519006497515308,0.12465906579712124,0.16067695653846467,9.208438564686587,-0.07162790697674415,1.0239395363974975,1.091679486141473,1.0358135643537634,89.32461873638344,48.90465848859412,0.9509141903936758,-0.010383189122373349,0,0
2020-11-25,2030.5,2022.0,2048.5,2015.75,9780.0,0.004,0.003955500618046948,0.062254773737902225,0.09905277401894441,0.11984834713891997,0.12416170961462922,0.15820550565916444,9.188197007290492,-0.02004008016032066,1.0192176687820445,1.0913830635408361,1.0384782244245288,89.4396551724138,52.099945420949325,0.9215361210737691,-0.03151933021423292,0,0
2020-11-26,2034.0,2025.5,2052.25,2023.5,6690.0,0.0017000000000000001,0.0017237133710907848,0.048183457871682656,0.1039348710990502,0.1164114573879673,0.11889961235010744,0.15864630127611934,8.808518618782816,-0.3159509202453987,1.0141747987748415,1.0881660603466723,1.0409533490263214,91.54013015184381,54.2888460611598,0.8811880454132119,-0.006391347099311662,0,0
2020-11-27,2099.0,2041.75,2113.0,2039.25,11050.0,0.032,0.03195673549655842,0.07723890171927117,0.14511729405346419,0.18776796808297422,0.14586050441501194,0.16877656809560895,9.310276200588783,0.6517189835575485,1.035483984636527,1.1160342413554756,1.0446537759424348,96.5034965034965,60.57030558199517,0.9935725693734155,-0.022868032396379245,0,0
2020-11-30,2070.0,2104.5,2137.0,2062.25,14300.0,-0.0138,-0.013816102906145766,0.046247156937073486,0.11891891891891881,0.23358698957604737,0.17695001955431094,0.17248317667883023,9.568084743872936,0.2941176470588236,1.0146348294937328,1.0945817322945677,1.0472367287945248,86.91275167785236,62.48802679539085,0.8712654557570519,-0.019323671497584516,0,0
2020-12-01,2087.0,2070.5,2104.25,2062.0,8740.0,0.008199999999999999,0.008212560386473333,0.03598907917597427,0.11336356361696454,0.22000626277226862,0.17540449602607253,0.15917990924694425,9.075779878580487,-0.3888111888111888,1.0178005364545233,1.0973525777532402,1.0493166428177076,86.57487091222032,64.63452601619474,0.8773394678139333,-0.04288452323909919,0,0
2020-12-02,2058.0,2069.5,2074.0,2027.75,11260.0,-0.0139,-0.013895543842836644,0.023625963690624197,0.08372827804107419,0.24625801042293588,0.19570350654160712,0.1751366873038531,9.329100707697025,0.2883295194508009,1.0003471981112424,1.077430501020889,1.0507303282550653,76.94915254237289,63.266290066497504,0.7691670938875527,-0.02988338192419826,0,0
2020-12-03,2032.5,2050.75,2064.75,2031.0,7810.0,-0.0124,-0.012390670553935834,0.0049443757725586845,0.07369255150554666,0.26245630502807205,0.20748709986743868,0.18115675250134894,8.963288275610298,-0.3063943161634103,0.9872666712927625,1.059983137619623,1.0518809997727676,72.17806041335453,59.43913893705985,0.6774688427130233,-0.008610086100861003,0,0
2020-12-04,2027.5,2038.0,2056.25,2024.75,7270.0,-0.0025,-0.002460024600245969,-0.0014774686037921647,0.06068532566047602,0.2620606366733512,0.20871465518626997,0.182803191287862,8.891649112650057,-0.06914212548015364,0.9850430316490839,1.052955025447495,1.051786518020981,69.26910299003322,55.36442920388686,0.6440520214901777,0.008138101109741003,1,1
2020-12-07,2076.0,2034.0,2099.0,2024.75,8000.0,0.0239,0.023921085080147897,0.020648967551622377,0.0698273640814222,0.29967666864220044,0.22051921640735292,0.19258737790449273,8.987321812850125,0.10041265474552952,1.005674740484429,1.0726557185053778,1.0514343780794009,71.13884555382215,55.410005006057645,0.7737326861714847,-0.017100192678227377,0,0
2020-12-08,2099.5,2087.0,2101.0,2063.25,6790.0,0.0113,0.011319845857418187,0.00023820867079571428,0.0774955093661791,0.23467451978898007,0.22212189209153196,0.18924034752384575,8.823353485113792,-0.15125,1.017023632400263,1.0788058372156755,1.051168617625181,72.4702380952381,56.68890336951267,0.8288273471424791,-0.025244105739461786,0,0
2020-12-09,2109.0,2092.75,2114.5,2089.75,5970.0,0.0045000000000000005,0.004524886877828038,0.018840579710144967,0.06595905989385908,0.21377656542476142,0.2174105835856459,0.1890946719222173,8.694669696546992,-0.1207658321060383,1.018875737603092,1.077862673446963,1.0502827354333755,70.68145800316958,57.80269663581498,0.8372565779617207,-0.029397818871503056,0,0
2020-12-10,2088.5,2096.0,2112.25,2077.75,7680.0,-0.0097,-0.00972024656235182,0.0007187350263535563,0.03673368081409789,0.2214612772130305,0.21597380505825534,0.19514567952901132,8.946505025998682,0.2864321608040201,1.0088675729763301,1.0628949488952033,1.048554100803984,62.333333333333336,56.38127886285133,0.7423615827325302,-0.00502753172133108,0,0
2020-12-11,2062.5,2084.25,2101.25,2047.5,7420.0,-0.0124,-0.012449126167105584,0.0021865889212828726,0.02586421288236762,0.21773737710208357,0.2247268017242511,0.20212968792397018,8.912069097970134,-0.03385416666666663,0.9959987582353145,1.045362392295996,1.0461407573673158,58.07453416149068,52.55103668901529,0.6226323392924558,-0.00848484848484854,0,0
2020-12-14,2029.0,2056.25,2079.5,2025.25,9750.0,-0.016200000000000003,-0.01624242424242428,-0.0017220172201721784,0.0032138442521632005,0.2282094239384958,0.23641916264270127,0.21278275266860114,9.18512512283512,0.3140161725067385,0.9800579630140768,1.0243853183218055,1.042308274852325,50.94614264919942,46.278897815622486,0.4379632707357509,0.001724987678659362,1,1
2020-12-15,2052.0,2032.0,2055.5,2009.5,9250.0,0.0113,0.011335633316904792,0.012083847102342782,0.010588524993843773,0.2371990743947304,0.24064774681911352,0.21344087063368172,9.132486932771318,-0.05128205128205132,0.9894947129128923,1.0317952499874294,1.03885274673703,52.99860529986053,42.67219188557851,0.5330848063669329,-0.013645224171540016,0,0
2020-12-16,2049.0,2051.0,2061.75,2041.0,6430.0,-0.0015,-0.0014619883040936088,-0.013005780346820761,0.007374631268436627,0.1797760540583669,0.24080524524299574,0.20969450774409362,8.768885326134862,-0.30486486486486486,0.9898892301321646,1.026724569901453,1.0357977999952277,52.094972067039116,39.12081610693326,0.48204363982257364,-0.006100536847242544,0,0
2020-12-17,2040.5,2045.5,2060.0,2035.25,12260.0,-0.0040999999999999995,-0.004148365056124925,-0.028101929030721617,-0.027870414483087136,0.15449480066111382,0.1939146906043027,0.2109296876673581,9.414178772232386,0.9066874027993779,0.9898132427843803,1.019179861145797,1.0303823842108644,40.298507462686565,35.214515242103516,0.38424122522924464,-0.012251899044351866,0,0
2020-12-18,2039.5,2042.0,2059.25,2031.0,7500.0,-0.0005,-0.0004900759617740835,-0.032954006638217126,-0.01473429951690819,0.14550994484210564,0.18619293913672955,0.20559674141246265,8.922791623969637,-0.38825448613376834,0.9941160086344962,1.0153501493528045,1.0259293063391968,44.424131627056674,31.67294601476283,0.3600468814653449,-0.002206423142927183,0,0
2020-12-21,1959.5,2034.0,2034.0,1946.25,12330.0,-0.0392,-0.039225300318705525,-0.061766818290639236,-0.06109247724005751,0.25467086722318955,0.24132618679131304,0.24024043926083932,9.41987169587053,0.6439999999999999,0.9637788083192805,0.9734791716691644,1.0192557229560533,31.054977711738474,22.155500654142543,-0.16958729892512053,0.0431232457259505,1,1
2020-12-22,1964.5,1951.0,1969.0,1929.5,10330.0,0.0026,0.002551671344730888,-0.04751515151515151,-0.0454324586977648,0.26182947748918495,0.23883637756941442,0.24056931237124735,9.242904362849446,-0.16220600162206,0.972937597283147,0.9741161303118957,1.0140151166332552,35.03999999999999,14.845188754464061,-0.03979225674659829,0.044795113260371666,1,1
2020-12-23,1972.5,1959.75,1988.5,1952.25,7390.0,0.0040999999999999995,0.004072283023670131,-0.027846229669788114,-0.029520295202952074,0.259457590487701,0.2367730822252801,0.23996689945850502,8.908018322784887,-0.28460793804453044,0.9808204581779435,0.9765012623970692,1.0102535874000749,39.83050847457627,9.58673710936614,0.06669224430218247,0.05120405576679343,1,1
2020-12-24,1970.5,1970.5,1989.5,1958.5,4490.0,-0.001,-0.0010139416983523386,-0.03971734892787526,-0.028113440197287343,0.238734097608409,0.23680209753304338,0.2392688605163836,8.409830673087738,-0.39242219215155616,0.9855315804515576,0.9743615101243603,1.0070497900250417,40.23972602739726,5.1980728619600995,0.10327911452343597,0.054808424257802635,1,1
2020-12-29,1984.5,1996.5,2008.5,1955.25,7570.0,0.0070999999999999995,0.007104795737122638,-0.03147877013177158,-0.04407514450867056,0.250333322200483,0.21050271671019596,0.24085190222681876,8.932080438103307,0.6859688195991092,0.9971288088145569,0.9798064579836081,1.0023064227172058,32.23300970873787,2.8172325215487035,0.20904433683843857,0.05593348450491309,1,1
2020-12-30,1996.0,1972.0,1998.25,1968.75,4560.0,0.0058,0.005794910556815358,-0.021808380298946384,-0.04929745177423195,0.25783299879338045,0.20436579802489033,0.21084121925384466,8.4252971767117,-0.3976221928665786,1.006120832433211,0.9841157667244623,0.9972694755303451,28.920570264765786,1.8371754739723656,0.2921914664273703,0.053356713426853775,1,1
2020-12-31,1994.0,1993.5,2003.25,1968.75,4350.0,-0.001,-0.0010020040080159776,-0.022309389556263826,-0.05452821242294925,0.25763946664811826,0.20146979012614213,0.20666014620189305,8.37816098272068,-0.046052631578947345,1.0084167178412744,0.9822660098522168,0.9923469387755103,25.84033613445378,0.8888438785893413,0.30282415150789493,0.06243731193580748,1,1
2021-01-04,2051.5,1992.0,2065.25,1991.75,10870.0,0.0288,0.028836509528585852,0.04695075274304661,-0.017716064160881007,0.16316843157175193,0.24224060778006212,0.230137860082749,9.293853972204001,1.4988505747126437,1.030645566440593,1.0088848089438225,0.9893717170818297,43.27272727272727,4.722614350826461,0.6178251631460763,0.03509627102120394,1,1
2021-01-05,2081.0,2060.75,2082.75,2045.5,9010.0,0.0144,0.01437972215452099,0.059302621532196564,0.008969696969697072,0.16618581260527396,0.24474827083807668,0.23057858713607104,9.106201332235038,-0.17111315547378103,1.0367971530249112,1.0216756265802587,0.9883608793690538,53.321364452423694,10.025738061544644,0.7577666020893914,0.012253724171071623,1,1
2021-01-06,2062.5,2078.5,2084.5,2041.25,9440.0,-0.0089,-0.00888995675156179,0.04562737642585546,0.0165105963528831,0.1956551340593834,0.2367092445849117,0.2283962725385008,9.152817185732516,0.047724750277469585,1.021039603960396,1.011798179989698,0.9887589660211014,56.35673624288426,12.590570164682049,0.6490292796400899,0.023272727272727334,1,1
2021-01-07,2035.0,2046.5,2069.25,2029.5,9290.0,-0.013300000000000001,-0.013333333333333308,0.03273280893174313,-0.008284600389863561,0.22688617415651527,0.23950560259450523,0.23340107928385032,9.136801468641313,-0.01588983050847459,1.0028512091238693,0.9979077446140769,0.9877675448223685,46.82835820895522,12.262839531360214,0.5158211367359217,0.040294840294840206,1,1
2021-01-08,2001.5,2032.5,2043.5,1978.25,9110.0,-0.0165,-0.016461916461916415,0.008566389518770423,-0.023182040019521732,0.2582792762287154,0.24895700745013816,0.2235763167291232,9.117237753713859,-0.019375672766415497,0.985163309074289,0.9818172899259284,0.9864423883260648,42.04355108877722,9.19395838523792,0.35505817780694005,0.08143892080939286,1,1
2021-01-11,1966.5,1998.25,2001.5,1959.75,7790.0,-0.0175,-0.01748688483637273,-0.014779559118236474,-0.036265621171281515,0.27837689093830636,0.2579169277814691,0.22479692049155378,8.960724500330858,-0.14489571899012077,0.9699478579481399,0.9656589134598071,0.9848801943640959,38.615384615384606,3.89276707833028,0.179660485735067,0.09433002796847201,1,1
2021-01-12,2021.0,1974.0,2029.5,1968.0,11030.0,0.0277,0.027714213068904092,0.01354062186559668,-0.009070850698700617,0.3310179181662822,0.28818458767381844,0.24777604306462186,9.308464769969381,0.4159178433889601,0.9949363527674239,0.9926326129666012,0.9844407802413697,47.556142668428,4.04262839538751,0.5282093162485997,0.04972785749628894,1,1
2021-01-13,2051.0,2026.25,2053.0,2023.5,10390.0,0.0148,0.01484413656605632,-0.0002437241043139471,0.046695585608573564,0.291900613766701,0.2334312954881201,0.25258645606600955,9.248695325852646,-0.05802357207615594,1.0097408306080107,1.0081596539520252,0.9884276164260435,63.92694063926941,6.50713366208015,0.7303049156276568,0.03559239395416869,1,1
2021-01-14,2030.0,2053.5,2062.25,2020.5,7940.0,-0.0102,-0.010238907849829393,-0.024507448342143245,0.033341817256299366,0.2784138393727293,0.2404958869083922,0.25140893557456784,8.97979449089521,-0.23580365736284892,1.002999823539792,0.9984916054564533,0.9913770892669764,59.50653120464441,6.688644812200437,0.591450647841431,0.06330049261083737,1,1
2021-01-15,1997.5,2024.5,2029.75,1990.75,10460.0,-0.016,-0.016009852216748777,-0.031515151515151496,0.012674271229404344,0.28743364030223945,0.25265700600472335,0.25122825688104333,9.25540933534376,0.3173803526448362,0.9914908704130474,0.9839497557571528,0.9937136054701016,53.38753387533875,4.162037937654077,0.39305124026732735,0.027534418022528095,1,1
2021-01-18,1996.5,1992.25,2016.5,1987.0,3850.0,-0.0005,-0.0005006257822277593,-0.018918918918918948,0.013194620654656264,0.28096872827131175,0.2525863986694303,0.2474453613238992,8.25608813381491,-0.6319311663479923,0.993707337883959,0.9844512746338818,0.9956338183602692,53.53260869565217,2.0552999255435225,0.40186576219306297,0.03781617831204609,1,1
2021-01-19,2015.0,2002.5,2023.25,1986.25,5510.0,0.009300000000000001,0.009266215877786088,0.006744941294029472,0.015369110607205805,0.26980866152855726,0.2537539107733174,0.25007295731949986,8.614501373883236,0.4311688311688311,1.0019534718522465,0.9938592813632888,0.9969948175575934,54.09395973154362,1.8570829653365308,0.5385045235339739,0.032258064516129004,1,1
2021-01-20,2044.0,2010.0,2047.75,2007.25,8400.0,0.0144,0.014392059553349767,0.03941011950165274,0.024048096192384794,0.24423865228018382,0.25932658727251046,0.2550294176914065,9.036106025364846,0.5245009074410163,1.0108089014482515,1.0078895463510849,0.9984150464919695,56.15384615384615,3.9940117518940497,0.738533647301505,0.003424657534246478,1,1
2021-01-21,2040.5,2040.5,2058.5,2031.25,8950.0,-0.0017000000000000001,-0.001712328767123239,0.009648688767936564,0.023319959879638974,0.1904139988328516,0.25949399453496264,0.2551065222732322,9.099520536870939,0.06547619047619047,1.007689865603725,1.0067511450632767,1.0006367009960495,55.938697318007655,5.343525624531594,0.6936594738113127,-0.012496937025238908,0,0
2021-01-22,2046.5,2035.5,2054.25,2011.25,9110.0,0.0029,0.002940455770644501,-0.0021940516821062905,-0.002437241043139138,0.16718274941246689,0.22855072593405343,0.21113722251292308,9.117237753713859,0.01787709497206702,1.0109738884968242,1.0105923310535543,1.0013333004123355,49.264705882352935,6.818574662928086,0.7156584819493464,-0.021744441729782515,0,0
2021-01-25,2047.0,2050.5,2073.75,2044.5,8500.0,0.0002,0.0002443195699974865,0.008374384236453203,-0.016338298894762127,0.15206732569492,0.21888058277932126,0.21123382091730722,9.04793908261736,-0.06695938529088918,1.010009163318531,1.0118719053543035,1.0011557659420964,44.533762057877816,7.936421349274042,0.6985533634042794,-0.033463605276013664,0,0
2021-01-26,2078.0,2046.5,2080.5,2040.75,9150.0,0.0151,0.01514411333659016,0.040300375469336736,0.007515151515151475,0.11377876049384004,0.22591252267431444,0.2160010483002214,9.121618441915379,0.07647058823529407,1.0195198878570177,1.0273735559254438,1.0018763846282426,52.39567233384853,11.194718082459076,0.8989483322133447,-0.054138594802694895,0,0
2021-01-27,2045.0,2079.75,2079.75,2026.75,10540.0,-0.0159,-0.015880654475457168,0.024292511895817714,0.004914004914004844,0.17160637514875954,0.2291988747618525,0.22506025563231058,9.26302769425519,0.15191256830601096,0.9999301480860576,1.0113498677085138,1.002518660341167,51.51975683890577,10.987460900966425,0.6226450177201502,-0.048166259168704206,0,0
2021-01-28,2032.5,2030.5,2046.5,2007.5,9550.0,-0.0060999999999999995,-0.006112469437652757,0.008684863523573227,0.015488383712215947,0.17462677194928725,0.2183476416771791,0.2258382364347961,9.164401140034737,-0.09392789373814037,0.9926047371542192,1.0051100304953433,1.0035558276718748,55.032467532467535,9.70271569152419,0.5057182837997157,-0.044280442804428,0,0
2021-01-29,2024.0,2027.5,2051.0,2005.5,11510.0,-0.0042,-0.0041820418204182586,-0.009784735812133127,0.029239766081871288,0.14989670705201322,0.20305225833443197,0.2259443466498648,9.351058378915061,0.20523560209424074,0.989834771369686,1.0013688012269737,1.0060512322744952,60.213143872113676,7.907513995334057,0.4173932549190749,-0.030385375494071165,0,0
2021-02-01,2036.5,2029.5,2039.5,2015.25,7720.0,0.0062,0.006175889328063233,-0.001960303847096334,0.0076694705591291434,0.15645856937729088,0.16799481231884877,0.22660643570951253,8.951699168308815,-0.32927888792354476,0.996226283238408,1.007760888749598,1.0068065362542018,53.235908141962426,7.408053817460313,0.5351573602613007,-0.035845813896390855,0,0
2021-02-02,2015.5,2030.25,2033.5,2007.5,6680.0,-0.0103,-0.01031180947704391,-0.015147813339848493,-0.017308629936616304,0.16511441888187303,0.16037145525454582,0.20586355477523524,8.807022955925477,-0.13471502590673579,0.9880939874636692,0.9977805097401794,1.005966574453113,42.29934924078091,5.257102922345894,0.36566982714734697,-0.04018853882411311,0,0
2021-02-03,2035.0,2017.25,2037.0,2001.5,6320.0,0.0097,0.009675018605804997,-0.005862237420615535,0.0024630541871921707,0.17985232750790747,0.16086610817686017,0.20211416085823009,8.751632702472298,-0.053892215568862256,0.9984929730487505,1.0075088703688424,1.0062180990887981,51.09170305676856,5.067530535320884,0.5721294358813861,-0.056265356265356226,0,0
2021-02-04,2044.0,2022.5,2046.0,2013.5,7330.0,0.0044,0.004422604422604337,-0.016361886429258954,0.02327909887359203,0.1487938565919802,0.14329487051704806,0.20081216760598422,8.899867211223587,0.15981012658227844,1.0053047602318637,1.0105554594220454,1.006458994741693,61.31386861313868,5.579204243089407,0.6578910382897183,-0.05919765166340507,0,0
2021-02-05,2052.5,2034.0,2063.0,2031.75,7700.0,0.0042,0.00415851272015666,0.003667481662591676,0.02804908590032551,0.11731654480734514,0.14328203444764137,0.1956410431580887,8.94910546953925,0.05047748976807642,1.0089536516853932,1.0132883531492987,1.006976238473338,63.14553990610329,6.594570205095351,0.7205946295689492,-0.0457978075517661,0,0
2021-02-08,2073.5,2062.5,2077.75,2049.0,7540.0,0.0102,0.010231425091351998,0.02017220172201717,0.029032258064516148,0.1193211719716823,0.1442838446493928,0.18822718639959413,8.928110078202646,-0.020779220779220786,1.0163503956305582,1.02195716996476,1.0073648227619494,63.57308584686775,8.990146725697059,0.9413220299319869,-0.04870991077887632,0,0
2021-02-09,2078.5,2074.0,2098.75,2064.5,10410.0,0.0024,0.002411381721726613,0.026926877470355715,0.016878669275929514,0.10904368059251955,0.13298466498410988,0.17474019191224804,9.250618218474752,0.38063660477453576,1.0149279760036274,1.0226070699367789,1.0067930151076938,59.007832898172325,11.163431501374134,0.932431599520528,-0.062304546547991335,0,0
2021-02-10,2095.5,2077.25,2109.0,2065.75,7800.0,0.008199999999999999,0.008178975222516316,0.028971274245028322,0.02695417789757415,0.11149356792042012,0.13534441619912363,0.1509926477118527,8.962007209588313,-0.2507204610951008,1.0190350481086528,1.029097605893186,1.0068929229150223,63.41463414634146,14.095054257230686,1.0219601387378932,-0.07444523979957052,0,0
2021-02-11,2102.5,2077.5,2121.5,2072.75,8930.0,0.0033,0.003340491529467915,0.043165467625899234,0.02736379183972626,0.051014611778329576,0.13541262447294108,0.14351388982566216,9.097283649683886,0.1448717948717948,1.0162966543521044,1.0307383076772232,1.0071015365652094,63.59223300970874,16.789686852192744,0.993624208401685,-0.08656361474435192,0,0
2021-02-12,2118.5,2116.5,2129.25,2108.75,7090.0,0.0076,0.007609988109393617,0.04103194103194108,0.034929164631167575,0.046139976629733265,0.13719353106575427,0.13879781308110756,8.866581653303996,-0.20604703247480405,1.0181599725369035,1.0364734949485066,1.0075553986853187,66.13995485327314,19.985884049360266,1.040003778204242,-0.07835732829832431,0,0
2021-02-15,2123.5,2127.75,2145.25,2113.25,5660.0,0.0024,0.0023601604909133655,0.03889432485322897,0.021896053897978884,0.05014532212112016,0.12446751792957632,0.1222475390029224,8.64135583403666,-0.20169252468265164,1.015022704769709,1.0377012729982653,1.007961911277571,61.636828644501286,22.66112818902866,1.0094136722349214,-0.07864374852837297,0,0
2021-02-16,2106.5,2117.5,2122.75,2103.0,5580.0,-0.008,-0.00800565104779849,0.026309378806333772,0.030073349633251922,0.0958204662398605,0.10620027417176371,0.12756208462240143,8.627123250788433,-0.014134275618374548,1.0031976051978093,1.0289663931223134,1.0096891922067772,67.13091922005572,23.14274535613049,0.8414849236910266,-0.06432470923332545,0,0
2021-02-17,2110.5,2106.5,2116.0,2096.0,5030.0,0.0019,0.0018988844054117493,0.017844224740776404,0.03837638376383756,0.08445234427330704,0.0993517472873667,0.12523397523812163,8.523374050491318,-0.09856630824372759,1.0025788062841439,1.0301151893791487,1.011620042394154,72.80701754385964,23.57543407273579,0.8320907166257496,-0.06443970623075101,0,0
2021-02-18,2117.0,2106.0,2148.25,2101.5,8580.0,0.0031,0.0030798389007344884,0.018522973298051415,0.045948616600790526,0.08450413241901282,0.09422924422720107,0.1172781228967506,9.057305735807121,0.705765407554672,1.0030458914308922,1.0319110908913658,1.0135102199980504,77.51479289940829,24.164287807138862,0.8384280841327795,-0.07250826641473784,0,0
2021-02-19,2164.5,2126.5,2168.0,2100.75,12700.0,0.022400000000000003,0.02243741143127065,0.032927702219040844,0.06285293395531544,0.14524770968462192,0.12448287982263123,0.1366637411292341,9.44943600950432,0.48018648018648014,1.0207842080441958,1.0522776256299728,1.015277928896688,81.37254901960785,28.139437738000197,1.048045111606398,-0.09124509124509128,0,0
2021-02-22,2152.0,2156.5,2184.0,2147.25,9360.0,-0.0058,-0.0057750057750057815,0.023543400713436302,0.06772513024063498,0.15846018790687869,0.11523998536086044,0.13988665358679728,9.144307401371744,-0.2629921259842519,1.0115158636897768,1.0430652158107747,1.0169608885165196,84.91048593350384,29.93604309422517,0.9105715503196674,-0.07365241635687736,0,0
2021-02-23,2121.5,2164.5,2171.75,2117.5,9550.0,-0.014199999999999999,-0.014172862453531554,0.001416096294547975,0.0425061425061426,0.18557287076427756,0.13759473918592663,0.15118815613281114,9.164401140034737,0.020299145299145227,0.9969789533751804,1.0266150496007742,1.0183021672254675,70.94430992736078,28.569439961988337,0.7187558627660565,-0.06528399717181244,0,0
2021-02-24,2124.0,2128.25,2144.5,2097.75,10180.0,0.0012,0.0011784115012962726,0.00023546032493526603,0.03913894324853229,0.1851462351237829,0.13763870499526062,0.14312015686523646,9.228278517107196,0.06596858638743464,0.9981203007518797,1.026615969581749,1.0198664598274703,70.0,27.372592038304447,0.7106000729814598,-0.06850282485875703,0,0
2021-02-25,2158.5,2138.75,2168.75,2131.5,7460.0,0.016200000000000003,0.016242937853107264,0.02468549727035363,0.051644336175395766,0.19736723240146117,0.14905854993505524,0.1383296832179318,8.917444732471514,-0.2671905697445972,1.0108041209526357,1.041135755227384,1.0214114023411973,73.45132743362832,28.8750890549245,0.8614605902272572,-0.0845494556404911,0,0
2021-02-26,2052.5,2145.0,2145.0,2044.75,13960.0,-0.049100000000000005,-0.049108176974751006,-0.02748163942193793,-0.010127803231251509,0.37378384455499253,0.2654151465946732,0.22532432575744737,9.544023006988647,0.8713136729222519,0.9649093351242444,0.9891327919809161,1.019786098097464,46.62379421221865,21.267357782419822,0.2616187126406936,-0.03215590742996344,0,0
2021-03-01,2072.0,2070.5,2088.5,2053.0,11280.0,0.0095,0.00950060901339822,-0.021256495040151147,-0.003127255232138526,0.38062045789366206,0.26865587853394807,0.22667409055939097,9.33087517360492,-0.1919770773638968,0.977029302795554,0.9973205833747815,1.0183273013988436,49.00153609831029,16.620077067125294,0.35730594417519684,-0.03667953667953672,0,0
2021-03-02,2080.0,2076.5,2089.25,2056.0,8370.0,0.0039000000000000003,0.0038610038610038533,-0.03903903903903905,-0.007396802672393177,0.343354700591277,0.2666976505751224,0.22617712662982675,9.032528630660057,-0.2579787234042553,0.9864164493072727,1.0001282215668676,1.0167340593116334,47.55134281200632,13.427819218195054,0.3729159469048988,-0.03076923076923077,0,0
2021-03-03,2051.0,2074.5,2078.0,2043.75,10380.0,-0.0139,-0.013942307692307643,-0.04693308550185871,-0.024494649227110532,0.34713791523624904,0.27202971655092584,0.22882046691508967,9.247732491193245,0.24014336917562717,0.9793649169480542,0.9860734947675444,1.014851428479852,42.39290989660266,8.460348604723094,0.1633803992660436,-0.0024378352023403105,0,0
2021-03-04,2015.0,2044.75,2050.5,1998.5,13680.0,-0.0176,-0.017552413456850324,-0.05020032995522039,-0.04885532216190702,0.35079332107354233,0.27637278631554135,0.23506663909036568,9.523763287920113,0.3179190751445087,0.9692159692159692,0.9691615830440812,1.0117105593149105,35.56485355648536,1.6002465730316544,-0.032990981809869604,0.02059553349875931,1,1
2021-03-05,2002.0,2007.0,2042.75,2000.75,8700.0,-0.006500000000000001,-0.006451612903225823,-0.057438794726930364,-0.057216858959265315,0.34617189094585377,0.27532173755145367,0.2352947860977397,9.071193240566025,-0.36403508771929827,0.9711038736054328,0.9635963997497152,1.008255730535889,33.424283765347894,-4.829750706191589,-0.0381404065969682,0.013986013986013957,1,1
2021-03-08,1978.5,2012.0,2018.0,1975.5,8119.999999999999,-0.011699999999999999,-0.011738261738261757,-0.08339124391938846,-0.06076430097317831,0.300920463059907,0.2768106574785883,0.2374383689119434,9.00220857828241,-0.06666666666666676,0.9718265384885271,0.9533331727178549,1.0049595765258186,32.84182305630027,-11.687101842834181,-0.0546201023792447,0.022744503411675554,1,1
2021-03-09,1965.5,1990.5,1998.75,1956.5,9760.0,-0.0066,-0.006570634318928459,-0.042387332521315435,-0.06870409855484483,0.15437090767023426,0.2754484953094115,0.23396302155999926,9.186150133174966,0.20197044334975378,0.9713710816153629,0.9487835489476734,1.0017791631037432,31.020942408376968,-17.963521088433026,-0.01698010125085964,0.04248282879674381,1,1
2021-03-10,1946.5,1964.0,1972.25,1943.25,10400.0,-0.0097,-0.009666751462732104,-0.06056949806949807,-0.08053849787435052,0.10905921014863638,0.27356623156600757,0.23454849576989847,9.249657234353133,0.06557377049180335,0.9705809025180753,0.9411034738394347,0.9974812735914759,28.39036755386566,-24.191900598934353,-0.00031441018837711593,0.05728230156691505,1,1
2021-03-11,1942.5,1946.75,1979.75,1941.0,12470.0,-0.0021,-0.002054970459799632,-0.06610576923076927,-0.10256410256410253,0.08263993112460925,0.24245738862296817,0.23104798542769675,9.431161227920747,0.1990384615384615,0.9781670383425652,0.9405337357467378,0.991252350325616,18.37606837606836,-29.115082259881092,0.05733930848202447,0.07001287001286993,1,1
2021-03-12,1962.5,1963.5,1974.75,1950.0,8300.0,0.0103,0.01029601029601035,-0.04314968308142375,-0.08805762081784385,0.13915523975486152,0.25409641839155606,0.23486796033151225,9.024131268455035,-0.33440256615878106,0.9945701357466064,0.951161588419658,0.9856768970149047,23.57043235704323,-31.04503846421403,0.1670453490490784,0.06496815286624202,1,1
2021-03-15,1963.5,1972.0,1977.75,1957.75,9560.0,0.0005,0.0005095541401274328,-0.0255583126550869,-0.07447560688192312,0.11814433606986798,0.25306982675886786,0.23203243409695865,9.165447603085447,0.15180722891566267,0.9988009592326139,0.9527699150828952,0.9813644503494886,25.98784194528875,-32.12355072157743,0.20357897976280184,0.07079195314489439,1,1
2021-03-16,1934.5,1968.0,1971.25,1931.5,14650.0,-0.0148,-0.014769544181308936,-0.03371628371628377,-0.08921845574387943,0.135623422021472,0.254085829940362,0.2341515571546436,9.592263871501313,0.5324267782426779,0.9888998429912002,0.9399293858512568,0.9760751767667419,23.347398030942344,-34.91584892069045,0.15246312941232665,0.0940811579219436,1,1
2021-03-17,1920.5,1934.0,1957.25,1916.5,11070.0,-0.0072,-0.0072370121478417815,-0.029315137730604013,-0.11026175584896925,0.12853419973943778,0.23184339735443826,0.23401437664636465,9.312084355859467,-0.2443686006825938,0.9859191082101867,0.9348607403921824,0.9696133461132366,14.477611940298502,-37.82245464454627,0.15197659353591444,0.12054152564436338,1,1
2021-03-18,1923.0,1924.0,1932.5,1908.25,7930.0,0.0013,0.0013017443374121473,-0.021622996692953422,-0.06309378806333743,0.13112315892056978,0.1398591102635235,0.23382454315853116,8.97853441008332,-0.28364950316169824,0.990289119399691,0.9379191493858573,0.9670092054640531,22.030237580993514,-39.46925451771472,0.19376920579955717,0.1432657306292251,1,1
2021-03-19,1958.5,1924.75,1977.75,1916.25,8200.0,0.018500000000000003,0.018460738429537216,0.006164911379398896,-0.05477799227799229,0.17358827329305113,0.16095575886271032,0.24572205009162792,9.012011377036412,0.034047919293821005,1.007680999632488,0.9566958942920646,0.9645290839878436,27.070707070707073,-37.47778143238838,0.3178103864384804,0.11054378350778649,1,1
2021-03-22,1972.5,1970.0,1989.25,1959.25,6770.0,0.0070999999999999995,0.0071483278018891205,0.015444015444015413,-0.05168269230769229,0.17571250922955448,0.1646179785824773,0.23056230789031035,8.820404065485645,-0.17439024390243907,1.0126512651265127,0.9651218736493594,0.9623608876628196,28.796844181459576,-34.37360415548142,0.38091000454627033,0.1244613434727504,1,1
2021-03-23,1949.0,1975.25,1983.5,1946.25,7710.0,-0.011899999999999999,-0.011913814955640034,-0.006878980891719788,-0.04973183812774251,0.1833338061368557,0.16238929201760202,0.232029326632534,8.95040315983296,0.138847858197932,1.001578387108615,0.9556419979079498,0.9608254258816498,29.435483870967744,-33.42447832137532,0.3196394891258894,0.1475115443817343,1,1
2021-03-24,1939.5,1953.25,1973.25,1931.5,7960.0,-0.0049,-0.004874294510005095,-0.012223071046600475,-0.037468982630272984,0.18440279596684697,0.14966609023973143,0.22941861305311198,8.982309899088579,0.03242542153048,0.9984555984555985,0.9534148259815167,0.9606304834314927,32.95711060948081,-33.057790236860455,0.30268739171427855,0.1407579273008508,1,1
2021-03-25,1920.5,1940.0,1946.75,1918.0,7140.0,-0.0098,-0.009796339262696518,-0.0072370121478417815,-0.040709290709290746,0.1715634444887901,0.1519539637402704,0.22935030304633316,8.87360810154911,-0.10301507537688437,0.9896933779953621,0.946898727936101,0.9606336371448293,32.08791208791209,-33.909441563957444,0.2200379214342683,0.15699036709190306,1,1
2021-03-26,1952.5,1936.0,1963.25,1929.0,7270.0,0.0167,0.01666232751887531,0.01666232751887531,-0.013141268637856918,0.1935193395548673,0.16703640512426413,0.22983654317856556,8.891649112650057,0.0182072829131652,1.003819176673644,0.9653098220171391,0.9623434410019776,44.49152542372881,-31.637550819500802,0.3958453888604255,0.1201024327784892,1,1
2021-03-29,1956.5,1952.0,1970.25,1944.75,6300.0,0.002,0.0020486555697822872,0.017420696827873172,-0.004578987534978429,0.19338878448384875,0.1653518257336032,0.16411363408947027,8.748463629942055,-0.13342503438789544,1.0034068429921605,0.9699568687719995,0.9646805527029612,48.01762114537445,-29.177949229747128,0.43914364835913405,0.09813442371581904,1,1
2021-03-30,1971.0,1963.25,1979.25,1954.25,5500.0,0.0074,0.007411193457705023,0.006382435537401143,0.012586694066272885,0.1643521887596303,0.1624021039181847,0.16238271380385788,8.612685172875459,-0.12698412698412698,1.0099183837792336,0.9793383296757898,0.967715031025039,55.50561797752809,-25.761703548547075,0.5752280681772133,0.09335362760020294,1,1
2021-03-31,1974.5,1965.75,1983.25,1959.75,5480.0,0.0018,0.0017757483510907335,0.0010139416983523386,0.01647361647361656,0.1589207592736937,0.16184388155624937,0.16153993864950697,8.609042845046117,-0.0036363636363636598,1.01156365499323,0.9832922486989866,0.9710380006189373,57.20720720720721,-22.512374840501025,0.6714725190266886,0.11800455811597876,1,1
2021-04-01,1963.5,1976.75,1985.75,1954.25,5550.0,-0.005600000000000001,-0.005571030640668551,0.007439712673165788,0.0005095541401274328,0.14232547106436338,0.1585545631066433,0.15654626075076258,8.621733370690162,0.012773722627737127,1.004861821903787,0.9803122087604846,0.973554263271012,50.23474178403756,-20.587546082453173,0.60306509925602,0.13496307613954683,1,1
2021-04-06,1967.0,1963.75,1976.75,1937.75,10750.0,0.0018,0.0017825311942958333,0.014178912090744955,0.0017825311942958333,0.13606853862810714,0.15871291583792022,0.1463849642929543,9.282754052485227,0.9369369369369369,1.0046331764620045,0.9852981691587147,0.9768899670470037,50.81206496519721,-18.565671174211275,0.6919394653895719,0.10549059481443823,1,1
2021-04-07,1993.5,1966.5,1995.5,1959.5,7700.0,0.013500000000000002,0.013472292831723465,0.038010934652434214,0.030498836908761984,0.12190966244485736,0.15226701325262443,0.15332539324963315,8.94910546953925,-0.2837209302325582,1.0127735239685016,1.0012221254938727,0.981598760176407,63.84976525821596,-14.656046432150333,1.0090807946144256,0.11211437170805127,1,1
2021-04-08,1983.0,1983.5,1996.5,1973.0,5540.0,-0.0053,-0.005267118133935322,0.015620998719590329,0.03254360843530324,0.10663447385742145,0.15011688342338422,0.14873735786901482,8.61993026886735,-0.2805194805194805,1.005213990875516,0.9982632334063278,0.986127441990917,64.9164677804296,-12.263536489713488,0.8466126300111946,0.10337871911245577,1,1
2021-04-09,1978.5,1989.5,1989.5,1970.5,4790.0,-0.0023,-0.0022692889561271024,0.011244569384104341,0.028861154446177872,0.11004582481258612,0.15135119789295967,0.14702502174784673,8.474494436883122,-0.1353790613718412,1.0013375750126527,0.9984356075898264,0.9905415537228215,63.12056737588653,-10.60828184547131,0.7644676982983719,0.08238564569118023,1,1
2021-04-12,1976.0,1975.25,1983.5,1959.75,7020.0,-0.0013,-0.0012635835228708148,0.0025367833587011113,0.008935409752361512,0.10294960976521657,0.1318371413459748,0.14262388405933285,8.85666093701725,0.465553235908142,0.9997108991037872,1.0002446617340612,0.9942245367998969,54.90196078431373,-9.389968014848819,0.7128991059963782,0.09235829959514175,1,1
2021-04-13,1986.5,1977.75,1989.75,1968.75,5940.0,0.0053,0.005313765182186181,0.006077487971638318,0.00709759188846637,0.10707044735677834,0.13030989952892227,0.14307825643287023,8.689632748355741,-0.15384615384615385,1.0041522241478915,1.0066807996689162,0.9958397332023798,54.0,-7.4908336117700856,0.8092919988978297,0.09589730682104203,1,1
2021-04-14,1996.0,1982.5,2006.25,1978.25,7540.0,0.0048,0.004782280392650495,0.01655207537560477,0.024114930733709627,0.09852903530305587,0.11806488416856667,0.1398543991858139,8.928110078202646,0.26936026936026947,1.0065919815568605,1.012795250619466,0.998823286365465,64.59627329192547,-5.1597074143521695,0.873457441206601,0.10345691382765532,1,1
2021-04-15,2016.0,1997.25,2029.25,1995.75,9320.0,0.01,0.01002004008016022,0.02491103202846978,0.03944315545243615,0.10838899543115084,0.11882505052742295,0.14340391510661793,9.140025198061156,0.23607427055702912,1.0131016906565204,1.0240520153404618,1.0026813153321166,72.30320699708454,-1.6790848105135865,0.9969928108345013,0.08804563492063489,1,1
2021-04-16,2046.0,2027.25,2062.25,2016.75,10650.0,0.0149,0.014880952380952328,0.0263355906696765,0.06534756573808909,0.11399443202551125,0.11417704576394658,0.13824034971722363,9.273409063443166,0.14270386266094426,1.0243169789729654,1.039378878832265,1.0073201147124387,84.38356164383562,3.460195973810187,1.1372514656118013,0.0847996089931573,1,1
2021-04-19,2056.5,2027.75,2061.5,2023.25,5590.0,0.0051,0.00513196480938416,0.03706505295007556,0.05326504481434058,0.0949618448727456,0.10008749678415972,0.1335906025553772,8.628913441026645,-0.4751173708920188,1.0241898189320906,1.0439792879382699,1.0103838306677755,82.29813664596273,8.284872417667202,1.0994724754847989,0.07926088013615362,1,1
2021-04-20,2030.0,2056.25,2066.25,2022.25,8180.0,-0.0129,-0.012885971310478972,0.026029820571139783,0.0375670840787119,0.14057582563424562,0.12250290719837409,0.14482855585412566,9.009569671513699,0.4633273703041145,1.0073013397604027,1.0300385630200934,1.0125692249702805,70.02724795640327,9.856514960088816,0.8526530930590717,0.07044334975369448,1,1
2021-04-21,2023.5,2030.5,2037.5,1998.5,18420.0,-0.0032,-0.0032019704433497997,0.024038461538461453,0.026636225266362334,0.14389881220911963,0.12280753649801371,0.13401450081972557,9.821246597152218,1.2518337408312958,1.0007064891024056,1.0259595396237895,1.0137004657361601,64.95726495726495,10.457015357028013,0.7775004169728533,0.055596738324684924,1,1
2021-04-22,2049.0,2031.75,2049.25,2019.5,5520.0,0.0126,0.012601927353595332,0.031462371004278955,0.037731071157254936,0.15417401316002055,0.1309054397294603,0.13813288581136146,8.616314282284044,-0.7003257328990228,1.0088626292466765,1.0374245812412979,1.0149662160125854,68.86075949367088,12.842512644008366,0.901091038721205,0.05075646656905808,1,1
2021-04-23,2058.0,2035.25,2061.75,2021.5,6370.0,0.0044,0.004392386530014614,0.03106212424849697,0.048128342245989275,0.15415918703513262,0.12544218697972798,0.12890234855380034,8.759511722116487,0.15398550724637672,1.0088941802647244,1.0400242571255307,1.01647102139825,74.1687979539642,15.283087297408656,0.9093947943208724,0.06098153547133145,1,1
2021-04-26,2078.5,2057.5,2093.75,2045.5,10050.0,0.01,0.009961127308065976,0.031001984126984183,0.056685307574987354,0.15406968115967326,0.12817712401129916,0.1282687770849537,9.21542741102474,0.5777080062794349,1.0145033643621657,1.047983193277311,1.0181632653061226,76.23529411764706,18.656379834432755,0.9893656809169276,0.057974500841953436,1,1
2021-04-27,2090.0,2077.0,2096.25,2062.25,8330.0,0.0055000000000000005,0.005532836179937384,0.021505376344086002,0.04840732380235768,0.13661020471166616,0.12100036520819907,0.11916830935133679,9.027738775974909,-0.17114427860696513,1.0169962809773732,1.0515282378097355,1.0194541109387447,74.43037974683544,22.004043447948334,0.9852115835282859,0.04043062200956937,1,1
2021-04-28,2102.5,2091.25,2103.75,2071.25,10780.0,0.006,0.005980861244019087,0.022368101142718144,0.060262228946041274,0.13724027388899573,0.11460736537422032,0.11035696394756822,9.285540604539118,0.2941176470588236,1.0198177597616325,1.0553570980398719,1.021367679696342,79.94987468671678,25.373249487620797,0.9827766884979838,0.04875148632580251,1,1
2021-04-29,2116.5,2095.25,2121.25,2084.5,13690.0,0.0067,0.006658739595719387,0.042610837438423754,0.06974981046247164,0.07862514566119501,0.11102254452811665,0.11071962910804706,9.524493961633755,0.2699443413729128,1.0204918032786885,1.059159111570765,1.0231996749591017,83.01435406698565,28.84059610573877,0.9792428166184295,0.04464918497519488,1,1
2021-04-30,2152.0,2115.0,2154.75,2100.25,16000.0,0.0168,0.016772974249940953,0.06350382999752902,0.08906882591093113,0.07157983578050343,0.1179255941161811,0.11903271689780384,9.680406499268875,0.1687363038714389,1.0285051036083708,1.0727816550348954,1.0255305512035322,86.36363636363636,34.06041928397099,1.046096160000949,0.010920074349442421,1,1
2021-05-04,2198.5,2143.25,2200.25,2143.25,14310.0,0.0216,0.021607806691449793,0.07296242069302106,0.10672036244651406,0.10434129273650643,0.13477480234067676,0.13291876022537413,9.568783751310876,-0.10562499999999997,1.0401121924844552,1.0909677365996477,1.028371517657025,88.12949640287769,41.4712731212303,1.107216434455082,0.0018194223334091486,1,1
2021-05-05,2175.0,2187.25,2203.5,2167.75,11140.0,-0.010700000000000001,-0.01068910620877872,0.05685131195335269,0.08967935871743493,0.16230660586813914,0.15486929688452206,0.13916258417564037,9.318387276059317,-0.22152341020265554,1.0209213437940052,1.0754549050632911,1.0310239602169982,80.65068493150685,44.930246661860565,0.9482519320547509,-0.020689655172413834,0,0
2021-05-06,2218.0,2169.0,2223.75,2149.75,17420.0,0.019799999999999998,0.01977011494252867,0.06711570844358916,0.10019841269841279,0.17732363125446218,0.16474402353537812,0.14773891485264515,9.76543165404016,0.5637342908438061,1.0314565686762998,1.092296959001929,1.033974520575251,82.06349206349206,50.55844249384336,1.0098338385909889,-0.027276825969341778,0,0
2021-05-07,2236.5,2219.0,2243.75,2207.25,11470.0,0.0083,0.008340847610459834,0.07009569377990421,0.0931085043988269,0.17555897629743578,0.16088925329292952,0.1454220917568926,9.347577390281268,-0.34156142365097586,1.0300348707151787,1.096233967813087,1.0357872256001495,81.38385502471169,55.86761652182031,0.9877007140511401,-0.03577017661524706,0,0
2021-05-10,2212.5,2234.5,2258.75,2206.5,10450.0,-0.010700000000000001,-0.010731052984574108,0.05231866825208087,0.07585703865791382,0.2149534761869183,0.17666657444738113,0.15163370386797612,9.254452946594503,-0.08892763731473408,1.0116598079561043,1.0796545105566218,1.0366251806685782,74.60567823343848,57.476027893917944,0.8697689626226808,-0.01717514124293784,0,0
2021-05-11,2222.0,2215.25,2244.5,2210.0,8950.0,0.0043,0.004293785310734544,0.0498464446019371,0.0945812807881774,0.21575825318259342,0.15625360174195488,0.14920607202800787,9.099520536870939,-0.1435406698564593,1.0090499205293717,1.0789986969787713,1.0382258099947625,82.0,58.83901654278225,0.8598978442340308,-0.013501350135013523,0,0
2021-05-12,2187.0,2218.25,2234.75,2177.25,12940.0,-0.0158,-0.015751575157515796,0.016263940520446107,0.08080059303187537,0.24099028998399785,0.17883109213135828,0.16517090101067539,9.46815584482167,0.4458100558659217,0.9909058545584,1.057986906182475,1.0399495044897697,74.88584474885845,56.444332247245256,0.7313393357422459,0.01531778692272523,1,1
2021-05-13,2148.5,2182.25,2187.0,2122.75,11820.0,-0.0176,-0.01760402377686332,-0.022742779167614247,0.04856027330405066,0.224012073396043,0.2005807635806832,0.18259775758646424,9.377632889750377,-0.08655332302936636,0.9766226176174551,1.03615406873935,1.0401672323753794,64.56808199121522,50.85368976786731,0.5921110709208488,0.033279031882708976,1,1
2021-05-14,2155.0,2150.0,2167.75,2129.25,7120.0,0.003,0.0030253665347916847,-0.00919540229885063,0.0471331389698737,0.21981854681731916,0.20054233357000756,0.18258047334501748,8.870803443982124,-0.39763113367174285,0.9808511330017231,1.0362237538066998,1.0404311588395576,64.30678466076697,46.41254606159828,0.5955478389593305,0.03619489559164735,1,1
2021-05-17,2207.5,2158.5,2214.5,2151.5,11510.0,0.024399999999999998,0.024361948955916368,-0.004733994589720458,0.06206398845321148,0.2391272782350605,0.21824405676415512,0.19514367880878186,9.351058378915061,0.6165730337078652,1.0054330145097274,1.0575188029957043,1.0409742198781369,67.38544474393531,46.592133800998454,0.7536201187742645,0.04416761041902606,1,1
2021-05-18,2228.5,2208.25,2235.5,2205.5,16239.999999999998,0.0095,0.00951302378255936,-0.0035770176615247395,0.06626794258373203,0.24105965416827244,0.2192960668027319,0.1923782099274923,9.695294188174604,0.410947002606429,1.0155263329210338,1.0630803968960691,1.0413069947480327,68.19973718791064,47.87708563328124,0.7962517361479472,0.020417321067982996,1,1
2021-05-19,2174.5,2226.0,2235.25,2167.25,9620.0,-0.0242,-0.0242315458828809,-0.01717514124293784,0.03424494649227117,0.2763550032547078,0.25099750669473964,0.21593275334803827,9.171703488361265,-0.4076354679802955,0.9933759707629054,1.0339089158497832,1.0403277571300646,58.530805687203795,44.0305141556305,0.5866782100516931,0.04345826626810756,1,1
2021-05-20,2217.0,2198.75,2222.75,2182.0,8080.0,0.0195,0.019544722924810243,-0.0022502250225022724,0.04748405386250876,0.3053623284922457,0.2608720143063319,0.21557046823320253,8.997270906233448,-0.16008316008316004,1.0131218174696437,1.050395615849903,1.0400568098494472,61.154273029966696,43.90535970270594,0.7320259168092391,0.03743797925124048,1,1
2021-05-21,2188.0,2204.0,2230.75,2182.0,10390.0,-0.0131,-0.013080739738385194,0.0004572473708275293,0.016728624535315983,0.3000094795476658,0.2620499534671433,0.22250280441434533,9.248695325852646,0.2858910891089108,0.9998041647627129,1.0333102449467917,1.0379148038536616,54.054054054054056,40.99356792673689,0.5911800905187822,0.04501828153564902,1,1
2021-05-24,2141.5,2194.25,2196.75,2133.5,11940.0,-0.0213,-0.0212522851919561,-0.0032580870374679938,-0.025926768251080312,0.3097524677606715,0.2607902519427517,0.23615830933459012,9.387733135533384,0.14918190567853706,0.979003396029258,1.0087615996985255,1.0333405112951959,43.58108108108108,34.53568470708342,0.3384137226274701,0.0709782862479571,1,1
2021-05-25,2158.5,2138.0,2164.25,2115.75,12190.0,0.0079,0.007938360961942559,0.0016241299303945134,-0.0075862068965517615,0.31335130852515575,0.26038658701918205,0.2368894737110023,9.408453253565146,0.020938023450586263,0.9865495739610198,1.0138642074855762,1.0298342714441167,48.114285714285714,30.43864589160512,0.39481721234683786,0.06092193652999778,1,1
2021-05-26,2177.0,2157.75,2191.5,2154.25,7570.0,0.0086,0.008570766736159419,-0.013816534541336356,-0.018485121731289467,0.2745546751605217,0.2475742498742854,0.23637717667642302,8.932080438103307,-0.37899917965545526,0.9969905135754008,1.0195129566031844,1.025400294366888,45.0363196125908,28.357619516040813,0.4745501418920803,0.05512172714745067,1,1
2021-05-27,2202.5,2188.0,2208.25,2166.75,7170.0,0.011699999999999999,0.011713367018833187,-0.011667040610276014,-0.015202325061480004,0.27866832941503233,0.2504948212280977,0.2383989374384643,8.877800393882575,-0.05284015852047552,1.0103873124057934,1.0281406331447955,1.0209718238006693,45.95238095238095,28.438210025031367,0.6264231358832189,0.0581157775255392,1,1
2021-05-28,2193.5,2206.25,2213.25,2191.0,6940.0,-0.0040999999999999995,-0.004086265607264439,0.008737640836973926,-0.008587570621468976,0.23210230915738989,0.24704221892335804,0.2391534285043457,8.845201135339584,-0.03207810320781035,1.0050071998952743,1.021119111166284,1.0175279533947525,47.65432098765432,27.459319853727266,0.5333555717447969,0.0633690449054023,1,1
2021-06-01,2219.5,2203.0,2223.5,2180.75,11640.0,0.011899999999999999,0.011853202644175997,0.001127649977447076,-0.0011251125112511362,0.2103245478962292,0.2519212896669011,0.2410627406309836,9.36228862824824,0.6772334293948126,1.0167533784889238,1.030448407939026,1.01471295370007,49.70344009489917,28.453530461922583,0.7364629151100794,0.04122550123901769,1,1
2021-06-02,2219.5,2209.5,2224.0,2193.0,10250.0,0.0,0.0,0.014396709323583279,0.014860539551897478,0.18911196426477503,0.24143074290620173,0.23537546754916963,9.235130540783402,-0.11941580756013748,1.0146617032392893,1.0278556046958576,1.0132348028011076,54.204398447606735,28.90821363971736,0.7222815603723655,0.03581887812570406,1,1
2021-06-03,2173.0,2209.75,2214.5,2158.25,10000.0,-0.021,-0.020950664564091004,0.014709315900069964,0.011403304631137923,0.18754951101173764,0.24683033380194777,0.23590942867039308,9.210440366976517,-0.024390243902439046,0.9913644214162348,1.0041048310704135,1.0118117036644227,53.10519645120406,25.225606857194634,0.31669733972571135,0.07202024850437194,1,1
2021-06-04,2136.0,2162.25,2173.0,2131.5,10350.0,-0.017,-0.017027151403589458,-0.010423905489923557,-0.008816705336426867,0.21323843368450981,0.25793119385168,0.240355303970536,9.24483841238375,0.03499999999999992,0.9759154102212649,0.9853004489821021,1.009435433562071,47.76470588235294,19.101335368241962,0.06266544779796945,0.08614232209737827,1,1
2021-06-07,2153.0,2139.75,2165.25,2116.5,8510.0,0.008,0.007958801498127333,-0.011024345429490157,-0.024688561721404323,0.2120628039688586,0.23570096013249428,0.23094692452282042,9.049114723476961,-0.1777777777777778,0.9852258612799896,0.9915566472213693,1.0060309662704505,43.00385109114249,15.441563285806296,0.2255140922962427,0.06130980027868094,1,1
2021-06-08,2183.5,2160.75,2191.25,2146.0,9000.0,0.014199999999999999,0.014166279609846733,-0.008626560726447186,-0.020192954902400695,0.218885632320754,0.24075747335886638,0.23486400263622628,9.105090961257085,0.057579318448883754,1.0004254483571149,1.0036696263722793,1.0026189728329449,44.3609022556391,14.831296688048042,0.49334932919377417,0.06617815433936336,1,1
2021-06-09,2199.0,2183.75,2200.5,2181.25,7440.0,0.0070999999999999995,0.0070986947561255676,0.002507408251652521,0.011266957921361342,0.22284684375301608,0.21871935533490486,0.23370973198360173,8.914760527397261,-0.17333333333333334,1.0071645892629306,1.008931575566635,1.0015741683453427,53.39805825242718,15.420617197632964,0.6417580237363617,0.06252842201000464,1,1
2021-06-10,2174.5,2195.25,2197.75,2171.25,7790.0,-0.0111,-0.011141427921782632,-0.0202748366749268,-0.01917004961659896,0.21599989089957805,0.20638181745144865,0.236084642837457,8.960724500330858,0.04704301075268824,0.9988844046330019,0.9964029601118061,0.998890449024479,43.795620437956195,13.752186061864904,0.4286862348146198,0.10347206254311336,1,1
2021-06-11,2205.0,2183.0,2217.75,2180.0,6910.0,0.013999999999999999,0.014026212922510828,-0.006533002928587495,0.007769652650822634,0.23892906286039087,0.20842741235200649,0.23505132538134677,8.840869624091395,-0.1129653401797176,1.0138596952180767,1.0087993533924022,0.997884582286699,52.47093023255814,14.72133903456097,0.6803388154508949,0.07709750566893425,1,1
2021-06-14,2211.0,2206.0,2214.75,2184.75,6780.0,0.0027,0.0027210884353741083,0.017487344684767647,0.03245388746205924,0.1930495258761344,0.18288186999851797,0.2256905348687741,8.821879862683842,-0.01881331403762665,1.0140872755864239,1.0100887044580653,0.9987164774921276,61.449752883031294,15.7915148503821,0.7128342007271394,0.07304387155133418,1,1
2021-06-15,2175.5,2200.75,2205.75,2169.75,10590.0,-0.0161,-0.016056083220262307,0.01849250936329594,0.0078758397034977,0.18895956475957001,0.1964854314186882,0.23356828090601098,9.267759862843668,0.5619469026548674,0.9952292258928862,0.9935150933917889,0.99891374552287,52.63975155279504,13.618102571034797,0.3964069950929071,0.07492530452769475,1,1
2021-06-16,2202.5,2173.75,2205.75,2172.25,5940.0,0.0124,0.01241094001378995,0.022991175104505324,0.011713367018833187,0.1959406337173348,0.20013472992515857,0.22158073155022517,8.689632748355741,-0.43909348441926344,1.0043319653442773,1.0057843062637948,0.9996846900720864,53.85779122541603,13.913940784412262,0.6724978833904617,0.06401816118047665,1,1
2021-06-17,2130.0,2179.25,2191.0,2123.5,12920.0,-0.0329,-0.03291713961407494,-0.0245019464163041,-0.03291713961407494,0.2743976714221677,0.23918251370114052,0.24599658400332794,9.46660917372222,1.1750841750841752,0.9746690635724793,0.9733434881949733,0.9980034816668479,40.39735099337748,8.203683649202048,0.024376913367274808,0.1105633802816901,1,1
2021-06-18,2157.5,2131.5,2164.75,2121.5,13990.0,0.0129,0.012910798122065748,-0.01887221464301958,-0.016412126738089783,0.2857268712752937,0.2474253874639503,0.23726260867208956,9.546169544733285,0.08281733746130038,0.9899383848977451,0.9868195366636429,0.9977478973659766,45.45454545454546,5.830078387721187,0.2930112824703245,0.10405561993047518,1,1
2021-06-21,2156.5,2154.25,2174.25,2137.5,8460.0,-0.0005,-0.0004634994206257348,-0.008277765003449122,-0.028384771344897475,0.27939849040817066,0.24037500080102475,0.22607185400044738,9.0432226489245,-0.39528234453180844,0.9906483790523691,0.9875666888008608,0.9969055742187883,41.509433962264154,3.824204426302458,0.3013799170771984,0.11384187340598184,1,1
2021-06-22,2174.5,2167.5,2178.0,2158.5,8240.0,0.0083,0.008346858335265495,-0.013832199546485291,-0.0202748366749268,0.268386192699343,0.24426291684754808,0.2240833266791213,9.016876974763383,-0.026004728132387744,1.0009205983889529,0.9963877412309173,0.9960113506312999,44.21593830334191,3.6449675115009086,0.4466801301590261,0.10278224879282605,1,1
2021-06-23,2192.0,2170.5,2194.5,2165.0,7680.0,0.008,0.00804782708668661,-0.008593396653098107,0.008743672342383713,0.2740513378914511,0.22970867303440776,0.2120621091958908,8.946505025998682,-0.06796116504854366,1.0102380090199823,1.0048669422308474,0.9970900946428708,52.638888888888886,4.859013033960764,0.5988041525357768,0.08576642335766427,1,1
2021-06-24,2220.5,2190.0,2227.75,2180.75,12120.0,0.013000000000000001,0.013001824817518326,0.020684900022983177,0.03955992509363293,0.26268322619933676,0.21985441063172056,0.21479825986413228,9.402694764470512,0.578125,1.0203498867627268,1.0174112256586483,0.9993454426444116,62.01991465149359,8.028319206441665,0.8354249812273972,0.06372438639945965,1,1
2021-06-25,2220.0,2221.25,2233.5,2210.25,10050.0,-0.0002,-0.00022517451024539614,0.007945516458569779,0.03111936832326978,0.25458348747102033,0.21891868041694115,0.21327339119365535,9.21542741102474,-0.17079207920792083,1.018949577076913,1.0160725591755473,1.0004457032139669,60.0,10.38001698594735,0.8125539644695163,0.024549549549549576,1,1
2021-06-28,2233.0,2229.5,2246.25,2192.75,17520.0,0.0059,0.005855855855855907,0.0483568075117371,0.02267002518891692,0.08761112617426338,0.212929719592172,0.21051983973934638,9.771155440487087,0.7432835820895523,1.0180409013937735,1.0208077775830673,1.0008729318209773,57.795275590551185,13.141261491417936,0.8837932848777869,0.01141961486789067,1,1
2021-06-29,2305.0,2237.75,2322.0,2235.5,21400.0,0.0322,0.032243618450515044,0.06836616454229438,0.048203728967712633,0.17630594328693358,0.24898905041766953,0.23609068740241512,9.97119292889014,0.22146118721461194,1.0408670128697224,1.052159094367183,1.0028442313293657,64.1711229946524,20.898461471585506,1.2198386417612779,-0.007158351409978336,0,0
2021-06-30,2274.0,2290.5,2343.5,2266.0,19780.0,-0.0134,-0.013449023861171416,0.054486436355205115,0.04575764543573224,0.2192490761949105,0.2517930717998708,0.239662441914454,9.892477160016076,-0.07570093457943927,1.019143351046802,1.037290455011974,1.0053923724809801,63.07490144546649,24.264946225601307,0.9627803754955041,0.019569041336851445,1,1
2021-07-01,2269.0,2269.75,2274.75,2230.75,16700.0,-0.0022,-0.0021987686895338365,0.04345826626810756,0.029024943310657525,0.22691588832979037,0.24779539593360703,0.23992952428684755,9.723223876851618,-0.1557128412537917,1.0107869029815126,1.0335246424341804,1.006032093077734,59.014084507042256,26.227121503242415,0.8815576424778808,0.016747465843984122,1,1
2021-07-02,2300.0,2268.5,2307.5,2242.75,16430.0,0.0137,0.01366240634640814,0.0492700729927007,0.040253279059249136,0.23131253959674128,0.25257814206691276,0.2294710105538116,9.706925073451831,-0.016167664670658666,1.0176026293335019,1.0463264841913718,1.0076578967321252,61.71052631578947,29.938488213607798,0.9764238455148193,0.014782608695652177,1,1
2021-07-05,2286.5,2302.25,2328.0,2281.25,8610.0,-0.0059,-0.005869565217391348,0.029723035352398064,0.05102275339002538,0.2383009267958241,0.24116632640584298,0.22039443405779446,9.060795734696166,-0.47595861229458303,1.0074272226593233,1.038633627836199,1.0097565565552575,65.50279329608938,31.42815172499286,0.8631777102271322,0.010933741526350405,1,1
2021-07-06,2293.5,2283.25,2319.25,2281.25,11800.0,0.0031,0.0030614476273780333,0.03310810810810816,0.04131668558456303,0.2364954273951971,0.237835411684853,0.2197531300276031,9.375939552625749,0.37049941927990715,1.0058580289455548,1.0394211086856355,1.010383744255382,63.46153846153846,32.7955159948815,0.8530570062930601,0.012862437322868958,1,1
2021-07-07,2290.0,2291.5,2315.0,2284.75,11810.0,-0.0015,-0.001526051885764157,0.025526197939991002,0.07511737089201875,0.23918833178361829,0.17490221039549325,0.21650129957792227,9.376786579611847,0.0008474576271186862,1.0007491571981522,1.0357772852684426,1.0135497502633057,79.73977695167287,33.21387243431127,0.803036285641845,-0.00021834061135372895,0,0
2021-07-08,2297.0,2286.5,2309.5,2265.0,14510.0,0.0031,0.0030567685589519833,-0.003470715835141025,0.0646581691772885,0.1338156474479104,0.1714910209765679,0.21583813086469794,9.582662261491093,0.22861981371718887,1.004309806371018,1.0370671362138244,1.0162180814354727,78.06841046277665,33.72154346310299,0.8011665297039026,-0.016107966913365246,0,0
2021-07-09,2330.5,2299.5,2339.75,2284.0,14620.0,0.0146,0.014584240313452401,0.024846086191732564,0.08068629724089971,0.12500257410722815,0.1748331995809011,0.21424376258916247,9.590214130417438,0.007580978635423952,1.015373603460617,1.0501689823507323,1.0198648141194142,80.96085409252669,36.40736499890181,0.8947465771013744,-0.03411285131945929,0,0
2021-07-12,2332.5,2334.5,2339.75,2308.5,12890.0,0.0009,0.0008581849388542562,0.027985896870868165,0.07266038169694178,0.12036937752142608,0.17544966017706468,0.21083699732966957,9.464284672443105,-0.11833105335157323,1.0122442653440793,1.0488802949905567,1.0228148728688344,79.81132075471697,38.256286544055456,0.8574259229583012,-0.020364415862808127,0,0
2021-07-13,2311.0,2329.5,2330.75,2294.25,13640.0,-0.0092,-0.009217577706323699,0.0047826086956521685,0.05428832116788329,0.12131289920384701,0.18482675775985027,0.21488534244627358,9.52083524249312,0.05818463925523654,1.0022303450839478,1.037788804813975,1.0252310278131505,72.11895910780669,37.55380300770503,0.7466953271613329,-0.007572479446127267,0,0
2021-07-14,2299.0,2310.0,2312.75,2288.25,9600.0,-0.0052,-0.005192557334487202,0.005466870763175091,0.03535239810853419,0.1198304297566938,0.1834691290071927,0.2063859837404151,9.169622538697624,-0.29618768328445744,0.99625468164794,1.0311729087239292,1.0265274084516067,65.54455445544554,35.618195644380194,0.6800921133411109,0.008264462809917328,1,1
2021-07-15,2329.5,2295.5,2329.75,2293.25,11010.0,0.013300000000000001,0.013266637668551517,0.015696533682145297,0.04932432432432443,0.14157748377470827,0.18838243058434076,0.20691320543232194,9.306650052113591,0.1468750000000001,1.0072269063281758,1.0424140271324478,1.0276310728642493,69.38053097345133,36.1288372184772,0.7840603093979988,-0.01588323674608283,0,0
2021-07-16,2320.0,2321.0,2333.25,2313.5,8590.0,-0.0040999999999999995,-0.004078128353724009,0.013100436681222627,0.03896103896103886,0.1452259734344811,0.19068472921579838,0.1639191135910488,9.058470422638056,-0.21980018165304271,1.001263910724745,1.0353214182118393,1.0275915708006211,65.59139784946237,35.35935312731726,0.7253088281897739,-0.010560344827586166,0,0
2021-07-19,2285.0,2315.0,2324.0,2273.25,13870.0,-0.0151,-0.015086206896551713,-0.0052242054854158,-0.008676789587852451,0.1765582195803569,0.1505177795451585,0.1734317869006483,9.53755560876329,0.6146682188591386,0.9868887860558384,1.0177040418661618,1.0249415432579891,45.86776859504132,31.561502592906436,0.5371574768812657,-0.01269146608315097,0,0
2021-07-20,2328.0,2289.0,2332.25,2280.5,17420.0,0.018799999999999997,0.018818380743982566,-0.0010727311735678757,0.0237467018469657,0.19300923645196022,0.15905580251968135,0.1815409793469453,9.76543165404016,0.2559480894015862,1.0056155507559394,1.0346360107848656,1.024461709071054,60.62992125984252,31.656502856910265,0.7602478062530241,-0.023410652920962227,0,0
2021-07-21,2336.5,2328.5,2349.75,2305.5,16820.0,0.0037,0.0036512027491408805,0.0017148981779206984,0.029748788012340155,0.1943087721843744,0.1581929698232119,0.1807576356630796,9.730383384791782,-0.03444316877152698,1.0090381886606208,1.036302752090125,1.0245175842940464,63.10679611650486,32.04823807392859,0.806117309876002,-0.010271774020971569,0,0
2021-07-22,2399.5,2338.5,2403.25,2338.5,15880.0,0.027000000000000003,0.026963406805050383,0.03829511034184341,0.043260869565217464,0.23649425290132692,0.18479771115122154,0.19783847903207488,9.672878705110646,-0.05588585017835912,1.0306181929743825,1.0607165749397696,1.0242626325777309,67.18480138169258,37.01557206932512,1.1303318593552292,-0.03709106063763279,0,0
2021-07-23,2375.0,2387.25,2398.5,2364.5,11460.0,-0.0102,-0.010210460512606767,0.03305785123966931,0.038705445003280214,0.24765595680099434,0.18973025906127292,0.20141511800367368,9.346705246496699,-0.27833753148614615,1.0153601856658625,1.0472627857925023,1.0244907258187284,64.72545757071548,38.531112127606775,0.9425193305473328,-0.04210526315789476,0,0
2021-07-26,2372.5,2372.5,2388.0,2347.5,12840.0,-0.0011,-0.001052631578947416,0.018458896758961174,0.034445171135818686,0.24183435259014754,0.19041448398906777,0.20161707170981902,9.460398455831275,0.12041884816753923,1.0116346358846282,1.0436829139538977,1.024546894245997,63.34459459459459,39.07996986982016,0.9016532457904683,-0.0415173867228662,0,0
2021-07-27,2338.5,2366.5,2370.25,2330.25,13630.0,-0.0143,-0.014330874604847166,0.00797413793103452,0.021179039301310043,0.2609954998572332,0.20298236501370492,0.21026469757600366,9.520101889570842,0.06152647975077885,0.9960146029814422,1.0262730584122062,1.0236242275549463,57.42725880551302,36.35238012517493,0.6439777065949296,-0.02565747273893526,0,0
2021-07-28,2343.5,2336.5,2358.25,2325.75,9820.0,0.0021,0.0021381227282446513,0.025601750547046054,0.020243796255986046,0.23486703053055621,0.20288964369204507,0.17988293265689362,9.192278229157774,-0.27953044754218637,0.9946039348834389,1.0263503649635035,1.0229718456725756,57.16486902927581,34.199967873670175,0.6604450327345229,-0.019202048218476597,0,0
2021-07-29,2365.5,2351.0,2378.5,2339.0,9460.0,0.009399999999999999,0.009387668017921902,0.016108247422680355,0.015018236429950704,0.21539859800480218,0.19752430218478703,0.17431925769749293,9.154933364704444,-0.03665987780040736,1.0016635412255763,1.0324359319420096,1.0205581021243961,55.59105431309904,33.878847529913855,0.7971775485242891,-0.02008032128514059,0,0
2021-07-30,2382.0,2373.75,2394.5,2351.0,13850.0,0.006999999999999999,0.0069752694990488084,0.019473571581425153,0.021221864951768588,0.21714928605804065,0.1990560541170791,0.17447330262728755,9.536112711175099,0.4640591966173362,1.005881820649715,1.0362529002320187,1.0187738233344381,57.55725190839695,34.5574131007038,0.873959223613378,-0.03736356003358521,0,0
2021-08-02,2402.0,2383.25,2412.25,2378.5,15360.0,0.0084,0.008396305625524736,0.0010418837257761826,0.03937689311986148,0.14811647779061157,0.1945216142966251,0.17110147497953201,9.639587108749145,0.10902527075812274,1.0141745581760058,1.0412467217200945,1.0179775141736258,63.95705521472393,36.290677714847334,0.9535621380463047,-0.05391340549542045,0,0
2021-08-03,2398.0,2398.25,2403.5,2366.0,14340.0,-0.0017000000000000001,-0.0016652789342215257,0.00968421052631574,0.04306220095693769,0.13078433443862492,0.1922635429502052,0.16923645357945058,9.570877846729212,-0.06640625,1.011083002047946,1.036166443417016,1.0177560632341776,65.56603773584905,36.91599127048903,0.8792195925117807,-0.0679733110925771,0,0
2021-08-04,2380.0,2391.5,2402.0,2370.75,10400.0,-0.0075,-0.007506255212677226,0.0031612223393044925,0.021678471775059105,0.14119936267490854,0.19113288227705302,0.17258223767723585,9.249657234353133,-0.27475592747559274,1.0030404286703394,1.0256115603947311,1.0165620466265424,58.265139116202946,35.549316805302624,0.7348904658628157,-0.07205882352941173,0,0
2021-08-05,2362.0,2374.75,2389.25,2343.5,9580.0,-0.0076,-0.007563025210084007,0.010049176822749528,0.018103448275861966,0.11473179466800096,0.1936944459716596,0.17530283402048386,9.167537249650874,-0.0788461538461539,0.9940479769133649,1.0157901904427418,1.0157901904427418,56.68789808917197,32.637542602602934,0.5914706462180788,-0.07662997459779852,0,0
2021-08-06,2274.5,2346.25,2359.75,2270.0,19620.0,-0.037000000000000005,-0.037044877222692674,-0.029443140601664197,-0.004595185995623585,0.2572462008803802,0.24533705421979607,0.2202020321291369,9.884355700220102,1.048016701461378,0.9612110601304034,0.977396759915775,1.0146749172790168,48.567530695770806,23.004243240344294,0.02275875418711169,-0.05209936249725211,0,0
2021-08-09,2258.5,2277.25,2292.5,2251.25,14600.0,-0.006999999999999999,-0.007034513079797744,-0.045233565842316636,-0.02985395189003437,0.2391976920354207,0.23052441442629207,0.21435211646399424,9.588845298501564,-0.25586136595310904,0.9606550404083368,0.9701668850275995,1.0121719600015955,39.76435935198821,13.918276580565362,0.004139540994776568,-0.055125083019703314,0,0
2021-08-10,2288.5,2264.75,2302.5,2263.75,10140.0,0.013300000000000001,0.013283152534868226,-0.039252728799328285,-0.020543548041943027,0.25648319150874604,0.23863284365419885,0.22024609593896896,9.224341891611996,-0.30547945205479454,0.9789776025911326,0.9832860702930308,1.0109380178985745,43.35180055401662,9.034191287797057,0.1951090208944338,-0.07646930303692379,0,0
2021-08-11,2318.5,2298.5,2323.0,2283.75,7310.0,0.0131,0.013109023377758433,-0.03476269775187346,-0.03375703271514896,0.26855197997885955,0.21255318344547028,0.22307438467275814,8.897135342293316,-0.27909270216962523,0.9968980343980344,0.995541496997846,1.0078097923488776,37.65243902439024,7.497837382776197,0.3582534844654164,-0.08540004313133487,0,0
2021-08-12,2307.0,2314.75,2341.75,2300.5,8280.0,-0.005,-0.0049601035152038175,-0.03794829024186819,-0.028631578947368452,0.2676021377443017,0.20994810902048663,0.22300438349224352,9.0217190130337,0.13269493844049252,0.99752918648465,0.990065017273566,1.0051774717139608,39.20634920634921,5.291316945705148,0.30096574364374923,-0.06653662765496315,0,0
2021-08-13,2334.0,2310.0,2339.5,2304.5,7820.0,0.011699999999999999,0.011703511053315907,-0.019327731092437017,-0.016227608008429928,0.28544268534623757,0.21787842595790316,0.2219187412487024,8.964567702601611,-0.05555555555555558,1.0120795391191229,1.001165309521937,1.0035092055367012,44.329896907216494,5.656107863149373,0.45131659280586417,-0.07347900599828616,0,0
2021-08-16,2311.5,2327.25,2329.25,2298.75,8360.0,-0.0096,-0.009640102827763508,-0.02138018628281113,-0.011545862732520895,0.28721266222392944,0.21320691977459838,0.22409091901348635,9.031333316150057,0.06905370843989767,1.00546838589405,0.9911596761168323,1.0023236606026202,45.88414634146341,4.082583848461127,0.3075470659094327,-0.061648280337443184,0,0
2021-08-17,2323.0,2315.75,2328.5,2292.0,19540.0,0.005,0.004975124378109541,0.021323367773137036,-0.008747599743972656,0.160244426986945,0.2142874357682527,0.2178522918325013,9.880270101359944,1.3373205741626792,1.007434483613159,0.9956709956709957,1.0012735967474298,46.93572496263079,3.7206196335519053,0.3779424748678688,-0.07877744296168743,0,0
2021-08-18,2289.5,2288.5,2310.75,2281.5,9070.0,-0.0144,-0.014421007318123125,0.013725924286030589,-0.032128514056224855,0.18413899831046845,0.21669609081948438,0.2137490667777629,9.112837790614945,-0.5358239508700102,0.9910029680930003,0.9813194270814729,0.9989539695579629,39.01734104046242,0.7222645405768162,0.2045962783416524,-0.0860449879886438,0,0
2021-08-19,2260.0,2296.0,2311.75,2241.75,16890.0,-0.0129,-0.012884909368857778,-0.012453572208870445,-0.05121746431570107,0.18377345358403607,0.21670175210511428,0.21714945509967362,9.734536214680345,0.8621830209481809,0.9799609750054201,0.969187554945644,0.9957452543811015,33.00835654596101,-3.988381353241948,0.08819338837455803,-0.0528761061946903,0,0
2021-08-20,2251.0,2254.25,2280.25,2250.25,7930.0,-0.004,-0.0039823008849557695,-0.029113651067500523,-0.06286427976686093,0.15160167658292473,0.209598218574868,0.1909272689296373,8.97853441008332,-0.5304914150384843,0.980156755411794,0.9664262407693629,0.9922474914746942,28.304597701149433,-8.351555414174527,0.095550935463575,-0.045757441137272314,0,0
2021-08-23,2285.0,2256.75,2297.75,2256.75,9210.0,0.0151,0.015104398045313161,-0.009536194191590797,-0.04712260216847375,0.19012945623674316,0.2255343130234183,0.1988042172088168,9.128153700988236,0.16141235813366972,0.9963249034508533,0.9816908568850827,0.9894547764471935,35.05291005291005,-8.962571497079352,0.2958963862909367,-0.058205689277899375,0,0
2021-08-24,2293.5,2287.0,2299.25,2270.25,7400.0,0.0037,0.0037199124726476906,-0.01735218508997427,-0.03634453781512603,0.17239196536828993,0.22654822466889857,0.19970433656164346,8.909370405197466,-0.19652551574375676,1.0025603397133667,0.9855896635200756,0.9870476818020902,38.26322930800543,-8.66108755636833,0.35370469243510955,-0.06213211249182471,0,0
2021-08-25,2318.0,2290.0,2329.25,2284.0,10710.0,0.010700000000000001,0.010682363200348766,0.0028120268224096634,-0.018628281117696877,0.1797437146003258,0.23187698005087862,0.19830347985126853,9.27902652976463,0.4472972972972973,1.0128589263420724,0.9958470571387656,0.9854288987541172,44.13333333333333,-6.371764382804486,0.4889127936807525,-0.06233822260569455,0,0
2021-08-26,2292.5,2313.5,2324.25,2268.25,10040.0,-0.011000000000000001,-0.011000862812769574,-0.013129573826947905,0.007913827214772517,0.1882335682034816,0.17270188121879695,0.20142982150640873,9.214431989879436,-0.06255835667600373,1.0036273804684324,0.9854140100010029,0.9865039678559658,52.87539936102236,-6.53971045043636,0.3711631550653263,-0.031188658669574654,0,0
2021-08-27,2295.5,2290.75,2310.75,2283.75,7060.0,0.0013,0.001308615049073092,0.0026206595326490056,0.0163825547930041,0.16642558136010804,0.16912594326786715,0.19811239300913983,8.862341963516347,-0.296812749003984,1.0045637835641275,0.9870500297412156,0.9879868012478001,56.166666666666664,-6.357449273220027,0.40556536178159946,-0.02962317577869744,0,0
2021-08-31,2256.0,2291.0,2295.25,2249.5,14850.0,-0.0172,-0.01720758004791989,-0.001769911504424737,-0.014201441992571562,0.1822130513020082,0.17626969945522777,0.2029531607044636,9.605822482030945,1.1033994334277621,0.9875246224556796,0.9704686727034176,0.9873990247379789,44.74959612277868,-9.293199641233059,0.1968840993242322,-0.019725177304964592,0,0
2021-09-01,2273.5,2259.25,2285.25,2256.5,12420.0,0.0078000000000000005,0.00775709219858145,0.009995557529986598,-0.019409100711667016,0.18555230509079843,0.16931213656661076,0.20253214666544508,9.427143867544194,-0.1636363636363637,0.9937866866491819,0.9787615699217909,0.9867874824465196,42.42424242424243,-10.09137215587316,0.3169816500404829,-0.012315812623707956,0,0
2021-09-02,2312.5,2275.0,2314.5,2271.5,13920.0,0.0172,0.017154167583021795,0.012035010940919078,0.0023840485478976436,0.19216314588039884,0.18539387032886023,0.2137347217041366,9.541153770388567,0.12077294685990347,1.0091013932612285,0.9958944028940153,0.9872966427207681,50.847457627118644,-7.490608488928501,0.6503608343389486,-0.00540540540540535,0,0
2021-09-03,2310.5,2314.5,2314.75,2286.25,7860.0,-0.0009,-0.0008648648648648116,0.007412252016568477,-0.010068551842330797,0.19218156192265184,0.17783495396201304,0.2126736912195774,8.969669103793757,-0.43534482758620685,1.007161316436778,0.9963059851664463,0.9878358288638286,46.07679465776294,-5.527154237175637,0.6828512806090409,0.01168578229820394,1,1
2021-09-06,2275.0,2270.0,2275.0,2270.0,7760.0,-0.0154,-0.01536463968837909,-0.0185504745470233,-0.015790612156608264,0.2010781090429928,0.18495186759434804,0.2172258081663867,8.95686647085414,-0.012722646310432517,0.9943492241890668,0.9824101796407186,0.9881319092584063,44.160000000000004,-6.757756698199046,0.31879791355838283,0.0452747252747252,1,1
2021-09-07,2274.0,2285.0,2285.0,2273.5,9640.0,-0.0004,-0.0004395604395603936,-0.008069792802617215,-0.02109341368919504,0.1923469673782175,0.18293510640761643,0.17509539110033234,9.17378011666438,0.24226804123711343,0.9950615740451335,0.9833726134619127,0.9880213626240568,41.88741721854304,-7.72466453292418,0.29283519893770205,0.04485488126649084,1,1
2021-09-08,2278.5,2286.0,2286.0,2278.5,10670.0,0.002,0.0019788918205805306,-0.007405793944674333,-0.004804542476523288,0.19274022609489466,0.17339457619672297,0.17327638913323457,9.275285060616564,0.10684647302904571,0.9980913642052567,0.9861715250275921,0.9885365559584869,47.985347985347985,-8.035208682262692,0.3474976559865185,0.06100504718016242,1,1
2021-09-09,2298.5,2280.0,2298.5,2278.0,12260.0,0.0088,0.008777704630239302,0.018838652482269458,0.017035398230088594,0.1614797911840936,0.16713327075557272,0.16974770639601006,9.414178772232386,0.14901593252108714,1.0041816195974411,0.9954741332640379,0.9903697722836293,57.30550284629982,-6.591501577815052,0.571307657190752,0.04415923428322821,1,1
2021-09-10,2318.0,2325.0,2325.0,2318.0,11800.0,0.0085,0.00848379377855113,0.019573345062678715,0.029764549089293713,0.1624886846072406,0.16792188660652782,0.166053057325653,9.375939552625749,-0.037520391517128826,1.0098960602477127,1.0046084280781844,0.9931234740902327,62.22627737226278,-3.8297196403950693,0.7716295402517241,0.045297670405521906,1,1
2021-09-13,2293.0,2285.0,2293.0,2280.0,9410.0,-0.0108,-0.010785159620362417,-0.008432432432432413,0.0035010940919038003,0.14442512621940548,0.16510385289499838,0.1694551343526153,9.149634496858788,-0.2025423728813559,1.0002181025081789,0.9950529421975352,0.9946499863614947,51.50943396226415,-3.616588838822281,0.5298615148340818,0.0634539904055822,1,1
2021-09-14,2272.5,2267.0,2272.5,2265.0,8260.0,-0.0089,-0.008940252943741789,-0.0164466565678425,-0.00915631131458472,0.15164746106031107,0.1687179180688802,0.16618687737586743,9.019300924562506,-0.12221041445270986,0.9936287829101471,0.9880076808811274,0.9958645390694952,46.20938628158845,-5.043718964783238,0.31046585915379915,0.06600660066006592,1,1
2021-09-15,2235.0,2225.0,2235.0,2225.0,22920.0,-0.0165,-0.01650165016501648,-0.01758241758241763,-0.0358067299396031,0.15584832471785948,0.17283560969056122,0.17216047839519794,10.039808799894367,1.774818401937046,0.9796800150286484,0.974004750179766,0.9956389240811703,35.689655172413794,-9.095815570994546,-0.041946149295919576,0.06689038031319905,1,1
2021-09-16,2208.5,2248.0,2248.0,2208.5,10770.0,-0.011899999999999999,-0.011856823266219285,-0.028803869832893625,-0.036641221374045796,0.16436387154332638,0.17368335930340909,0.17399218126465982,9.28461261635077,-0.5301047120418848,0.9720510563380281,0.9648599056329004,0.9955042481838079,35.56701030927836,-14.280839230322272,-0.1343947983899949,0.09667194928684619,1,1
2021-09-17,2181.0,2217.0,2217.0,2181.0,12610.0,-0.0125,-0.012451890423364254,-0.0427913100724161,-0.04988020039207142,0.16467785688645664,0.17744078262181193,0.17239682320388316,9.442324727955874,0.17084493964716807,0.9658684718312087,0.9553637916684918,0.994552667972441,31.854199683042793,-20.374167291273807,-0.1661453583589816,0.09307657038055939,1,1
2021-09-20,2156.0,2167.0,2167.0,2156.0,12800.0,-0.0115,-0.011462631820265967,-0.06199695453556664,-0.04432624113475181,0.12818962016579422,0.1704298024314265,0.17135891463637967,9.45727857185611,0.015067406819984086,0.9634831460674157,0.9460497158779263,0.9931422052135539,33.388704318936874,-26.91026001946875,-0.1487211607519184,0.10343228200371057,1,1
2021-09-21,2134.0,2170.0,2170.0,2134.0,11050.0,-0.0102,-0.010204081632653073,-0.07937877480586708,-0.06135913789311631,0.037999450334853926,0.1650377185107071,0.17352277718800518,9.310276200588783,-0.13671875,0.9649870801033591,0.9381044487427466,0.9905737396066214,27.16857610474632,-33.479446515696054,-0.1026705217139089,0.1073102155576382,1,1
2021-09-22,2113.5,2123.0,2123.0,2113.5,14460.0,-0.0096,-0.00960637300843481,-0.07828172699520275,-0.08605405405405409,0.03986033335442911,0.13304359194662088,0.16274714964992062,9.579210649614792,0.3085972850678733,0.9669291853207412,0.9314812910429123,0.9868557744977261,15.331010452961678,-39.88004053392933,-0.06160605956394093,0.1234918381831085,1,1
2021-09-23,2120.5,2129.0,2129.0,2120.5,26920.0,0.0033,0.0033120416370948647,-0.06688668866886693,-0.08223328283921227,0.09851188802929232,0.1375019174230933,0.16252013856425498,10.200661930171254,0.8616874135546335,0.9798659933326732,0.9372928054691989,0.983735952868572,17.465753424657535,-43.88187299227184,0.041005160810199254,0.10728601744871491,1,1
2021-09-24,2153.5,2142.0,2153.5,2140.0,12110.0,0.015600000000000001,0.015562367366187324,-0.036465324384787445,-0.05340659340659337,0.1695055014993568,0.15806927090285058,0.16871429510085056,9.401869409521051,-0.5501485884101041,1.0004977765978629,0.9540369919149407,0.9821211018464314,29.01554404145078,-43.88465485573397,0.19715103617203428,0.09194334803807758,1,1
2021-09-27,2162.5,2162.0,2164.0,2162.0,9560.0,0.0042,0.00417924309263995,-0.02082861670817293,-0.0490325417766051,0.17053423304653426,0.16119423550237244,0.16834325956274726,9.165447603085447,-0.21056977704376545,1.0077558085347182,0.9604565777396145,0.9810774456349325,31.260504201680675,-42.66877563359458,0.25524006918862113,0.09364161849710984,1,1
2021-09-28,2169.0,2184.0,2184.0,2169.0,11200.0,0.003,0.0030057803468208633,-0.005502063273727598,-0.04805793285055959,0.15921692566567358,0.16193254901057286,0.16895686028411383,9.32375833901174,0.17154811715481166,1.0115930441734957,0.9653801360463478,0.9796704071111185,31.7195325542571,-40.711391335523786,0.29693448351548335,0.07860765329644992,1,1
2021-09-29,2140.0,2158.0,2160.0,2140.0,7540.0,-0.0134,-0.013370216689718717,-0.007421150278293154,-0.06895801609745489,0.16491944234524486,0.15665489696053525,0.16527121886249146,8.928110078202646,-0.32678571428571423,0.9991329287000601,0.9550657909417514,0.9772847781342213,24.311183144246357,-41.02727097281377,0.22506882532548583,0.09275700934579434,1,1
2021-09-30,2092.5,2087.0,2092.5,2078.0,16970.0,-0.0222,-0.02219626168224298,-0.019447047797563233,-0.09728213977566869,0.20403404017905002,0.15934656047284257,0.17426912944310444,9.739261284011265,1.250663129973475,0.9796675918804133,0.9366117854185472,0.9729476548204308,16.493313521545318,-44.59638156074334,0.11037253501396435,0.13070489844683397,1,1
2021-10-01,2140.5,2127.0,2140.5,2126.0,9940.0,0.0229,0.022939068100358506,0.012775017743080097,-0.06650675970344522,0.2469086582895933,0.20303662107741433,0.1839522414816632,9.204422898212146,-0.4142604596346494,1.000333811796909,0.9598080832237236,0.969801079585248,28.789986091794162,-43.05541257338655,0.29195639178770566,0.1027797243634665,1,1
2021-10-04,2148.0,2157.0,2157.0,2148.0,8160.0,0.0034999999999999996,0.0035038542396637062,0.012968639471822696,-0.05478547854785476,0.24695679247772778,0.20500564104599675,0.18539053041653927,9.007121989469242,-0.17907444668008043,1.001999200319872,0.9646562177212917,0.9673026708325583,32.034632034632025,-40.75915011806819,0.33683284907136596,0.08310055865921795,1,1
2021-10-05,2152.0,2155.0,2155.0,2152.0,4750.0,0.0019,0.0018621973929235924,-0.0006965405154399917,-0.03713646532438475,0.22819959832992892,0.19787253997239387,0.1809351579271995,8.46611040118692,-0.41789215686274506,1.0039654770235595,0.9683806323873522,0.966564597279483,36.74121405750799,-38.1765040334958,0.36866467415253296,0.07202602230483279,1,1
2021-10-06,2151.0,2154.0,2154.0,2146.0,5940.0,-0.0005,-0.0004646840148698761,-0.0053179190751445615,-0.026035770885216247,0.22631151193851481,0.19342516055358175,0.18093143149488036,8.689632748355741,0.2505263157894737,1.0042686587073968,0.9700039834349233,0.9667828770278205,39.99999999999999,-35.797775573691524,0.38313356121901754,0.04788470478847051,1,1
2021-10-07,2173.5,2160.0,2173.5,2153.0,7590.0,0.0105,0.010460251046025215,0.0020746887966804906,-0.00343878954607979,0.235630600837833,0.19342418314359358,0.1859417061000899,8.934718614016768,0.2777777777777777,1.0144690781796966,0.9822840873141412,0.9686452879158624,48.67256637168141,-31.73127577670857,0.49077849499474274,0.01909362778927992,1,1
2021-10-08,2221.0,2205.0,2221.0,2196.0,10050.0,0.0219,0.021854152288934836,0.037850467289719525,0.030148423005565972,0.24387055484763617,0.2069200954887106,0.20059083077922055,9.21542741102474,0.3241106719367588,1.0310707298471333,1.0048333949132477,0.9717902950773053,60.65573770491803,-24.394487892728193,0.7431366949396696,-0.002476361999099508,0,0
2021-10-11,2227.5,2237.0,2237.0,2227.5,10210.0,0.0029,0.0029266096352993376,0.06451612903225801,0.04381443298969079,0.15462786476014168,0.1990063643020511,0.19799312428632676,9.231220849555537,0.015920398009950265,1.0249120846616493,1.008808677339734,0.9758125301251589,66.14853195164076,-17.849773876587278,0.8324612369983194,0.014365881032547767,1,1
2021-10-12,2211.5,2237.0,2237.0,2211.5,12260.0,-0.0072,-0.0071829405162738835,0.03316982013548242,0.046368582919328105,0.14606157118539687,0.19624375925219212,0.19632430041982296,9.414178772232386,0.20078354554358468,1.0128234485917105,1.002235750864843,0.9796408555415762,67.19298245614036,-13.795085985006153,0.798969203806155,0.018765543748586966,1,1
2021-10-13,2245.5,2245.0,2245.5,2244.0,13100.0,0.0154,0.01537418042052896,0.045391061452513926,0.05894836123555769,0.1587620769692038,0.20280473926284465,0.2029041692636964,9.48044384215367,0.068515497553018,1.0218762189572226,1.0180749293475797,0.9841034753002593,70.03205128205128,-7.7488765430543936,0.9988179967527737,0.008016032064128265,1,1
2021-10-14,2300.0,2265.0,2300.0,2260.0,14740.0,0.024300000000000002,0.024270763749721702,0.06877323420074344,0.06802879034130482,0.18636785304048845,0.21526566073454242,0.21134978556578837,9.598388006047278,0.1251908396946564,1.0367031551835157,1.0429814152804335,0.9890346591577762,71.9640179910045,1.4240667695062257,1.1568163084125958,-0.012826086956521765,0,0
2021-10-15,2337.5,2342.0,2342.0,2337.5,18150.0,0.0163,0.016304347826086918,0.08670385867038588,0.08092485549132955,0.1751324581958637,0.22066966638249547,0.21152270462573602,9.806480934593978,0.23134328358208944,1.041103299080584,1.0595541184736377,0.9942972406804026,74.17127071823204,11.586070028412905,1.1428276409826859,-0.02930481283422459,0,0
2021-10-18,2378.0,2373.0,2378.0,2371.0,18170.0,0.0173,0.017326203208556157,0.09408787669657226,0.09635776855693878,0.17742554249665218,0.22563460288561632,0.20962851877533864,9.807582195649056,0.001101928374655614,1.0455373406193078,1.0762372428775089,0.9995086265141253,76.38888888888889,22.646487738058568,1.119921957669473,-0.045206055508830945,0,0
2021-10-19,2376.0,2390.0,2390.0,2376.0,22290.0,-0.0008,-0.000841042893187538,0.06978838361098605,0.11028037383177569,0.1819570985413302,0.20974808600301548,0.20273909172467838,10.011938288540932,0.22674738580077047,1.0345857178402589,1.0736799295058632,1.0055904690894184,81.97831978319783,30.89443337680632,1.0104424691782679,-0.04229797979797978,0,0
2021-10-20,2417.5,2360.0,2417.5,2358.0,13070.0,0.0175,0.01746632996633002,0.08529741863075202,0.15531660692951021,0.17999387740881462,0.1628557685576303,0.19971968485001707,9.478151314785551,-0.41363840287124276,1.0403602606664206,1.0901506895644657,1.0139577081443225,94.76584022038567,40.31496704389565,1.0253870925905346,-0.047983453981385704,0,0
2021-10-21,2400.0,2382.0,2400.0,2378.0,15010.0,-0.0072,-0.007238883143743546,0.08523626497852144,0.12123335669236157,0.1802420371218378,0.16811009831048468,0.19754031545242143,9.616538544660177,0.14843152257077286,1.0209972955726396,1.080610544957901,1.0207588716196079,89.02255639097744,45.840285819605015,0.9190391141846804,-0.05979166666666669,0,0
2021-10-22,2423.0,2403.0,2423.0,2395.0,12170.0,0.0096,0.009583333333333277,0.0790469828545981,0.12802607076350103,0.17877393930641702,0.16675008999394608,0.19760149678449695,9.406811351874557,-0.18920719520319784,1.0197811447811447,1.0892498576437797,1.0279831655741987,89.51149425287356,51.481600691518906,0.9140325088828535,-0.0877011968633925,0,0
2021-10-25,2438.5,2440.0,2440.0,2434.0,11610.0,0.0064,0.006397028477094446,0.06021739130434778,0.13313197026022294,0.1533256564536369,0.1642401758211703,0.19480339369887545,9.359708203627006,-0.046014790468364875,1.0178289257923139,1.0938329383443357,1.034926354755301,89.8470097357441,56.55121660892701,0.8942056830456241,-0.09944638097190894,0,0
2021-10-26,2422.5,2430.0,2430.0,2421.0,10080.0,-0.0066,-0.006561410703301185,0.036363636363636376,0.12622036262203618,0.16493385049545367,0.17287278303252318,0.1995684581891607,9.218407743053941,-0.13178294573643412,1.0060514372163387,1.0842241102798023,1.0412899224541858,86.2483311081442,58.60232632645284,0.8215775134514041,-0.0976264189886481,0,0
2021-10-27,2384.5,2390.0,2390.0,2380.5,16560.0,-0.015700000000000002,-0.015686274509803977,0.0027333894028596095,0.09707844490453188,0.18084230551014682,0.20071355070460126,0.21258724486298464,9.714805812589491,0.6428571428571428,0.989888506701459,1.0648416916000536,1.0457030577157402,77.05128205128204,56.510149309398,0.7185503364416342,-0.042147200671000196,0,0
2021-10-28,2422.0,2404.0,2422.0,2402.0,9510.0,0.015700000000000002,0.01572656741455236,0.019360269360269466,0.090499774876182,0.2019773615655775,0.19330028073327923,0.20535804648982145,9.160204302482386,-0.4257246376811594,1.0027206056304707,1.0781615164892238,1.0487813925881961,76.44736842105263,57.218441967723265,0.7751020432318273,-0.05677126341866223,0,0
2021-10-29,2384.0,2407.0,2407.0,2384.0,14100.0,-0.015700000000000002,-0.01568951279933939,-0.013857290589451954,0.07025813692480365,0.19889052886670788,0.2145238573549258,0.19508463949693422,9.55400099583723,0.4826498422712935,0.9889478206761682,1.058058598575349,1.050592970580248,69.01579586877278,54.089971065069676,0.6708607730485158,-0.04194630872483218,0,0
2021-11-01,2379.0,2390.0,2390.0,2379.0,8680.0,-0.0021,-0.002097315436241587,-0.008750000000000036,0.07574044765995924,0.19548336390059026,0.20998702789932996,0.187304296164654,9.068892008391808,-0.3843971631205674,0.9881033613196071,1.0523677167734466,1.0524309106554364,70.91136079900124,50.62361954800417,0.6403800748913296,-0.034047919293820894,0,0
2021-11-02,2363.0,2385.0,2385.0,2363.0,9060.0,-0.0067,-0.006725514922236275,-0.024762690879075566,0.05232687597417063,0.1817431983819846,0.21038647928682588,0.19170918676720036,9.11173476822206,0.04377880184331806,0.9849644207580315,1.0417722914140857,1.0525893152367307,65.359477124183,46.0545564557392,0.5811591190718886,-0.03322048243757936,0,0
2021-11-03,2374.5,2390.0,2390.0,2374.5,8180.0,0.0049,0.00486669487939051,-0.02624564281320485,0.03239130434782611,0.1784380857000614,0.18864823232553943,0.1914465300990437,9.009569671513699,-0.09713024282560712,0.9935443378463193,1.042842398822987,1.0509045621806112,60.972017673048605,42.867346836947945,0.5920147507326464,-0.03811328700779115,0,0
2021-11-04,2348.0,2380.0,2380.0,2348.0,9860.0,-0.011200000000000002,-0.011160244261949837,-0.03075335397316825,0.00449197860962558,0.18355427298247676,0.18520803525549143,0.1985802375045629,9.19634286233233,0.20537897310513453,0.9868507955568898,1.0277810201937667,1.0477444596374792,51.59817351598174,37.76776839673266,0.4839173017229783,-0.017035775127768327,0,0
2021-11-05,2351.5,2361.0,2361.0,2351.5,4640.0,0.0015,0.001490630323679687,-0.013839379324806056,-0.0111438183347351,0.16739840043840618,0.16856445450771598,0.19747697749448878,8.442685139241176,-0.5294117647058824,0.9902839610155216,1.0263479500683796,1.0439000868773616,45.45454545454545,33.62117254303985,0.4707250195555592,-0.01871146076972141,0,0
2021-11-08,2365.0,2360.0,2365.0,2355.0,6920.0,0.005699999999999999,0.005741016372528218,-0.023534269199009028,-0.00462962962962965,0.12958515490464786,0.1707923069114028,0.18653021318368251,8.842315546841863,0.4913793103448276,0.9993963175369754,1.0292080392825282,1.0404917154607087,48.18481848184819,31.066190919285873,0.4953656591718295,-0.03023255813953485,0,0
2021-11-09,2339.5,2372.0,2372.0,2339.5,6700.0,-0.0108,-0.010782241014799188,-0.018666107382550368,-0.032264736297828334,0.11216093547575663,0.15524457624760235,0.19260139080786792,8.81001204797317,-0.03179190751445082,0.9912835567930753,1.0155989986542608,1.035506016549905,36.41114982578397,26.67620598991425,0.3200834874893738,-0.018807437486642486,0,0
2021-11-10,2338.5,2325.0,2338.5,2323.0,7440.0,-0.0004,-0.0004274417610600212,-0.017023959646910503,-0.02562500000000001,0.1129616278513201,0.15372236180869606,0.1897632148988261,8.914760527397261,0.11044776119402977,0.9932949029126213,1.012257324454769,1.0306386732860822,38.63216266173752,22.852984680692316,0.23103217556369363,-0.008124866367329453,0,0
2021-11-11,2366.0,2365.0,2366.0,2354.5,9760.0,0.0118,0.01175967500534525,0.0012695725772322586,-0.023524556335121738,0.1356055399081195,0.1570892806869109,0.18712344283144527,9.186150133174966,0.31182795698924726,1.0047928168415943,1.0201353856767128,1.0248319998028963,39.63636363636363,21.790882689926548,0.38426251940975686,-0.03951817413355874,0,0
2021-11-12,2360.5,2355.0,2360.5,2353.0,7470.0,-0.0023,-0.002324598478444684,-0.005895978100652788,-0.03198687717859339,0.13205752289718553,0.15272239056551057,0.17015031726222193,8.918784137975802,-0.23463114754098358,1.0033092476774546,1.014556082465365,1.0192071928987931,35.283018867924525,20.271675914370462,0.3237276728210978,-0.03495022241050627,0,0
2021-11-15,2326.5,2356.0,2356.0,2326.5,6300.0,-0.0144,-0.014403728023723805,-0.00915672913117549,-0.03962848297213617,0.143654359705849,0.1604181185282214,0.16926187435731102,8.748463629942055,-0.15662650602409633,0.9901504787961696,0.9973920188632059,1.013667658482063,33.03886925795052,16.138147233642485,0.094062514307798,-0.01719320868257035,0,0
2021-11-16,2307.0,2325.0,2325.0,2307.0,12420.0,-0.0084,-0.008381689232753065,-0.018924091005740995,-0.03250157265674147,0.14781473233004006,0.1518402319206254,0.15888763034237863,9.427143867544194,0.9714285714285715,0.9845150277388283,0.986846326596086,1.0090593824953786,35.34971644612476,11.160161546649306,0.0256452610445686,-0.004334633723450332,0,0
2021-11-17,2254.0,2282.0,2282.0,2254.0,11860.0,-0.023,-0.02297355873428697,-0.04693446088794928,-0.06936416184971095,0.1766355914541268,0.15147672165648193,0.17554106035483039,9.381010986029276,-0.04508856682769724,0.9684507733857107,0.962760996931751,1.0024539889778978,20.0,2.9049287543134596,-0.1468773549851659,0.022182786157941337,1,1
2021-11-18,2215.0,2239.0,2239.0,2215.0,11970.0,-0.0173,-0.017302573203194282,-0.05321649925197691,-0.07088926174496646,0.1868608150038604,0.1538036904778284,0.16694960359745126,9.39024233725137,0.009274873524451888,0.9590227307870728,0.9455440613572008,0.996708941555762,19.928825622775804,-6.707061937736398,-0.15373253810575707,0.03747178329571099,1,1
2021-11-19,2215.5,2225.0,2225.0,2215.5,12030.0,0.0002,0.00022573363431144244,-0.0525978191148172,-0.06872635561160156,0.1879695482397916,0.15502142058358717,0.16718604193920258,9.395241931033524,0.005012531328320913,0.966592913459441,0.9458315248713918,0.9918011874352639,20.43399638336348,-14.121504081790135,-0.04123840631272874,0.032498307379823954,1,1
2021-11-22,2259.5,2229.0,2259.5,2228.0,13950.0,0.0199,0.01986007673211465,-0.04501267962806421,-0.043800253914515475,0.22558199025373088,0.18709549282280424,0.18075174351019882,9.543306469268108,0.15960099750623447,0.9923767097502825,0.9641767479570719,0.9881950603963022,33.00492610837439,-16.25963961822208,0.17066657068620664,0.02102235007745068,1,1
2021-11-23,2253.0,2255.5,2255.5,2253.0,7000.0,-0.0029,-0.002876742642177521,-0.04554119889853847,-0.051168667087807984,0.22517965434622567,0.18353070534199634,0.17733165119171898,8.853808274977197,-0.49820788530465954,0.9962414326774265,0.9608358803042149,0.9839109287897402,29.716193656093495,-18.26804051293948,0.1763187411827324,0.011096316023080366,1,1
2021-11-24,2263.5,2269.0,2269.0,2263.5,8940.0,0.004699999999999999,0.0046604527296938425,-0.027079303675048405,-0.03598807495741052,0.22630400165566641,0.18330937997674165,0.17930086001226853,9.098402718735318,0.27714285714285714,1.00488346281909,0.9650668675298096,0.9810858385393296,35.09700176366843,-18.795784341986746,0.24708260498081308,0.006185111552904798,1,1
2021-11-25,2270.5,2280.0,2280.0,2270.5,5000.0,0.0031,0.003092555776452288,-0.015821413090593817,-0.03444609823516909,0.22707515833063088,0.18411849446840273,0.17451628795416788,8.517393171418904,-0.4407158836689038,1.010329921810438,0.9684574207170126,0.979029501284188,35.88850174216029,-18.43665732096133,0.2957602581237797,0.01299273287822067,1,1
2021-11-26,2269.0,2255.0,2269.0,2255.0,10400.0,-0.0007000000000000001,-0.0006606474344857949,0.0066548358473823566,-0.04059196617336147,0.1747218696650818,0.1805750100720431,0.16200488742177535,9.249657234353133,1.08,1.008700622380287,0.9687611186223583,0.9770562462514361,32.54545454545455,-18.06484375951959,0.30993302419333835,0.03393565447333624,1,1
2021-11-29,2270.5,2315.0,2315.0,2270.5,13880.0,0.0007000000000000001,0.0006610841780521071,0.025056433408577883,-0.029493481513143793,0.12052928686537943,0.17738492769335218,0.1557142340282393,9.53827627757511,0.33461538461538454,1.005822232066576,0.9708869329722409,0.9764458539714214,36.25498007968128,-17.44801155315372,0.33615314837376575,0.03853776701167133,1,1
2021-11-30,2275.5,2304.0,2304.0,2275.5,11570.0,0.0022,0.0022021581149527236,0.02708192281652,-0.02694034637588194,0.11879971416629337,0.17820815055918723,0.1564861467448113,9.356257246876337,-0.1664265129682997,1.0042240645588374,0.9744208287537292,0.9759196083189404,37.647058823529406,-16.367040319640637,0.37680677978593424,0.035157108327840136,1,1
2021-12-01,2301.5,2295.0,2301.5,2287.0,7920.0,0.011399999999999999,0.011426060206547906,0.018588183226377453,-0.027261200338123404,0.07301075380486832,0.17771775907964812,0.1622094458872512,8.97727273946428,-0.31547104580812446,1.0130160027666866,0.9871892023276762,0.9755620553650322,37.27810650887574,-13.259532483473322,0.5203604633896912,0.023897458179448217,1,1
2021-12-02,2256.5,2295.0,2295.0,2256.5,9230.0,-0.0196,-0.019552465783184925,0.0015534842432312068,-0.04405846219021392,0.15190149543136922,0.19287369560608036,0.17242704423619498,9.130322663990151,0.16540404040404044,0.9929905073238197,0.9698771445968695,0.9743748496927336,32.25255972696246,-14.263513153331587,0.3119314320321007,0.029470418790161768,1,1
2021-12-03,2210.5,2235.0,2235.0,2210.5,15300.0,-0.0204,-0.020385552847329902,-0.02341506516456815,-0.04986030517945417,0.19079244958440988,0.20113546143636604,0.18109770717794782,9.635673464721814,0.6576381365113759,0.975999747697742,0.9530071136020695,0.973778215748468,30.983606557377044,-18.55707620631574,0.12077829034994172,0.06898891653472061,1,1
2021-12-06,2196.0,2225.0,2225.0,2196.0,8140.000000000001,-0.0066,-0.0065596019000225825,-0.032812155912794516,-0.04811443433029905,0.18590098021051402,0.2004381660385979,0.18083740111640403,9.004668301573977,-0.4679738562091502,0.9741753540986723,0.9500666979125356,0.9737534700940982,31.5,-22.866197387926604,0.09202655292209676,0.06989981785063759,1,1
2021-12-07,2186.0,2220.0,2220.0,2186.0,11330.0,-0.0046,-0.004553734061930825,-0.036579991185544336,-0.030168589174800364,0.18380777615778482,0.17981796107740486,0.17792370992247733,9.335297611380566,0.39189189189189166,0.9748670085687893,0.9489769339854716,0.9749773639667427,36.77042801556421,-26.779426833486013,0.09439926493477632,0.08462946020128093,1,1
2021-12-08,2284.0,2230.0,2284.0,2225.0,20330.0,0.044800000000000006,0.04483074107959739,0.005945826910372265,0.031151241534988605,0.35490534362233367,0.2554720845740984,0.24252463009051956,9.919902093804223,0.7943512797881729,1.0176957352005092,0.9929643289303026,0.978540012856118,60.91772151898734,-21.722504868229407,0.5862873779273747,0.03239929947460585,1,1
2021-12-09,2284.5,2285.0,2285.0,2282.0,12250.0,0.0002,0.0002189141856392407,0.0039551746868820015,0.03114421123899791,0.3548363428517563,0.25547316581353374,0.24255528402767051,9.41336284529417,-0.397442203639941,1.0173357083783956,0.9951646628332462,0.9826407039553929,60.91772151898734,-17.47309301660971,0.6235379398294095,0.021886627270737646,1,1
2021-12-10,2284.0,2265.0,2284.0,2265.0,10810.0,-0.0002,-0.00021886627270739645,-0.007603736693460816,0.010843106882053588,0.34694654899721195,0.2426170078550648,0.238123344590982,9.288319413292772,-0.11755102040816323,1.0182466643314334,0.9963936714751046,0.9848330618892507,54.49541284403669,-13.984544209595697,0.6656762575661511,0.016637478108581405,1,1
2021-12-13,2298.0,2310.0,2310.0,2298.0,7000.0,0.0060999999999999995,0.0061295971978985175,0.01839131398183036,0.01997336884154466,0.3222623915831979,0.24292430664401746,0.2395832023282803,8.853808274977197,-0.3524514338575393,1.0217874610938196,1.0036833753111942,0.9873983224107702,58.035714285714285,-9.97517355783748,0.7852602567415448,0.006309834638816403,1,1
2021-12-14,2284.5,2307.0,2307.0,2284.5,8340.0,-0.0059,-0.005874673629242766,0.03347658900701189,0.009277667329357087,0.2884377526349338,0.2443924061483744,0.235432814422715,9.028938392241612,0.1914285714285715,1.0110324334576721,0.9989287041693086,0.9891839724149133,53.71024734982333,-7.797174630587051,0.7053349140205478,-0.008535784635587684,0,0
2021-12-15,2284.0,2279.0,2284.0,2277.0,7260.0,-0.0002,-0.00021886627270739645,0.04007285974499086,0.005945826910372265,0.2802945046493233,0.2441856481000917,0.23379712849343,8.890272839380247,-0.1294964028776978,1.0052184847532222,1.000029189410082,0.9909127111541076,52.44122965641953,-6.041794563589065,0.6876595915155765,-0.017294220665499127,0,0
2021-12-16,2308.0,2322.0,2322.0,2308.0,17240.0,0.0105,0.01050788091068311,0.055809698078682635,0.01718818862935212,0.27144842934591945,0.24770060091109408,0.22146295601971872,9.75504554717585,1.37465564738292,1.0080489174518001,1.0111276614387104,0.9927119450250967,56.52173913043478,-2.6831145160713277,0.826256310899555,-0.03184575389948008,0,0
2021-12-17,2307.5,2315.0,2315.0,2307.5,10470.0,-0.0002,-0.0002166377816291698,0.010288966725043869,0.016295970050649533,0.08386330631547655,0.2477744928059329,0.21112551354389741,9.256364810287462,-0.39269141531322505,1.0063549422136382,1.011558581991408,0.9945087863593285,56.20805369127516,-0.060979270682310016,0.7937001780994433,-0.02881906825568792,0,0
2021-12-20,2293.5,2310.0,2310.0,2293.5,8140.000000000001,-0.0060999999999999995,-0.0060671722643553805,0.003939592908732692,0.007910349373764003,0.09549355815319224,0.24964613917638204,0.21292210475096698,9.004668301573977,-0.2225405921680993,0.9996886578037921,1.0064728469555677,0.9961131572760756,52.931596091205215,0.8772859987334414,0.6766883701752446,-0.044473512099411416,0,0
2021-12-21,2295.5,2306.0,2306.0,2295.0,6850.0,0.0009,0.0008720296490081214,0.005035026269702314,-0.0026069954377579974,0.09533573605423634,0.2448052256385333,0.2024570400459902,8.832149906002899,-0.1584766584766586,0.9998444402961858,1.007999297408462,0.9965665020664765,48.9399293286219,1.761940714101911,0.6744368840308743,-0.04704857329557832,0,0
2021-12-22,2319.5,2309.0,2319.5,2305.0,7070.0,0.0105,0.010455238510128417,0.009355961705831195,0.02791934411699537,0.1082742774952598,0.2312606822141126,0.20463780263863163,8.863757191604241,0.03211678832116793,1.0089482678266273,1.0188215140667207,0.998820321838792,62.022900763358784,4.349497078403601,0.8122998350507683,-0.05345979737012285,0,0
2021-12-23,2272.5,2300.0,2300.0,2272.5,8800.0,-0.0203,-0.020262987712869163,-0.005252790544977071,0.028047952951820943,0.16706103100198605,0.23103049762709701,0.21753919413701747,9.082620630373812,0.2446958981612446,0.989241628058829,0.999545494531273,1.002137432400166,61.78707224334601,2.5779301606521585,0.48937078854348354,-0.02970297029702973,0,0
2021-12-24,2278.0,2278.0,2278.0,2271.0,1970.0,0.0024,0.0024202420242023237,-0.0026269702276707774,0.0373406193078325,0.16813016022590557,0.22764161631567575,0.21744201421005124,7.58629630715272,-0.7761363636363636,0.9920059721919812,1.0031780516268247,1.0059304058071004,66.14173228346456,1.5993186990444883,0.5240080775626631,-0.015144863915715567,0,0
2021-12-29,2286.5,2270.0,2286.5,2265.5,6750.0,0.0037,0.003731343283582156,-0.00931542461005197,0.04597438243366869,0.15412072392812076,0.225213766212549,0.21774349207919033,8.81744592104187,2.4263959390862944,0.9970410515168504,1.0075128335059156,1.0096845365302483,69.9009900990099,1.4924371413858353,0.5766511086376459,-0.003280122457905099,0,0
2021-12-30,2297.0,2285.0,2297.0,2283.0,4610.0,0.0046,0.00459217144106705,-0.004550379198266508,0.005691768826620036,0.1581816939941216,0.12283722617082686,0.21821579582998907,8.436200032206706,-0.317037037037037,1.0022752064827802,1.0122881885021338,1.0102420807761356,53.93939393939394,2.229297036195476,0.6399242613600593,-0.007836308228123645,0,0
2021-12-31,2304.0,2289.0,2304.0,2287.0,4610.0,0.003,0.0030474531998259113,0.00457815565729236,0.008535784635587573,0.1543788956899734,0.12332668060087248,0.21831158401283318,8.436200032206706,0.0,1.0046720239207625,1.014627845016771,1.010113984161119,55.68513119533528,3.3396083835687023,0.6860918312855374,-0.00716145833333337,0,0
2022-01-04,2298.0,2295.0,2298.0,2294.5,8950.0,-0.0026,-0.0026041666666666297,0.001089087344805062,0.0061295971978985175,0.15561418917555248,0.12406002963882636,0.21499630601509204,9.099520536870939,0.9414316702819956,1.0018996605524586,1.010754107013261,1.009324624485936,53.954802259887,3.6928197425240796,0.6315090223839159,0.004569190600522299,1,1
2022-01-05,2287.5,2315.0,2315.0,2287.5,10600.0,-0.0046,-0.004569190600522188,-0.013796076740676844,-0.004569190600522188,0.13926881533225313,0.12288899078932353,0.20378805786664228,9.268703615273097,0.18435754189944142,0.9993135082847069,1.0050748039280302,1.0079307541905578,46.97406340057637,3.089862035238639,0.5381107971754956,0.02207650273224049,1,1
2022-01-06,2307.0,2290.0,2307.0,2280.0,10490.0,0.0085,0.008524590163934365,0.015181518151815121,0.009848982271831952,0.07031741122584187,0.12538438862400786,0.19020419046665646,9.258273025731485,-0.010377358490566091,1.0056669572798604,1.012937973831338,1.0079356948411187,56.26740947075209,4.137802725710117,0.6779310580173861,0.016905071521456483,1,1
2022-01-07,2278.0,2320.0,2320.0,2278.0,12300.0,-0.0126,-0.01257043779800604,0.0,-0.0026269702276707774,0.11274223543305718,0.13755525266777238,0.19473957064794456,9.417435838868785,0.17254528122020973,0.993025283347864,0.9998390659975713,1.007378928513952,48.55769230769231,2.5982941188062796,0.20267873573622353,0.030948200175592522,1,1
2022-01-10,2277.5,2289.0,2289.0,2277.5,330.0,-0.0002,-0.00021949078138716605,-0.003936146949486075,-0.013214904679376138,0.10973428290641882,0.12868224454372956,0.19352780796190347,5.802118375377063,-0.973170731707317,0.9933640725278833,0.9994149052877934,1.0062166313171943,41.73441734417344,1.3226301775707725,0.2067969210558128,0.024807903402854103,1,1
2022-01-11,2300.0,2290.0,2300.0,2290.0,7640.0,0.009899999999999999,0.009879253567508295,0.0013060513713538668,-0.00325027085590468,0.12380796885916408,0.13663362104766247,0.12003846102945868,8.941283763647567,22.151515151515152,1.0029902815848493,1.0088530510494265,1.0055476474194354,48.18401937046004,2.1029774580547382,0.6389282074980108,0.018043478260869605,1,1
2022-01-12,2346.0,2330.0,2346.0,2326.0,15490.0,0.02,0.020000000000000018,0.01822916666666674,0.0228907782864618,0.17236972002679546,0.15801337722243858,0.13796553588046215,9.648014489106362,1.0274869109947642,1.0203802659376164,1.0278729106270492,1.0060598726686079,61.0062893081761,6.359910769453563,1.2311335843815159,-0.004475703324808178,0,0
2022-01-13,2358.0,2350.0,2358.0,2348.0,13060.0,0.0051,0.005115089514066584,0.02610966057441244,0.027227183620126327,0.16870001002623056,0.15862538127685413,0.13846119975696808,9.47738596957752,-0.15687540348612006,1.0217902686641078,1.0318120159278867,1.0067293446937258,62.57545271629778,10.579902272464096,1.1699476412823782,-0.006149279050042367,0,0
2022-01-14,2355.5,2373.0,2373.0,2355.5,10450.0,-0.0011,-0.0010602205258694042,0.029726775956284257,0.015520586333261477,0.1626488359097223,0.1541408948814572,0.13770666221985253,9.254452946594503,-0.19984686064318535,1.0164283072370854,1.0295167470388555,1.0066798758723174,57.9295154185022,13.566164535251119,1.0280690978361917,0.005518998089577565,1,1
2022-01-17,2356.5,2360.0,2360.0,2353.0,5400.0,0.0004,0.0004245383145828896,0.021456436931079237,0.03696369636963692,0.1609356705782418,0.11955440340135469,0.13532968447941743,8.594339400592892,-0.4832535885167464,1.01376640137664,1.0291291815879116,1.0084941916324568,73.20441988950276,15.831000615379708,0.959574077217531,0.012942923827710562,1,1
2022-01-18,2323.0,2358.0,2358.0,2323.0,10190.0,-0.014199999999999999,-0.014215998302567368,0.019754170324846276,0.019754170324846276,0.16781317037387755,0.139302875802459,0.14586351799099276,9.229260256828693,0.8870370370370371,0.9965985352250789,1.013517935442587,1.0089212348867238,60.76555023923445,14.752669901915397,0.6446746433764619,0.0370210934136892,1,1
2022-01-19,2363.0,2350.0,2363.0,2345.0,8160.0,0.0172,0.01721911321566938,0.037541163556531254,0.03345724907063197,0.18606001659052793,0.15453541573584484,0.15313575413538108,9.007121989469242,-0.1992149165848871,1.0084745762711864,1.0286883461756127,1.0090673333457714,65.9043659043659,16.930585497897027,0.9391667418492199,0.01586965721540423,1,1
2022-01-20,2349.5,2365.0,2365.0,2349.5,11780.0,-0.005699999999999999,-0.005713076597545497,0.02152173913043476,0.022855898998694002,0.19344754805700623,0.15784760434700817,0.15493436212830553,9.37424334324612,0.44362745098039214,0.999696076345622,1.0205381769743653,1.0084535504601673,60.78028747433265,17.36706540360501,0.794954301146999,0.024898914662694116,1,1
2022-01-21,2371.0,2383.0,2383.0,2371.0,7700.0,0.0092,0.009150883166631152,0.010656436487638477,0.02907986111111116,0.16207069067060592,0.16097953624421804,0.15527413138954016,8.94910546953925,-0.34634974533106966,1.0073134464236944,1.0271257662288904,1.0078327338964292,62.984496124031004,19.226221279545825,0.9068235544369244,0.03711514129059479,1,1
2022-01-24,2358.0,2360.0,2360.0,2358.0,7740.0,-0.0055000000000000005,-0.005482918599746922,0.0,0.02610966057441244,0.16475901690662711,0.16305915193282308,0.15721310800753047,8.954286157204713,0.0051948051948051965,1.0017904287925228,1.0204037475387844,1.0086115498626047,61.320754716981135,19.42668561221126,0.784855231822726,0.0383799830364715,1,1
2022-01-25,2334.5,2350.0,2350.0,2334.5,8720.0,-0.01,-0.0099660729431722,-0.008915304606240682,0.02054644808743178,0.17558027699830694,0.16871386314696463,0.15818545186201324,9.073489189226986,0.12661498708010344,0.9930722250919146,1.0095062377928807,1.009336354847378,58.453237410071935,17.487713957037613,0.5983072176757726,0.06960805311629903,1,1
2022-01-26,2322.0,2347.0,2347.0,2322.0,7860.0,-0.0054,-0.005354465624330729,-0.014640356460852932,0.006501950585175553,0.17671837510214874,0.16779498784798091,0.14122323438054998,8.969669103793757,-0.0986238532110092,0.9898300956092809,1.0035511824068806,1.0092468632594114,52.76752767527675,14.772135435667678,0.4871613319760924,0.03596037898363469,1,1
2022-01-27,2312.5,2328.0,2328.0,2312.5,9780.0,-0.0040999999999999995,-0.004091300602928505,-0.004520017219113215,0.015144863915715456,0.15676216585322655,0.15858057884800678,0.14223323623584416,9.188197007290492,0.2442748091603053,0.9864111392096524,0.9992366192314339,1.0101009061802977,56.858846918489064,11.718367244444835,0.39833070671345994,0.018810810810810707,1,1
2022-01-28,2265.0,2290.0,2290.0,2265.0,12560.0,-0.020499999999999997,-0.020540540540540553,-0.04147270418958948,-0.005488474204171201,0.13916488822356196,0.18340230169799948,0.15962073617904646,9.438352054687252,0.2842535787321063,0.9719540229885059,0.9789867235280981,1.0099987753661295,47.90619765494137,5.403097382438318,0.05604306852251943,0.026710816777042012,1,1
2022-01-31,2244.5,2275.0,2275.0,2244.5,15510.0,-0.0091,-0.009050772626931547,-0.04469035965098955,-0.02413043478260868,0.14031240361306618,0.1805358944798724,0.16123104384416417,9.64930472862475,0.23487261146496818,0.9693968841585686,0.9706785451714742,1.008859453481691,40.640809443507585,-1.2416650152295006,-0.011052551430486574,0.010470037870349724,1,1
2022-02-01,2234.5,2245.0,2245.0,2234.5,8420.0,-0.0045000000000000005,-0.004455335263978566,-0.057570645297342904,-0.047527706734867836,0.09214872002095209,0.15099711880383068,0.16092232680265334,9.038483865029992,-0.4571244358478401,0.9732748428846992,0.967378834123428,1.0064815587901503,28.59884836852207,-7.2312462098102515,0.0027541145101658065,0.0033564555829044274,1,1
2022-02-02,2241.0,2241.0,2241.0,2240.0,13760.0,0.0029,0.002908928171850622,-0.04961832061068705,-0.04961832061068705,0.11444279201071242,0.14885180681624802,0.16153830890115758,9.529593783265282,0.6342042755344417,0.9832643851071831,0.9711248176342285,1.0038268438288662,27.058823529411768,-11.323012146192923,0.08520495523634387,0.0046854082998661895,1,1
2022-02-03,2191.5,2218.0,2218.0,2191.5,14900.0,-0.022099999999999998,-0.02208835341365467,-0.061255086742343146,-0.06962428359159412,0.1455410548727952,0.16749824462174495,0.1768867666131911,9.60918360377546,0.08284883720930236,0.9702422364176838,0.951075556584258,1.000224224977216,22.847682119205302,-18.34849244226325,-0.061171611001670824,0.027150353639060043,1,1
2022-02-04,2187.5,2220.0,2220.0,2187.5,14480.0,-0.0018,-0.0018252338580880823,-0.05792420327304049,-0.07171652875026524,0.1506566845003834,0.16633042001583323,0.1727266975671225,9.580592724328602,-0.028187919463087296,0.9767805313686091,0.950825135107724,0.9965423599712709,22.29508196721312,-23.96277481163679,0.0017392112041498219,0.029714285714285804,1,1
2022-02-07,2195.5,2195.0,2195.5,2193.0,14610.0,0.0037,0.0036571428571428033,-0.05059459459459459,-0.054885923374946244,0.16641837106373902,0.1649344041791327,0.16989818986177346,9.589529948672084,0.008977900552486151,0.9877245412770334,0.956020030481167,0.9943703150757364,27.191413237924863,-27.45017239662593,0.08612085443050979,0.02846731951719428,1,1
2022-02-08,2205.0,2192.0,2205.0,2190.0,12320.0,0.0043,0.004327032566613598,-0.026490066225165587,-0.0668641557342361,0.14962376100586267,0.14000909129017633,0.17112311085841045,9.419060402624668,-0.15674195756331277,0.9958385754379173,0.9610983981693364,0.9904263765002568,18.273092369477908,-29.111806716528008,0.16102163977960535,0.03197278911564627,1,1
2022-02-09,2243.5,2223.0,2243.5,2222.0,11250.0,0.0175,0.0174603174603174,-0.0004455335263978677,-0.045115982123856146,0.18966541383425914,0.16891804345376085,0.17928648003492412,9.328212292571072,-0.08685064935064934,1.013291608865374,0.9783698922855524,0.9876212488396868,30.65693430656934,-27.010673414838493,0.3237208388560542,0.05638511254735912,1,1
2022-02-10,2279.0,2285.0,2285.0,2279.0,14290.0,0.0158,0.015823490082460534,0.01991496979189966,-0.038802193167439936,0.207826214845748,0.18038841422907467,0.17357941982991607,9.567385247481795,0.27022222222222214,1.0263784340217461,0.9939594827398217,0.9848628811927764,34.027777777777786,-22.22476358115182,0.47061572344153924,0.012944273804300188,1,1
2022-02-11,2279.0,2280.0,2280.0,2278.0,10190.0,0.0,0.0,0.01695671575189639,-0.033502968617472484,0.20854951640244046,0.1802855360890873,0.17208738552788141,9.229260256828693,-0.2869139258222533,1.023875232655157,0.9942196531791907,0.9826589595375722,35.63636363636364,-18.22184546551489,0.48487773053476346,0.03137340939008326,1,1
2022-02-14,2287.5,2282.0,2287.5,2281.0,10560.0,0.0037,0.00372970601140854,0.04380561259411353,-0.02013279074748342,0.119203315901178,0.17845577802624701,0.17306173488133617,9.264923249746474,0.036310107948969605,1.0214007782101169,0.9981672993847363,0.9814298805004397,40.96153846153846,-14.199937022032827,0.5337283324183646,0.03562841530054639,1,1
2022-02-15,2308.5,2298.0,2308.5,2296.0,16470.0,0.0092,0.009180327868852478,0.05531428571428565,-0.005813953488372103,0.10573940741078518,0.18280247978775505,0.17680234346441714,9.709356537782675,0.5596590909090908,1.0228826433725788,1.0071769813049454,0.980859305612256,47.486033519553075,-9.211832833868357,0.6245976841908234,0.030755902100931376,1,1
2022-02-16,2338.0,2329.0,2338.0,2327.0,12580.0,0.0128,0.012778860732077124,0.06490548849920286,0.011027027027026959,0.10510975942319141,0.18998851070052428,0.17595196440650776,9.439943018351132,-0.23618700667880999,1.0266930146482232,1.019298959483811,0.9809335581003314,54.41941074523396,-2.8455194917582958,0.759837183945929,0.03400342172797255,1,1
2022-02-17,2346.0,2341.0,2346.0,2339.0,13170.0,0.0034000000000000002,0.0034217279726260763,0.06394557823129254,0.03576158940397356,0.10694008153013539,0.1629690322535773,0.16547953717807437,9.485772721999046,0.04689984101748812,1.0211733980039177,1.0222073753467633,0.9828988893200016,66.26506024096386,2.812937052536199,0.7960064419237747,0.029838022165388,1,1
2022-02-18,2348.5,2350.0,2350.0,2344.0,12880.0,0.0011,0.0010656436487639365,0.046801872074883066,0.046335486745377574,0.09665488741165335,0.15442301788704116,0.16434360978795132,9.463508636396089,-0.022019741837509543,1.015630309208291,1.0222499510312457,0.9851269715753224,72.5108225108225,7.41357466356385,0.8211034776611328,0.043006174153715104,1,1
2022-02-21,2334.0,2340.0,2340.0,2334.0,10230.0,-0.0062,-0.006174153715137298,0.024133391838525586,0.04452897739986583,0.0983178133151607,0.15625432466227446,0.1621883209117832,9.23317760587894,-0.20574534161490687,1.0059415694363205,1.0151062657658962,0.9874111000194677,71.12526539278132,9.776882482306064,0.7698049058031876,0.03384747215081396,1,1
2022-02-22,2341.5,2326.0,2341.5,2324.5,7870.0,0.0032,0.0032133676092545027,0.02742430890741554,0.04484605087014715,0.09545987331933319,0.15625011187356824,0.1617533491024202,8.97094039814245,-0.23069403714565007,1.0053054465161924,1.0177558516071545,0.9899376263229956,71.24735729386893,12.115350061294066,0.8001222868742037,0.03694213111253464,1,1
2022-02-23,2335.5,2345.0,2345.0,2335.5,7110.0,-0.0026,-0.002562459961563124,0.020983606557376966,0.06570841889117052,0.10306067080853895,0.11020820549594884,0.15816337319050167,8.869398159883518,-0.09656925031766206,0.9997859589041096,1.0153023518671478,0.9945597158134653,87.30569948186529,13.330783633876763,0.7666093602237842,0.03339755940912004,1,1
2022-02-24,2343.5,2370.0,2370.0,2343.5,14860.0,0.0034000000000000002,0.0034253907086276847,0.015161360190599993,0.07131428571428566,0.0939193238235651,0.10648275628817624,0.15729269725739636,9.60649561075857,1.090014064697609,1.001067919692439,1.0189942676590162,0.9996138408548094,89.59390862944163,14.769305280386106,0.7878455246912953,0.017495199487945312,1,1
2022-02-25,2368.5,2363.0,2368.5,2357.0,12470.0,0.010700000000000001,0.010667804565820393,0.013045337895637221,0.07879754042359366,0.08425836480238105,0.10895397904971806,0.16016420684841717,9.431161227920747,-0.1608344549125168,1.0098675194152582,1.029670687968699,1.0047976151660534,90.42056074766356,17.72234297744717,0.8533830927835596,0.01097741186404888,1,1
2022-02-28,2387.0,2395.0,2395.0,2387.0,15280.0,0.0078000000000000005,0.007810850749419451,0.01747655583972718,0.08253968253968247,0.09147028180953246,0.10925754605718689,0.14061869524789078,9.634365505605258,0.22534081796311156,1.0152200990369717,1.037254845157739,1.0100027728000727,90.80717488789237,21.309795954034144,0.8781213947126225,-0.0020946795140343033,0,0
2022-03-01,2409.0,2408.0,2409.0,2406.0,13110.0,0.0092,0.009216589861751112,0.025761124121779888,0.0737686650323155,0.09890268845910258,0.09696790600182907,0.13580453564079062,9.481206851499401,-0.14201570680628273,1.0208245051153217,1.04551241247613,1.013876718443873,90.0726392251816,25.632617562995165,0.9055573751818758,-0.006019095060190938,0,0
2022-03-02,2400.5,2434.0,2434.0,2400.5,16070.0,-0.0034999999999999996,-0.0035284350352843274,0.028491859468723124,0.053312856516015694,0.08859405995367314,0.09004936598634486,0.13516469792636376,9.68477168454907,0.22578184591914563,1.0131440113352026,1.0412585036472604,1.0170914660406647,83.84401114206128,28.04927132998182,0.8342277508702852,0.013330556134138805,1,1
2022-03-03,2408.0,2424.0,2424.0,2408.0,12620.0,0.0031,0.003124349093938772,0.0284005979073243,0.05660377358490565,0.08863032502939465,0.0885017989239284,0.13515583612636245,9.44311737225863,-0.21468574984443056,1.0122507806870047,1.0436290089569489,1.0202253683906384,84.49197860962568,30.221301816025516,0.8317977263126429,0.011212624584717501,1,1
2022-03-04,2459.0,2442.0,2459.0,2441.5,16490.0,0.0212,0.02117940199335555,0.05287946906444008,0.07497267759562831,0.12254039616147797,0.11472152926359043,0.11345651634527165,9.71057005652877,0.3066561014263074,1.026079699561861,1.0643792924337738,1.0242324118427886,87.36383442265794,35.64700887128993,0.969836515770088,-0.0046766978446523,0,0
2022-03-07,2448.5,2515.0,2515.0,2448.5,19540.0,-0.0043,-0.004270028466856424,0.04480477917644543,0.06064544076239975,0.14044984309348996,0.11976052261714613,0.11574474926643888,9.880270101359944,0.18496058217101274,1.0153431474186192,1.0584522720231706,1.027219608492979,81.9634703196347,38.65407840038597,0.9028674625568006,-0.010006126199714083,0,0
2022-03-08,2497.0,2535.0,2535.0,2497.0,22140.0,0.019799999999999998,0.019808045742291114,0.054253747097319005,0.06800684345594532,0.1614813615753296,0.13250945735568173,0.12575719342977562,10.005186372360962,0.13306038894575223,1.0276324298900583,1.0768965368525467,1.0297180070113179,83.40336134453781,44.438488106653494,1.0325506852661135,-0.03824589507408893,0,0
2022-03-09,2405.5,2444.0,2444.0,2405.5,13650.0,-0.0366,-0.03664397276732079,0.0077503142019270665,0.0253623188405796,0.3106578425925016,0.2202393317934978,0.1945955887442171,9.521568058002977,-0.3834688346883469,0.9889003083247687,1.0361909411367733,1.0303141566916882,59.25349922239502,41.164866217186045,0.6635305524871059,-0.007067137809187329,0,0
2022-03-10,2356.0,2412.0,2412.0,2356.0,11260.0,-0.0206,-0.02057784244439831,-0.022000830220008316,0.003193527783691641,0.32950896064726504,0.2400445009124758,0.2062607045898948,9.329100707697025,-0.17509157509157514,0.9715750095731832,1.0142348754448398,1.029901643242534,51.01763907734057,34.18222950928748,0.437900776357042,-0.012308998302207108,0,0
2022-03-11,2325.5,2373.0,2373.0,2325.5,7900.0,-0.0129,-0.012945670628183414,-0.031243490939387608,-0.003641816623821792,0.33495843089714417,0.24526624153841597,0.2067694827870005,8.974744612722734,-0.29840142095914746,0.9632533506908488,1.0002365642271878,1.0287471619973394,48.89466840052016,25.88891323376265,0.2809401943379611,-0.002365082777897265,0,0
2022-03-14,2268.0,2290.0,2290.0,2268.0,12840.0,-0.024700000000000003,-0.024725865405289205,-0.05813953488372092,-0.03139013452914796,0.3502511943461697,0.2656398820816659,0.22525633062271497,9.460398455831275,0.6253164556962025,0.9472836301798979,0.9751762884824859,1.0261433157795596,41.54200230149598,14.509375830046338,0.032314594254420105,0.005952380952380931,1,1
2022-03-15,2242.0,2250.0,2250.0,2242.0,14700.0,-0.0115,-0.011463844797178102,-0.08824725498169983,-0.04003425390708626,0.2831494414694,0.268579666300543,0.22810382626685408,9.595670797663967,0.1448598130841121,0.9487078736587577,0.9638934070894748,1.0231617349753765,39.71397139713971,3.3543607606957266,-0.017018528017129768,0.005798394290811748,1,1
2022-03-16,2251.5,2260.0,2264.5,2251.5,11870.0,0.0042,0.004237288135593209,-0.08045742291198688,-0.03925752080221889,0.2983273224474224,0.26896511751570673,0.2259961199631402,9.381853730053534,-0.1925170068027211,0.9642103331192072,0.9678320676314658,1.0201829979735122,39.91228070175438,-4.665714986068451,0.0752190798684396,0.003997335109926725,1,1
2022-03-17,2251.0,2240.0,2252.0,2240.0,9250.0,-0.0002,-0.0002220741727737563,-0.09851822186623949,-0.04960945746252898,0.22434430319206572,0.26234266324366756,0.22035867648349744,9.132486932771318,-0.22072451558550965,0.9787260473927761,0.9667928904287074,1.0157092851671912,36.38470451911935,-10.935965614034103,0.11789980546712546,0.0,0,0
2022-03-18,2252.5,2269.0,2269.0,2252.5,9310.0,0.0007000000000000001,0.0006663705019991362,-0.06360424028268552,-0.0563468789275241,0.1772592137813799,0.2580881370280129,0.21975581134270805,9.138951775888529,0.00648648648648642,0.9887749662935441,0.9665376996188202,1.010642591001458,33.775633293124244,-15.604270628946779,0.1590253227827352,0.012874583795782435,1,1
2022-03-21,2258.0,2261.0,2261.0,2258.0,8590.0,0.0024,0.002441731409544845,-0.041595925297113756,-0.0626816106268161,0.16932524485948797,0.2529061340153983,0.22003681069564332,9.058470422638056,-0.07733619763694954,0.9973183582042465,0.9680323534875745,1.0051159666747647,31.030150753768837,-18.64520167334922,0.20203931712839912,0.008414526129318034,1,1
2022-03-22,2275.5,2280.0,2280.0,2275.5,8980.0,0.0078000000000000005,0.007750221434898119,-0.02150075252633843,-0.05207248489897942,0.17893802741957882,0.25821233102300034,0.22181078343608984,9.10286651367095,0.04540162980209539,1.00822862930025,0.9745529819051358,1.000280421958569,34.643734643734646,-19.41920517909648,0.274303228770682,-0.01955614150736107,0,0
2022-03-23,2370.0,2335.0,2370.0,2324.0,11260.0,0.0415,0.041529334212261126,0.04497354497354489,-0.01578073089700993,0.2634147259421435,0.3215070051451176,0.2664506452424454,9.329100707697025,0.2538975501113585,1.0433634162447722,1.0131957705132957,0.9973168735673367,46.15384615384615,-12.265855160190767,0.5666555568423823,-0.09135021097046414,0,0
2022-03-24,2308.5,2350.0,2350.0,2308.5,12000.0,-0.0259,-0.025949367088607622,0.029661016949152463,-0.061203741358275776,0.314168450687591,0.3208138300419118,0.28193641403247044,9.392745258631441,0.06571936056838368,1.0120561157387111,0.9864892776001196,0.9923040060070264,35.08424182358772,-11.427579730447633,0.3793430037652847,-0.08425384448776263,0,0
2022-03-25,2350.5,2340.0,2350.5,2340.0,5400.0,0.0182,0.018193632228719947,0.043970686209193977,-0.04002450479885644,0.3249325408870798,0.3347252765572088,0.28901599413767237,8.594339400592892,-0.55,1.0241192580605003,1.0034151547491996,0.9883061442293032,40.85820895522389,-7.290155052096907,0.5135538751805868,-0.09891512444160822,0,0
2022-03-28,2369.0,2355.0,2369.0,2354.0,8350.0,0.0079,0.007870665815783884,0.052421146157263454,-0.05126151381657995,0.3216755381813825,0.32277835312496644,0.2879120056263605,9.03013657115323,0.5462962962962963,1.0246539792387543,1.0101412094120656,0.9832627912336255,37.351778656126484,-2.489720844817839,0.5747102698817647,-0.1169269734065006,0,0
2022-03-29,2379.5,2385.0,2385.0,2379.5,6540.0,0.0044,0.004432249894470219,0.05638179800221965,-0.010808563708168739,0.3190985317158856,0.28613002650692226,0.28701825099426387,8.785845337961213,-0.21676646706586822,1.021182024400711,1.0135955415143232,0.9814804484855245,46.94117647058824,2.1372828314815706,0.613822201674222,-0.13469216221895353,0,0
2022-03-30,2417.5,2398.0,2417.5,2392.0,6860.0,0.016,0.015969741542340765,0.07063773250664296,0.02610356536502545,0.3194563986488433,0.2786452501039069,0.29067888821777316,8.833608482690892,0.04892966360856277,1.0274430041589508,1.0286212716467868,0.9822428978682969,57.436517533252726,8.76941069375016,0.7301084951086917,-0.13340227507755942,0,0
2022-03-31,2416.0,2432.0,2432.0,2416.0,9300.0,-0.0006,-0.0006204756980351389,0.06174467150076901,0.03891636207267246,0.3257856991732854,0.2706350072858243,0.2903672349324493,9.137877200242468,0.3556851311953353,1.0181205225453014,1.026963458350454,0.9840164440459155,61.76853055916776,13.745927842892343,0.7231023392487169,-0.1301738410596026,0,0
2022-04-01,2449.5,2440.0,2449.5,2435.0,9610.0,0.0139,0.01386589403973515,0.03354430379746831,0.08002645502645511,0.23994574129561602,0.24242622814903467,0.2939682093849121,9.170663554823284,0.03333333333333344,1.027320931068572,1.0397153286737033,0.988113092374673,75.17337031900139,20.16062443731562,0.8328306006166092,-0.1614615227597469,0,0
2022-04-04,2413.0,2426.0,2426.0,2413.0,7340.0,-0.0149,-0.014901000204123327,0.04526748971193406,0.07627118644067798,0.18278260878484048,0.24750728225333576,0.2892588227500212,8.901230352110781,-0.2362122788761707,1.0057159869008634,1.0230789886512996,0.9921885568111384,73.04582210242587,22.044952259871025,0.7287513633193712,-0.1450476585163697,0,0
2022-04-05,2428.0,2415.0,2428.0,2406.0,5900.0,0.0062,0.006216328222130141,0.03297170814720274,0.07839218298911832,0.1634317383584136,0.24747319804596335,0.28992686513229415,8.682877107057168,-0.19618528610354224,1.007319602904134,1.0281818374303924,0.9963158229054183,73.43957503320053,24.466634146376236,0.8132947607555188,-0.11037891268533773,0,0
2022-04-06,2413.5,2402.0,2413.5,2400.0,6100.0,-0.006,-0.005971993410214149,0.01878429717180241,0.07219013771657035,0.17294613286083835,0.2512320237669722,0.2810830377019618,8.716207971151853,0.03389830508474567,0.998669976946267,1.0209174932848288,1.0001299223185391,70.80665813060179,24.928446061485374,0.7591166068955499,-0.09177542987362752,0,0
2022-04-07,2384.5,2415.0,2415.0,2384.5,6860.0,-0.012,-0.012015744769007686,0.0021012817818868434,0.05860155382907872,0.19306542814343206,0.26114318872457054,0.2538810123052626,8.833608482690892,0.12459016393442623,0.9863786786431863,1.0080676413598733,1.0035380860112233,65.78947368421052,22.692789344702305,0.6508942191566113,-0.09058502830782134,0,0
2022-04-08,2394.5,2425.0,2425.0,2394.5,5680.0,0.0042,0.004193751310547222,-0.00951396070320576,0.060451727192205595,0.16379512396472262,0.26102017827749346,0.2432251228090909,8.644882552557126,-0.1720116618075802,0.9918634238712349,1.0119244666389626,1.0072909193541408,66.15384615384616,21.480319958679047,0.6716503394515417,-0.1215285028189601,0,0
2022-04-11,2382.0,2412.0,2412.0,2382.0,7100.0,-0.0052,-0.005220296512841949,-0.01407284768211925,0.04680290046143698,0.1652895360803564,0.2635105887744337,0.23912842528835357,8.867990898182093,0.25,0.9886747702342129,1.0067128276289559,1.010576904693143,62.75449101796407,19.288438588333975,0.6119105284573549,-0.10684298908480272,0,0
2022-04-12,2394.5,2405.0,2405.0,2394.5,7570.0,0.0052,0.0052476910159529044,-0.022453561951418677,0.01033755274261594,0.13611009092798942,0.19874199409972707,0.2198680819503402,8.932080438103307,0.06619718309859146,0.9971148126115407,1.0122025109554877,1.0115231398820008,53.65126676602086,18.348492345603972,0.6372727651299182,-0.09835038630194193,0,0
2022-04-13,2432.5,2430.0,2432.5,2428.0,10400.0,0.0159,0.015869701399039426,0.008081226688769094,0.05371453324669706,0.1496227058538489,0.16612035667328942,0.218096471526052,9.249657234353133,0.3738441215323647,1.0117650554086575,1.0278024253179534,1.014809650568302,69.87179487179488,20.434306630124865,0.7576030643713008,-0.10585817060637204,0,0
2022-04-14,2435.0,2445.0,2445.0,2435.0,9150.0,0.001,0.0010277492291881352,0.002883031301482708,0.035949797915337145,0.14548122567569097,0.1527009803923433,0.2183320614679343,9.121618441915379,-0.12019230769230771,1.0123838089864283,1.0284676465619194,1.0169731856249848,65.50458715596329,22.035052219078352,0.7489452339251093,-0.10390143737166324,0,0
2022-04-19,2447.5,2440.0,2447.5,2425.0,10430.0,0.0051,0.005133470225872738,0.014087424901595202,0.0331363444491346,0.14005874328618448,0.15129385066866163,0.21786822560089544,9.25253742067597,0.13989071038251377,1.0155300672771999,1.0339146536368309,1.019506533189973,64.7279549718574,24.035236914480265,0.7882876602706772,-0.11378958120531157,0,0
2022-04-20,2424.0,2420.0,2424.0,2419.5,10560.0,-0.0096,-0.009601634320735464,0.016565317676661806,0.018701407858793928,0.130296677792013,0.15910600807915776,0.22274570246442044,9.264923249746474,0.012464046021092967,1.0034299231224126,1.024340770791075,1.0212015840819086,57.96064400715563,23.453783477379147,0.6666835662602102,-0.08642739273927391,0,0
2022-04-21,2401.5,2414.0,2414.0,2401.5,5100.0,-0.009300000000000001,-0.009282178217821735,0.0029233660471914558,-0.0066184074457084074,0.14649291682587065,0.15000134399124454,0.22716800839950713,8.537191877922927,-0.5170454545454546,0.9937045575456641,1.0161996713519004,1.0220935750404765,46.96969696969697,20.936077411532096,0.5068282464186313,-0.07412034145325841,0,0
2022-04-22,2388.5,2400.0,2400.0,2388.5,4130.0,-0.0054,-0.0054132833645638145,0.002728799328295617,-0.011382450331125837,0.14681107856898254,0.15148848175048124,0.22829924849388245,8.326274787396764,-0.19019607843137254,0.987945755901557,1.010941104268512,1.021507326821275,45.00907441016334,17.68789086522429,0.405062851208689,-0.06531295792338287,0,0
2022-04-25,2327.0,2365.0,2365.0,2327.0,8810.0,-0.025699999999999997,-0.025748377642872078,-0.028189601169346434,-0.05001020616452334,0.20877367513725764,0.16944060200147637,0.20027553868494347,9.08375621986673,1.1331719128329296,0.9663621262458472,0.9853141473948667,1.0182204581679533,29.818780889621095,10.03546105412579,-0.09505983641747033,-0.05629565964761496,0,0
2022-04-26,2320.0,2360.0,2360.0,2320.0,9660.0,-0.003,-0.003008165019338205,-0.04624871531346353,-0.03854123497720685,0.15781132160124742,0.1613926143329576,0.1785606620474509,9.17585244151751,0.09648127128263329,0.9699286290202167,0.9824264238831252,1.0154865249085023,33.02919708029198,3.367198825440937,-0.07966895803864492,-0.07413793103448274,0,0
2022-04-27,2281.5,2320.0,2320.0,2281.5,13610.0,-0.0166,-0.016594827586206895,-0.06303901437371662,-0.060337726523888024,0.1569924975394342,0.16576997418718487,0.17526368001448256,9.518633568332074,0.40890269151138714,0.9626582278481013,0.9659391604394675,1.010862695170153,25.378151260504197,-4.9668208560124185,-0.1607886002496646,-0.08042954196800356,0,0
2022-04-28,2255.0,2280.0,2280.0,2255.0,11600.0,-0.0116,-0.011615165461319354,-0.0786516853932584,-0.06567226020302463,0.12065068060961662,0.1685235820037251,0.17533194885339862,9.358846580275406,-0.14768552534900803,0.9626467449306296,0.954544492496984,1.0058848963062927,24.394184168012927,-13.553681622324802,-0.12899671890068684,-0.07960088691796008,0,0
2022-04-29,2260.5,2280.0,2280.0,2260.5,10010.0,0.0024,0.0024390243902439046,-0.06745049504950495,-0.052002516250786335,0.14766904569122602,0.16766188019498174,0.17450341452850654,9.211439767419483,-0.13706896551724135,0.9747135641246765,0.9567511515861202,1.0020084105340277,28.32167832167832,-19.688074739836793,-0.002924985806129188,-0.08117673081176735,0,0
2022-05-03,2251.0,2262.0,2262.0,2251.0,11100.0,-0.0042,-0.004202610042026156,-0.06266916510514264,-0.0599290039674254,0.1516375245306761,0.16368245367344822,0.16126175675339258,9.314790473332646,0.10889110889110887,0.9796996922311685,0.9527302995887444,0.9976701228526484,24.868651488616464,-25.02769242746217,0.038456234547055886,-0.06663705019991117,0,0
2022-05-04,2281.5,2272.0,2281.5,2270.0,9070.0,0.013500000000000002,0.013549533540648584,-0.04479799037052545,-0.04219143576826201,0.20472543884434952,0.18028792718367143,0.1714263108522396,9.112837790614945,-0.1828828828828829,0.9996244484086002,0.9652444312821272,0.9942250333171154,33.443163097199346,-26.49288927756743,0.18698685167687795,-0.09642778873548108,0,0
2022-05-05,2277.0,2307.0,2307.0,2277.0,8960.0,-0.002,-0.0019723865877712132,-0.021486892995272844,-0.04907078722071412,0.15404400296183715,0.17643531414028554,0.16061765178186163,9.10063710688422,-0.012127894156560126,1.00078485542963,0.9630825408686212,0.9904088523754807,30.118443316412865,-27.69789661850382,0.20355836619506382,-0.09156785243741761,0,0
2022-05-06,2231.0,2241.0,2241.0,2231.0,11820.0,-0.0202,-0.02020202020202022,-0.03836206896551719,-0.0828365878725591,0.1852039420021216,0.1655916428110029,0.16633886082606344,9.377632889750377,0.3191964285714286,0.9860773480662983,0.9442187235483324,0.9849391762799583,16.803953871499175,-31.995860813044146,0.09391211508663004,-0.07418198117436126,0,0
2022-05-09,2153.5,2140.0,2153.5,2137.5,16890.0,-0.0347,-0.03473778574630215,-0.05610344071882534,-0.11560574948665303,0.2510730700670057,0.20137865218680287,0.19387465691352257,9.734536214680345,0.4289340101522843,0.959578598936949,0.9142109173240881,0.9794207278552981,12.813738441215321,-41.18092266559779,-0.04937599397760457,-0.06175992570234501,0,0
2022-05-10,2114.0,2123.0,2126.0,2114.0,14510.0,-0.0183,-0.01834223357325282,-0.06252771618625275,-0.13626149131767107,0.2581662165190659,0.19472629849190184,0.19882609696968806,9.582662261491093,-0.14091178211959743,0.9505090406911392,0.8999191179600698,0.9719831911309499,8.877928483353898,-51.05889508380278,-0.044066710363581084,-0.07876064333017974,0,0
2022-05-11,2118.0,2117.0,2118.0,2115.0,9840.0,0.0019,0.0018921475875117721,-0.06303915063039156,-0.12623762376237624,0.2571614390042284,0.20155492927734825,0.1995485185661845,9.194312610898985,-0.3218470020675396,0.9611046285492026,0.9046063168684734,0.9658652364783444,10.362694300518129,-57.89709119397685,0.043544912719998975,-0.09584513692162422,0,0
2022-05-12,2092.0,2085.0,2092.0,2078.0,11900.0,-0.0123,-0.01227573182247399,-0.07063527321190577,-0.1288777847178847,0.2551992135600819,0.20188719236829236,0.19755968770773358,9.38437770918244,0.20934959349593485,0.9591930307198533,0.8970391704245785,0.9602098645314036,10.269576379974325,-64.66893041198819,0.05454768936954978,-0.04230401529636707,0,0
2022-05-13,2059.0,2074.0,2074.0,2059.0,8890.0,-0.0158,-0.015774378585086013,-0.09752355906202059,-0.1379526899727863,0.19323670071424265,0.20237699874700293,0.2001742761372324,9.09279480812114,-0.2529411764705882,0.958024527235867,0.8869520267650732,0.9544903497633851,9.768009768009762,-71.87001321342768,0.053628367456441846,-0.04273919378338997,0,0
2022-05-16,2095.0,2106.0,2106.0,2095.0,8250.0,0.0175,0.01748421563865965,-0.07992973210364518,-0.09969918349806617,0.2672501953408317,0.22134368844712224,0.2135262926775915,9.018089684104343,-0.07199100112485934,0.9867115222876366,0.9066582035617169,0.9517592713761235,19.79166666666667,-73.82106084175302,0.16375833889394167,-0.07756563245823389,0,0
2022-05-17,2101.5,2120.0,2120.0,2101.5,13400.0,0.0031,0.0031026252983292757,-0.058045719408337026,-0.09418103448275861,0.27266578522995294,0.22517015269534474,0.20107452302026602,9.503084610020228,0.6242424242424243,0.9984728161270616,0.913616207286323,0.9493118610804029,21.51238591916558,-73.98987524181666,0.2053107852544952,-0.09231501308589107,0,0
2022-05-18,2054.0,2090.0,2090.0,2054.0,10900.0,-0.0226,-0.022602902688555804,-0.046203854190852156,-0.09971509971509973,0.22973734556871403,0.23151400920549492,0.20599134880414963,9.296609807128359,-0.18656716417910446,0.9825400621860799,0.8981132625472776,0.9476787705338727,21.01910828025477,-77.06812156389697,0.13913139794268614,-0.05817916260954237,0,0
2022-05-19,2063.0,2050.0,2063.0,2043.0,9970.0,0.0044,0.004381694255112034,-0.02412488174077576,-0.08514412416851447,0.22145284734268125,0.235744727408641,0.20540353576685536,9.207436158828793,-0.08532110091743117,0.9902965883764786,0.9066736985518712,0.9465105839290032,24.400000000000006,-77.88363510326008,0.18402643499869903,-0.051139117789626765,0,0
2022-05-20,2160.0,2145.0,2160.0,2142.0,14400.0,0.047,0.04701890450799806,0.019830028328611915,-0.0444591904445919,0.3773713656323769,0.3260921830365906,0.28002071062231265,9.575052927597383,0.4443329989969911,1.0338815002222297,0.953046291870427,0.9470739945056966,39.228295819935695,-69.89711568135681,0.41782324527137205,-0.10231481481481486,0,0
2022-05-23,2192.0,2165.0,2192.0,2163.0,9360.0,0.0148,0.014814814814814836,0.04780114722753348,-0.026210573078631727,0.36600437441525235,0.33465687292048024,0.28806056165279487,9.144307401371744,-0.35,1.04207273591633,0.9703265408508064,0.9483038467781204,43.967280163599185,-60.29061624047699,0.520566236800576,-0.10173357664233573,0,0
2022-05-24,2168.5,2180.0,2180.0,2168.5,6330.0,-0.010700000000000001,-0.010720802919708006,0.05318115590092276,-0.049528818759588034,0.353900737698498,0.32902636965937154,0.2889320058259695,8.753213480544126,-0.3237179487179487,1.023291088040987,0.9629931167197098,0.9477515675058418,38.27800829875519,-53.95172788946866,0.47731511572299123,-0.09107678118515106,0,0
2022-05-25,2103.5,2140.0,2140.0,2103.5,9970.0,-0.03,-0.02997463684574586,0.004057279236276745,-0.07619675010979354,0.4087601341237783,0.34755845400025975,0.29319968478257985,9.207436158828793,0.5750394944707742,0.992049856830049,0.9381690057088488,0.9463245038738617,34.00921658986175,-53.55571305161902,0.30970978209003147,-0.0884240551461849,0,0
2022-05-26,2127.5,2110.0,2127.5,2109.0,10020.0,0.011399999999999999,0.011409555502733593,0.012372115155841135,-0.046391752577319534,0.41368336273431394,0.34737996410288396,0.2984152708607863,9.212438170058329,0.005015045135406293,1.0016141507213236,0.9524768876054888,0.9466088497046794,40.05763688760807,-50.72059358547904,0.4016160194895033,-0.08719153936545243,0,0
2022-05-27,2159.0,2110.0,2159.0,2103.0,7990.0,0.0148,0.014806110458284394,0.05111976630963966,0.0025539818899464883,0.3795468702566601,0.32282077499937634,0.3014580967100509,8.986071187374463,-0.20259481037924154,1.009316459077704,0.9699883188067211,0.95012387199466,50.5795574288725,-45.40851316516455,0.5200888818757015,-0.10213061602593798,0,0
2022-05-30,2175.0,2185.0,2185.0,2175.0,4760.0,0.0074,0.007410838351088467,0.054289869122637,0.028855250709555413,0.37897294062572906,0.31219484588243557,0.3013771844417423,8.46821300919452,-0.4042553191489362,1.0092472904444667,0.9809596115249599,0.9557671512224143,56.76274944567627,-39.452797586112865,0.594193326263274,-0.10160919540229885,0,0
2022-05-31,2182.0,2180.0,2182.0,2177.0,7460.0,0.0032,0.003218390804597737,0.010185185185185075,0.03021718602455148,0.26168048334660754,0.3122191858767957,0.30151913760070725,8.917444732471514,0.5672268907563025,1.01102101605163,0.9878741690372528,0.9614860152486447,57.048458149779734,-33.77862956735589,0.6392215838105046,-0.1597158570119157,0,0
2022-06-01,2169.0,2160.0,2169.0,2149.0,8180.0,-0.006,-0.00595783684692941,-0.01049270072992703,0.03680688336520066,0.24676599855016884,0.3076156675088531,0.3017778072196625,9.009569671513699,0.09651474530831106,1.0065298816666113,0.9861332120936577,0.9680446854804664,58.730158730158735,-29.985151722833052,0.6264152422144801,-0.10373443983402486,0,0
2022-06-06,2214.5,2195.0,2214.5,2185.0,11750.0,0.021,0.02097740894421385,0.021212819921604842,0.07552209810587662,0.2687946633712611,0.3041936462825359,0.3075166823748127,9.371693622333941,0.4364303178484108,1.0245200092528337,1.0100265296348943,0.9761939150161207,67.14443219404632,-23.041712936123076,0.8787474929079381,-0.09753894784375705,0,0
2022-06-07,2223.5,2185.0,2223.5,2172.0,10200.0,0.0040999999999999995,0.004064122826823224,0.05704777751366774,0.061336515513126466,0.13897885482250064,0.29913156019230924,0.3080461031403098,9.23024103368252,-0.13191489361702124,1.0205894888692173,1.0168832653683448,0.9830405122146423,65.06447831184056,-16.621164451537425,0.9302029001061356,-0.10658871149089277,0,0
2022-06-08,2232.5,2240.0,2240.0,2232.5,11600.0,0.004,0.004047672588261664,0.049353701527614646,0.06233642636212222,0.13838877917885797,0.2990774493031687,0.3003096495259687,9.358846580275406,0.13725490196078427,1.0177135228419782,1.023433142577722,0.9896734378905478,65.26806526806527,-10.683456499778913,0.9194542943151293,-0.08958566629339304,0,0
2022-06-09,2196.0,2205.0,2205.0,2195.0,8810.0,-0.0163,-0.01634938409854425,0.01713756368689201,0.06913339824732234,0.18304186285463425,0.2891057691898862,0.27937933607192716,9.08375621986673,-0.2405172413793103,0.9986681825564397,1.0087198842452592,0.9963175905865059,66.98564593301435,-8.821338229884987,0.7308333772695437,-0.08378870673952643,0,0
2022-06-10,2148.0,2164.0,2164.0,2148.0,6550.0,-0.0219,-0.021857923497267784,-0.012413793103448256,0.04120213281628704,0.22855906242739188,0.31071283346022305,0.2827041672476296,8.787372988731876,-0.25652667423382525,0.978555855650646,0.9892766950421026,1.001744634235404,59.29978118161926,-11.090945417519379,0.5099901431650371,-0.06075418994413406,0,0
2022-06-13,2098.0,2110.0,2110.0,2098.0,8650.0,-0.0233,-0.02327746741154557,-0.03849679193400546,-0.028703703703703676,0.25802948195246395,0.2563224431880908,0.29478968361263347,9.065430200180375,0.32061068702290085,0.9610313123711678,0.968978523593257,1.002529223528377,42.4390243902439,-16.731339135267262,0.28301709261567676,-0.04480457578646335,0,0
2022-06-14,2075.5,2094.0,2094.0,2075.5,9700.0,-0.010700000000000001,-0.010724499523355524,-0.043107422775472526,-0.053147810218978075,0.2599786048726453,0.24664955410704534,0.2940429098699616,9.179984251961283,0.12138728323699421,0.956577561232552,0.9612430625776721,1.001453371369466,35.45568039950062,-22.75465228580697,0.17026117382885497,-0.025295109612141653,0,0
2022-06-15,2077.0,2095.0,2095.0,2077.0,8380.0,0.0007000000000000001,0.0007227174174897488,-0.062090765409799076,-0.04219506571362697,0.1902275527527338,0.24518179584567218,0.28854532383505727,9.033722518098907,-0.13608247422680408,0.9660144181256437,0.964670547436215,1.001262872005379,37.912813738441216,-27.094801879126862,0.1873953377238192,-0.03081367356764564,0,0
2022-06-16,2101.0,2082.0,2101.0,2080.0,8850.0,0.0116,0.011555127587867142,-0.05509332134022937,-0.0011884953648680918,0.215547863684379,0.21833144151826697,0.2848740369790098,9.088285725968877,0.056085918854415384,0.9851956055734191,0.9780888240588437,1.0035103548262667,49.62962962962963,-28.271901396637986,0.2963193914976112,-0.049500237981913386,0,0
2022-06-17,2061.5,2085.0,2085.0,2061.5,10150.0,-0.018799999999999997,-0.01880057115659206,-0.07659574468085106,-0.031022326674500555,0.20533813145441035,0.22524866818776387,0.2921593562660615,9.225327501784431,0.14689265536723162,0.9778749068238801,0.9629877612033261,1.0047458147408321,40.65155807365439,-32.02294060384338,0.1112575745672018,-0.01309725927722527,0,0
2022-06-20,2068.5,2058.0,2068.5,2057.0,9510.0,0.0034000000000000002,0.00339558573853993,-0.05806010928961747,-0.041917554423344106,0.21848766083826948,0.2134888823835091,0.2813427146353288,9.160204302482386,-0.0630541871921182,0.9897467445914077,0.9694048911557719,1.0049889030104142,36.22526636225266,-34.03845063109702,0.13922534384202567,-0.007009910563210098,0,0
2022-06-21,2065.5,2080.0,2080.0,2065.5,16520.0,-0.0015,-0.0014503263234227903,-0.03840782122905029,-0.05034482758620684,0.19926237702742847,0.20838601447910068,0.28104983773265135,9.712387577930592,0.737118822292324,0.9939162713961641,0.9705080816940233,1.0039189056151214,32.64659270998415,-35.46896759682477,0.1646685606508922,-0.00750423626240615,0,0
2022-06-22,2020.5,2038.0,2038.0,2020.5,11310.0,-0.0218,-0.02178649237472763,-0.03693994280266921,-0.07401466544454627,0.1938052127458193,0.21924114682341836,0.23373199123136337,9.33353098253138,-0.3153753026634383,0.9774698503749266,0.9513458369300792,1.0005829531059067,27.157001414427157,-39.775281828128755,0.04306233845572172,0.00222717149220486,1,1
2022-06-23,1947.5,1992.0,1992.0,1947.5,14730.0,-0.0361,-0.03612967087354613,-0.06167188629245968,-0.10212079299216226,0.2690265152170733,0.2551833235516258,0.25062666054291477,9.597709395814938,0.3023872679045092,0.9505630512847332,0.9193765391787375,0.9957355405713746,23.216444981862153,-48.519257002761606,-0.09272137641813524,0.05032092426187429,1,1
2022-06-24,1915.0,1915.0,1915.0,1900.0,13120.0,-0.0167,-0.016688061617458283,-0.07799711121810304,-0.1352449762926169,0.2630102707133044,0.22137397392230868,0.2530348925724246,9.481969279105716,-0.10930074677528856,0.9453788920624846,0.9069310369323786,0.988795009680471,12.609238451935084,-57.40961639026318,-0.06799551971117787,0.08093994778067892,1,1
2022-06-27,2003.5,1988.0,2003.5,1981.0,13510.0,0.0462,0.04621409921671016,-0.0464064731080438,-0.09894310771306503,0.4234301784903893,0.3230338294670333,0.29534987907330446,9.51125944745996,0.029725609756097615,0.995916773185627,0.9501715225192469,0.9827257965803898,27.08333333333333,-56.66092797431429,0.21454419286201615,0.07961068130771154,1,1
2022-06-28,1971.0,1995.0,1995.0,1971.0,8620.0,-0.016200000000000003,-0.01622161217868734,-0.04390007276255159,-0.11713325867861146,0.4205472278944941,0.32076294971780794,0.294872952686993,9.061956366209925,-0.3619541080680977,0.986098702783833,0.9360604093780177,0.9752240588172771,24.0317775571003,-58.02123274273799,0.16529092214123609,0.09868087265347536,1,1
2022-06-29,1932.5,1963.0,1963.0,1932.5,14070.0,-0.0195,-0.019533231861998956,-0.06574812666183227,-0.11999089253187611,0.42131556354333993,0.32251988813668964,0.29203879949993733,9.551871220788255,0.6322505800464038,0.9763270903251416,0.9201431598327157,0.9687775977761931,23.93669634025717,-61.49701302862263,0.11550048169926239,0.12470892626131946,1,1
2022-06-30,1907.5,1920.0,1920.0,1907.5,15400.0,-0.0129,-0.012936610608020649,-0.0764947954490438,-0.11196461824953441,0.4178689314956262,0.3177569351848704,0.2895481727127511,9.642187721358466,0.0945273631840795,0.9748129220660705,0.9110447761194029,0.9635650319829424,25.077720207253876,-65.51368404430286,0.1060122994243614,0.1528178243774574,1,1
2022-07-01,1934.5,1910.5,1934.5,1910.0,13190.0,0.014199999999999999,0.014154652686762859,-0.04256372185102697,-0.0779313632030505,0.4342674005274115,0.32310838228640915,0.29636772165953545,9.48729005784892,-0.14350649350649347,0.9948572897917203,0.9257014339718947,0.9598132395733403,32.208922742110985,-65.76020767146792,0.2037256901045871,0.1289738950633239,1,1
2022-07-04,1957.5,1940.0,1957.5,1940.0,7800.0,0.011899999999999999,0.01188937710002591,0.005134788189987249,-0.05685377017586124,0.3867449688190946,0.33030367913653474,0.30244564840658994,8.962007209588313,-0.4086429112964367,1.005946481665015,0.9382863990413421,0.9573910810579475,37.17391304347826,-63.36919105262018,0.27964795413833327,0.11264367816091947,1,1
2022-07-05,1939.0,1940.0,1940.0,1929.0,10720.0,-0.0095,-0.009450830140485311,0.012532637075717945,-0.0664419836302359,0.3751196417280353,0.3303205241755896,0.28791213892290285,9.27995971385624,0.37435897435897436,0.9946868931149463,0.9327122734160167,0.9560421059382842,35.534591194968556,-62.24951488625675,0.2537056108877237,0.11578133058277462,1,1
2022-07-06,1969.0,1976.0,1976.0,1969.0,13640.0,0.0155,0.015471892728210479,-0.017219865235837295,-0.06282722513089001,0.2461796200871313,0.3344488065580221,0.2956206046368693,9.52083524249312,0.2723880597014925,1.0126368378517376,0.9505418909459559,0.9549211559880416,36.33540372670808,-58.26971715037348,0.34882447180265513,0.07541899441340782,1,1
2022-07-07,1971.0,2000.0,2000.0,1971.0,13400.0,0.001,0.001015744032503818,0.0,-0.04390007276255159,0.2263894971914887,0.32844458202536314,0.29455756729380433,9.503084610020228,-0.017595307917888547,1.0136654176768791,0.9545410518838988,0.9548350867806522,39.84287317620651,-54.32805548094507,0.37237419431037316,0.05149670218163371,1,1
2022-07-08,1917.5,1955.0,1955.0,1917.5,11390.0,-0.0271,-0.027143581938102512,-0.0077619663648124115,-0.07299975827894611,0.2566710500370774,0.3421789575781873,0.30173668981515456,9.340578848899913,-0.15000000000000002,0.9872388937922919,0.9314281088082902,0.9524715488527018,34.65447154471545,-54.88854214471553,0.20718787189273263,0.06492829204693606,1,1
2022-07-11,1942.0,1925.0,1942.0,1924.0,7910.0,0.0128,0.01277705345501956,0.018086500655307924,-0.05979181796175259,0.25278509520849857,0.3504142415897975,0.30303659373554376,8.976009475021396,-0.305531167690957,0.9973221818715381,0.946170898667468,0.9510430454165281,37.9746835443038,-52.747743466533166,0.317509154380086,0.03681771369721942,1,1
2022-07-12,1938.5,1930.0,1938.5,1925.0,9580.0,-0.0018,-0.0018022657054582725,0.002067717756526255,-0.04058401385795596,0.24016157852872944,0.3410708133242801,0.29540911178362633,9.167537249650874,0.21112515802781284,0.995232681799846,0.9478599602307918,0.951597055029594,41.313559322033896,-50.74856793842423,0.3237720483449754,0.019344854268764422,1,1
2022-07-13,1954.0,1950.0,1954.0,1950.0,9670.0,0.008,0.007995873097756068,-0.001787994891443212,0.003337612323491612,0.2333745483023738,0.30701645527851773,0.2968300492724956,9.176886995716963,0.009394572025052117,1.003448022889003,0.9588929056319827,0.9552649843082179,50.78407720144754,-47.367463830208635,0.4054040614876414,0.00972364380757429,1,1
2022-07-14,1833.5,1875.0,1875.0,1833.5,21960.0,-0.0617,-0.06166837256908908,-0.05440948942753998,-0.04255874673629245,0.43973388256282564,0.40061704358619654,0.3597702615523543,9.997023431927293,1.2709410548086866,0.9489113156630069,0.9049181946055326,0.9578687235820221,41.89054726368159,-53.79118609493753,-0.05392089117090827,0.07772020725388606,1,1
2022-07-15,1944.0,1900.0,1944.0,1895.0,15930.0,0.0603,0.06026724843196063,-0.012696800406297615,-0.029698028450212077,0.5937188651890198,0.43675469812432977,0.42315238189636095,9.676022175572895,-0.27459016393442626,1.0079626680493314,0.9630198399920739,0.9593221778345499,44.32793136320305,-49.396197144569214,0.441035804855863,0.02134773662551437,1,1
2022-07-18,1998.5,1971.0,1998.5,1968.0,9840.0,0.027999999999999997,0.028034979423868345,0.013952308472856334,0.013952308472856334,0.6195673583510689,0.4486244499704617,0.4326079499849768,9.194312610898985,-0.3822975517890772,1.0341144293317563,0.993561858360884,0.9637326306893037,52.516010978957,-41.04233176015441,0.7379914928393961,-0.005504128096072036,0,0
2022-07-19,1986.5,1970.0,1986.5,1960.0,13440.0,-0.006,-0.00600450337753311,0.03598435462842242,0.027943078913324815,0.5891259142802312,0.43999853549480067,0.4325962037157164,9.506065016071148,0.36585365853658547,1.0226888284180335,0.9914901050635123,0.969457783862216,55.192307692307686,-34.98682660985651,0.7297504556299955,-0.018374024666498845,0,0
2022-07-20,2032.5,2012.0,2032.5,2010.0,11130.0,0.0232,0.02315630505914923,0.046601441812564426,0.06553079947575369,0.5976245688057217,0.4423649322428247,0.4409991460542852,9.317489287493226,-0.171875,1.0394520547945205,1.0178361279660804,0.9771656068802455,61.55268022181146,-26.174259023613104,0.9946541663054562,-0.06469864698646988,0,0
2022-07-21,2012.0,1994.0,2012.0,1992.0,8770.0,-0.0101,-0.010086100861008584,0.037915914366778436,0.04006203153269583,0.6048535747028833,0.44449138268003485,0.4356800018044849,9.079206103951382,-0.2120395327942498,1.0234721313858004,1.0106743689564235,0.9829568899015089,57.24976613657624,-20.60687121075989,0.8348656437940166,-0.06138170974155066,0,0
2022-07-22,2017.5,2001.0,2017.5,1999.0,6420.0,0.0027,0.0027335984095426813,0.032497441146366324,0.03065134099616862,0.6049324518789196,0.44270565028192,0.41521449959039103,8.76732914779405,-0.2679589509692132,1.0215559333068105,1.0156564639548933,0.9872669869397618,55.8027079303675,-15.571375104270828,0.8273904259137776,-0.07038413878562577,0,0
2022-07-25,2004.0,2020.0,2020.0,2004.0,4940.0,-0.0067,-0.006691449814126393,0.0929915462230706,0.033522434244456,0.4073423303879232,0.4414120407857463,0.4109651623049053,8.50532301884575,-0.23052959501557635,1.002357984994641,1.0104541329120307,0.9911677703452217,56.34765625,-12.525657355833346,0.7526982540337951,-0.05538922155688619,0,0
2022-07-26,2023.0,2012.0,2023.0,2009.0,8260.0,0.0095,0.00948103792415167,0.04063786008230452,0.027425088877602866,0.23955426887714742,0.4387806507658965,0.3802693308396959,9.019300924562506,0.6720647773279351,1.0061816114821656,1.0209351422731745,0.9939896928399002,55.38922155688623,-8.480999206990873,0.8270943450106327,-0.059812160158180916,0,0
2022-07-27,2013.0,2013.0,2014.0,2013.0,6860.0,-0.0049,-0.004943153732081096,0.007255441581185851,0.021308980213089912,0.18695783718245376,0.4398432501083135,0.3759146053998831,8.833608482690892,-0.1694915254237288,1.000177449693012,1.0169834039220969,0.9965766153720315,54.12573673870334,-6.013178729043602,0.7488129621482247,-0.04769001490312963,0,0
2022-07-28,1997.0,2014.0,2014.0,1997.0,11300.0,-0.0079,-0.007948335817188235,0.005285678328718957,0.04146023468057369,0.19038915278385027,0.4225005880461917,0.36993021388251457,9.332646496360152,0.6472303206997085,0.9914887580679481,1.010670153093501,1.001198961301867,58.430540827147404,-5.287528169636971,0.6476562930033563,-0.02403605408112164,0,0
2022-07-29,2034.5,2022.0,2034.5,2022.0,10770.0,0.018799999999999997,0.01877816725087622,0.0009840098400983877,0.04763130792996906,0.1694744810222379,0.4258812392913926,0.37029917713459637,9.28461261635077,-0.04690265486725664,1.0099638323523155,1.0301178893005123,1.0050005605739312,59.54592363261094,-1.6672888063453684,0.8111121258829758,-0.040304743180142544,0,0
2022-08-01,2054.0,2055.0,2059.5,2054.0,9940.0,0.0096,0.009584664536741228,0.020874751491053667,0.05958215114779475,0.16022864807300002,0.4257879474025668,0.3689525307742484,9.204422898212146,-0.07706592386258126,1.0166159937778407,1.0402457964751164,1.009424770651052,61.53846153846154,2.7436370629723115,0.864562011615141,-0.04454722492697172,0,0
